Order_ID,Order_Date,Customer_Name,Customer_Segment,Country,Region,Product_Category,Product_Name,Quantity,Unit_Price,Discount_Percent,Total_Sales,Shipping_Cost,Profit,Payment_Method,Year,Month,Month_Name,Quarter,Revenue_Per_Order,Profit_Margin,Shipping_Cost_Ratio,Discount_Value,Gross_Sales,Net_Sales_After_Shipping,Order_Size,Profit_Status,Discount_Level
ORD-11121,2023-01-02,Karen Suzuki,Corporate,United States,North America,Technology,Wireless Bluetooth Headphones,3,99.43,0,298.29,9.31,124.92,Cash on Delivery,2023,1,January,1,298.29,0.4187870863924369,0.031211237386436018,0.0,298.29,288.98,Medium,Profitable,No Discount
ORD-11244,2023-01-02,John Johansson,Corporate,Spain,Europe,Technology,Mechanical Gaming Keyboard,4,97.93,20,313.38,14.31,83.62,Cash on Delivery,2023,1,January,1,313.38,0.26683259940008935,0.0456634118322803,78.34400000000001,391.72,299.07,Medium,Profitable,Medium
ORD-10325,2023-01-03,Jessica Garcia,Consumer,Mexico,North America,Office Supplies,Binder Clips Assorted 48pc,2,10.74,0,21.48,8.12,3.69,Credit Card,2023,1,January,1,21.48,0.1717877094972067,0.37802607076350087,0.0,21.48,13.360000000000001,Low,Profitable,No Discount
ORD-10467,2023-01-03,Clara Taylor,Corporate,Italy,Europe,Technology,Webcam HD 1080p,2,61.86,15,105.16,10.79,26.32,PayPal,2023,1,January,1,105.16,0.2502852795739825,0.10260555344237351,18.558,123.72,94.37,Low,Profitable,Medium
ORD-11454,2023-01-05,Felix Thomas,Consumer,Italy,Europe,Furniture,Standing Desk Converter,4,330.67,20,1058.14,11.09,253.44,Credit Card,2023,1,January,1,1058.14,0.2395146199935736,0.010480654733778138,264.536,1322.68,1047.0500000000002,Medium,Profitable,Medium
ORD-11746,2023-01-05,Fatima Suzuki,Consumer,Mexico,North America,Furniture,Bookshelf 5-Tier,1,61.93,10,55.74,5.88,12.7,PayPal,2023,1,January,1,55.74,0.22784355938284892,0.10548977395048438,6.1930000000000005,61.93,49.86,Low,Profitable,Low
ORD-11162,2023-01-06,Felix Rodriguez,Home Office,United States,North America,Office Supplies,Premium Notebook Set A5,2,15.03,5,28.56,6.59,8.44,PayPal,2023,1,January,1,28.56,0.29551820728291317,0.23074229691876752,1.5030000000000001,30.06,21.97,Low,Profitable,Low
ORD-11271,2023-01-06,Ayumi Ferrari,Home Office,Nigeria,Middle East & Africa,Technology,Laptop Stand Adjustable,2,33.91,10,61.04,14.38,9.36,Bank Transfer,2023,1,January,1,61.04,0.15334207077326342,0.23558322411533422,6.782,67.82,46.66,Low,Profitable,Low
ORD-11702,2023-01-06,Thomas Smith,Consumer,China,Asia Pacific,Furniture,Standing Desk Converter,2,334.11,5,634.81,11.92,221.96,Bank Transfer,2023,1,January,1,634.81,0.3496479261511319,0.018777271939635482,33.411,668.22,622.89,Low,Profitable,Low
ORD-10847,2023-01-07,Ali Rodriguez,Consumer,Saudi Arabia,Middle East & Africa,Furniture,Folding Table Portable,1,58.77,5,55.83,12.03,8.54,Credit Card,2023,1,January,1,55.83,0.15296435608096004,0.21547555077915098,2.9385000000000003,58.77,43.8,Low,Profitable,Low
ORD-10446,2023-01-08,Raj Martinez,Corporate,Colombia,South America,Clothing & Accessories,Leather Wallet Minimalist,2,38.91,15,66.15,14.25,12.99,Credit Card,2023,1,January,1,66.15,0.1963718820861678,0.21541950113378683,11.672999999999998,77.82,51.900000000000006,Low,Profitable,Medium
ORD-11499,2023-01-08,Kenji Rossi,Corporate,Spain,Europe,Office Supplies,Paper Clips Box 500pc,3,7.8,10,21.06,12.61,-2.08,Cash on Delivery,2023,1,January,1,21.06,-0.09876543209876544,0.5987654320987654,2.34,23.4,8.45,Medium,Loss-Making,Low
ORD-10271,2023-01-09,Mary Khan,Corporate,United Kingdom,Europe,Technology,Webcam HD 1080p,1,48.73,10,43.86,8.11,8.95,Credit Card,2023,1,January,1,43.86,0.20405836753305973,0.184906520747834,4.873,48.73,35.75,Low,Profitable,Low
ORD-11356,2023-01-12,Maria Tanaka,Consumer,Colombia,South America,Clothing & Accessories,Travel Backpack 30L,1,59.48,0,59.48,11.42,18.32,Credit Card,2023,1,January,1,59.48,0.30800268997982516,0.19199731002017487,0.0,59.48,48.059999999999995,Low,Profitable,No Discount
ORD-10793,2023-01-13,Zara Brown,Corporate,Italy,Europe,Office Supplies,Tape Dispenser Heavy Duty,1,15.82,0,15.82,9.16,-0.46,PayPal,2023,1,January,1,15.82,-0.029077117572692796,0.5790139064475348,0.0,15.82,6.66,Low,Loss-Making,No Discount
ORD-11330,2023-01-13,Marco Moreau,Corporate,Japan,Asia Pacific,Clothing & Accessories,Business Casual Blazer,3,51.92,30,109.03,13.39,17.76,PayPal,2023,1,January,1,109.03,0.16289094744565716,0.12281023571494085,46.727999999999994,155.76,95.64,Medium,Profitable,High
ORD-11886,2023-01-13,Christopher Johansson,Consumer,Nigeria,Middle East & Africa,Furniture,Corner L-Shaped Desk,3,358.6,15,914.43,14.74,254.21,Cash on Delivery,2023,1,January,1,914.43,0.2779983158907735,0.016119331168050043,161.37000000000003,1075.8000000000002,899.6899999999999,Medium,Profitable,Medium
ORD-10339,2023-01-14,Susan Davis,Home Office,Australia,Asia Pacific,Furniture,Ergonomic Office Chair,2,446.8,5,848.92,13.59,299.17,Cash on Delivery,2023,1,January,1,848.92,0.3524124770296377,0.01600857560194129,44.68000000000001,893.6,835.3299999999999,Low,Profitable,Low
ORD-10402,2023-01-14,Jamal Schmidt,Consumer,Mexico,North America,Furniture,Folding Table Portable,6,96.58,0,579.48,10.22,221.57,Credit Card,2023,1,January,1,579.48,0.3823600469386346,0.017636501691171397,0.0,579.48,569.26,High,Profitable,No Discount
ORD-10560,2023-01-14,Sarah Davis,Home Office,Italy,Europe,Clothing & Accessories,Wool Blend Scarf,1,27.9,5,26.5,8.93,3.62,PayPal,2023,1,January,1,26.5,0.13660377358490566,0.3369811320754717,1.395,27.9,17.57,Low,Profitable,Low
ORD-10686,2023-01-15,Clara Smith,Corporate,Colombia,South America,Office Supplies,Whiteboard Markers Set 8,5,9.91,25,37.16,20.73,-5.87,Cash on Delivery,2023,1,January,1,37.16,-0.1579655543595264,0.5578579117330463,12.3875,49.55,16.429999999999996,Medium,Loss-Making,High
ORD-11718,2023-01-15,Robert Khan,Consumer,Colombia,South America,Clothing & Accessories,Wool Blend Scarf,2,47.0,10,84.6,14.83,22.77,Credit Card,2023,1,January,1,84.6,0.2691489361702128,0.17529550827423168,9.4,94.0,69.77,Low,Profitable,Low
ORD-10736,2023-01-17,Jennifer Russo,Home Office,United States,North America,Technology,Smart LED Desk Lamp,2,32.91,0,65.82,7.55,22.07,PayPal,2023,1,January,1,65.82,0.335308416894561,0.11470677605591006,0.0,65.82,58.269999999999996,Low,Profitable,No Discount
ORD-10846,2023-01-17,Yuki Costa,Corporate,UAE,Middle East & Africa,Office Supplies,Sticky Notes Multicolor 6-Pack,2,11.41,5,21.68,15.26,-3.85,Bank Transfer,2023,1,January,1,21.68,-0.1775830258302583,0.7038745387453874,1.141,22.82,6.42,Low,Loss-Making,Low
ORD-11128,2023-01-18,Amir Oliveira,Consumer,Mexico,North America,Furniture,Standing Desk Converter,5,333.59,10,1501.15,9.02,491.36,Credit Card,2023,1,January,1,1501.15,0.32732238617060255,0.006008726642907104,166.795,1667.9499999999998,1492.13,Medium,Profitable,Low
ORD-10279,2023-01-20,Ivan Zhang,Consumer,UAE,Middle East & Africa,Office Supplies,Desk Calendar 2025,7,10.6,20,59.36,18.26,7.71,Bank Transfer,2023,1,January,1,59.36,0.12988544474393532,0.30761455525606474,14.840000000000002,74.2,41.099999999999994,High,Profitable,Medium
ORD-10344,2023-01-20,Sakura Martinez,Home Office,Australia,Asia Pacific,Furniture,Floating Wall Shelves Set,2,67.38,5,128.02,11.0,36.16,Cash on Delivery,2023,1,January,1,128.02,0.28245586627089514,0.08592407436338072,6.7379999999999995,134.76,117.02000000000001,Low,Profitable,Low
ORD-10589,2023-01-20,Mary Davis,Consumer,Argentina,South America,Technology,Portable External SSD 1TB,4,121.25,0,485.0,18.53,199.72,PayPal,2023,1,January,1,485.0,0.4117938144329897,0.03820618556701031,0.0,485.0,466.47,Medium,Profitable,No Discount
ORD-11029,2023-01-20,Karen Rossi,Home Office,Japan,Asia Pacific,Office Supplies,Whiteboard Markers Set 8,4,19.92,0,79.68,16.01,27.81,Cash on Delivery,2023,1,January,1,79.68,0.34902108433734935,0.20092871485943775,0.0,79.68,63.67,Medium,Profitable,No Discount
ORD-11026,2023-01-22,Chen Singh,Consumer,China,Asia Pacific,Technology,Smart LED Desk Lamp,3,34.98,5,99.69,14.67,27.3,Credit Card,2023,1,January,1,99.69,0.27384893168823354,0.14715618417092988,5.247,104.94,85.02,Medium,Profitable,Low
ORD-10968,2023-01-23,Wei Müller,Consumer,Canada,North America,Furniture,Floating Wall Shelves Set,4,37.18,5,141.28,12.28,39.77,Credit Card,2023,1,January,1,141.28,0.2814977349943375,0.08691959229898075,7.436,148.72,129.0,Medium,Profitable,Low
ORD-11723,2023-01-23,Raj Costa,Consumer,United Kingdom,Europe,Office Supplies,Stapler Full-Size,1,8.54,15,7.26,7.97,-4.55,Credit Card,2023,1,January,1,7.26,-0.6267217630853994,1.0977961432506886,1.281,8.54,-0.71,Low,Loss-Making,Medium
ORD-10408,2023-01-24,Hanna Sato,Consumer,Germany,Europe,Office Supplies,Paper Clips Box 500pc,2,8.53,5,16.21,9.3,-0.77,Credit Card,2023,1,January,1,16.21,-0.047501542257865514,0.5737199259716225,0.853,17.06,6.91,Low,Loss-Making,Low
ORD-11828,2023-01-24,Sarah Zhang,Home Office,South Africa,Middle East & Africa,Clothing & Accessories,Canvas Messenger Bag,4,57.87,20,185.18,13.88,55.56,PayPal,2023,1,January,1,185.18,0.3000324009072254,0.07495409871476401,46.296,231.48,171.3,Medium,Profitable,Medium
ORD-11035,2023-01-25,Linda Russo,Corporate,Italy,Europe,Office Supplies,Whiteboard Markers Set 8,8,15.41,10,110.95,21.9,33.57,PayPal,2023,1,January,1,110.95,0.3025687246507436,0.1973862100045065,12.328000000000001,123.28,89.05000000000001,High,Profitable,Low
ORD-10599,2023-01-26,Chen Laurent,Consumer,United States,North America,Technology,Mechanical Gaming Keyboard,1,167.57,5,159.19,6.21,60.82,PayPal,2023,1,January,1,159.19,0.38205917457126704,0.03900998806457692,8.3785,167.57,152.98,Low,Profitable,Low
ORD-10780,2023-01-27,David Anderson,Consumer,Saudi Arabia,Middle East & Africa,Furniture,Ergonomic Office Chair,2,212.13,0,424.26,14.72,154.98,Cash on Delivery,2023,1,January,1,424.26,0.3652948663555367,0.034695705463630794,0.0,424.26,409.53999999999996,Low,Profitable,No Discount
ORD-10636,2023-01-28,Ayumi Tanaka,Corporate,South Korea,Asia Pacific,Office Supplies,Ballpoint Pen Pack 12,5,9.02,15,38.33,17.7,0.34,Credit Card,2023,1,January,1,38.33,0.008870336551004436,0.46177928515523087,6.764999999999999,45.099999999999994,20.63,Medium,Profitable,Medium
ORD-10694,2023-01-28,Susan Johansson,Consumer,Mexico,North America,Technology,Webcam HD 1080p,3,55.78,0,167.34,9.38,65.92,Credit Card,2023,1,January,1,167.34,0.39392852874387474,0.056053543683518586,0.0,167.34,157.96,Medium,Profitable,No Discount
ORD-10711,2023-01-28,Mary Ferrari,Consumer,United Kingdom,Europe,Office Supplies,Premium Notebook Set A5,5,10.25,0,51.25,18.89,9.3,PayPal,2023,1,January,1,51.25,0.18146341463414636,0.36858536585365853,0.0,51.25,32.36,Medium,Profitable,No Discount
ORD-10383,2023-01-29,Michael Harris,Home Office,Argentina,South America,Clothing & Accessories,Canvas Messenger Bag,1,54.25,0,54.25,11.58,15.54,Credit Card,2023,1,January,1,54.25,0.2864516129032258,0.2134562211981567,0.0,54.25,42.67,Low,Profitable,No Discount
ORD-10435,2023-01-30,Priya Martin,Consumer,Canada,North America,Office Supplies,Stapler Full-Size,4,16.61,5,63.12,8.4,24.82,Bank Transfer,2023,1,January,1,63.12,0.3932192648922687,0.13307984790874525,3.322,66.44,54.72,Medium,Profitable,Low
ORD-10017,2023-01-31,Kenji Nilsson,Home Office,Japan,Asia Pacific,Clothing & Accessories,Silk Tie Collection,3,18.32,0,54.96,12.91,14.57,Credit Card,2023,1,January,1,54.96,0.2651018922852984,0.2348981077147016,0.0,54.96,42.05,Medium,Profitable,No Discount
ORD-11220,2023-01-31,Amir Hassan,Consumer,United States,North America,Clothing & Accessories,Cotton Formal Shirt,4,53.6,0,214.4,8.52,98.68,PayPal,2023,1,January,1,214.4,0.4602611940298508,0.03973880597014925,0.0,214.4,205.88,Medium,Profitable,No Discount
ORD-11237,2023-01-31,Ahmed Garcia,Home Office,India,Asia Pacific,Furniture,Corner L-Shaped Desk,4,429.23,5,1631.07,12.2,588.72,Credit Card,2023,1,January,1,1631.07,0.36094097739520686,0.0074797525550712105,85.846,1716.92,1618.87,Medium,Profitable,Low
ORD-11655,2023-01-31,Li Wang,Corporate,Brazil,South America,Technology,USB-C Hub Multiport Adapter,2,28.99,10,52.18,12.7,7.59,Credit Card,2023,1,January,1,52.18,0.14545802989651208,0.24338827136834035,5.798,57.98,39.480000000000004,Low,Profitable,Low
ORD-11858,2023-01-31,Ava Martinez,Corporate,Nigeria,Middle East & Africa,Office Supplies,Binder Clips Assorted 48pc,3,8.65,5,24.65,17.04,-4.07,Credit Card,2023,1,January,1,24.65,-0.16511156186612577,0.6912778904665314,1.2975000000000003,25.950000000000003,7.609999999999999,Medium,Loss-Making,Low
ORD-10787,2023-02-01,Ahmed Clark,Consumer,Canada,North America,Technology,Tablet Stand Holder,3,19.94,0,59.82,8.61,18.31,Bank Transfer,2023,2,February,1,59.82,0.3060849214309595,0.14393179538615847,0.0,59.82000000000001,51.21,Medium,Profitable,No Discount
ORD-10950,2023-02-02,William Sharma,Corporate,Italy,Europe,Technology,Webcam HD 1080p,6,32.72,5,186.5,10.11,68.41,PayPal,2023,2,February,1,186.5,0.3668096514745308,0.05420911528150134,9.816,196.32,176.39,High,Profitable,Low
ORD-10374,2023-02-03,Felix Smith,Corporate,Colombia,South America,Clothing & Accessories,Canvas Messenger Bag,12,25.43,5,289.9,23.56,113.76,Bank Transfer,2023,2,February,1,289.9,0.3924111762676786,0.08126940324249741,15.258,305.15999999999997,266.34,High,Profitable,Low
ORD-10745,2023-02-03,Yuki Kumar,Corporate,Canada,North America,Furniture,Standing Desk Converter,4,274.83,10,989.39,10.28,319.52,Credit Card,2023,2,February,1,989.39,0.3229464619614105,0.010390240451187095,109.932,1099.32,979.11,Medium,Profitable,Low
ORD-11670,2023-02-03,Jamal Rossi,Corporate,South Korea,Asia Pacific,Furniture,Floating Wall Shelves Set,1,60.16,15,51.14,10.85,4.19,Bank Transfer,2023,2,February,1,51.14,0.08193195150567072,0.2121626906531091,9.024,60.16,40.29,Low,Profitable,Medium
ORD-11158,2023-02-04,Maria Sharma,Home Office,Japan,Asia Pacific,Office Supplies,Desk Calendar 2025,10,8.37,15,71.14,24.19,9.29,Cash on Delivery,2023,2,February,1,71.14,0.13058757379814448,0.3400337362946303,12.554999999999998,83.69999999999999,46.95,High,Profitable,Medium
ORD-11430,2023-02-04,Karen Martinez,Home Office,Colombia,South America,Office Supplies,Paper Clips Box 500pc,1,4.78,10,4.3,11.84,-9.69,Bank Transfer,2023,2,February,1,4.3,-2.2534883720930234,2.7534883720930234,0.47800000000000004,4.78,-7.54,Low,Loss-Making,Low
ORD-11760,2023-02-04,Sakura Thomas,Corporate,Argentina,South America,Technology,Webcam HD 1080p,7,79.23,15,471.42,19.84,146.54,Cash on Delivery,2023,2,February,1,471.42,0.3108480760256247,0.04208561367782444,83.1915,554.61,451.58000000000004,High,Profitable,Medium
ORD-10720,2023-02-05,Hans Chen,Consumer,Germany,Europe,Furniture,Bookshelf 5-Tier,1,188.93,5,179.48,9.2,56.92,Cash on Delivery,2023,2,February,1,179.48,0.31713839982170716,0.05125919322487185,9.4465,188.93,170.28,Low,Profitable,Low
ORD-11218,2023-02-05,Lucas Sharma,Consumer,Brazil,South America,Clothing & Accessories,Business Casual Blazer,10,138.7,15,1178.95,17.36,468.09,Credit Card,2023,2,February,1,1178.95,0.3970397387505831,0.014724967131769793,208.04999999999998,1387.0,1161.5900000000001,High,Profitable,Medium
ORD-10384,2023-02-07,Giulia Leroy,Consumer,China,Asia Pacific,Clothing & Accessories,Sports Water Bottle 750ml,1,8.96,0,8.96,11.08,-6.6,PayPal,2023,2,February,1,8.96,-0.7366071428571428,1.2366071428571428,0.0,8.96,-2.119999999999999,Low,Loss-Making,No Discount
ORD-11503,2023-02-07,Felix Yamamoto,Consumer,Japan,Asia Pacific,Technology,Noise Cancelling Earbuds,2,173.37,0,346.74,10.89,145.14,PayPal,2023,2,February,1,346.74,0.4185845301955355,0.03140681778854473,0.0,346.74,335.85,Low,Profitable,No Discount
ORD-11711,2023-02-07,Layla Khan,Home Office,Canada,North America,Technology,Noise Cancelling Earbuds,1,63.94,10,57.55,6.86,15.52,PayPal,2023,2,February,1,57.55,0.2696785403996525,0.11920069504778455,6.394,63.94,50.69,Low,Profitable,Low
ORD-10098,2023-02-08,Ava Jones,Consumer,Australia,Asia Pacific,Technology,Webcam HD 1080p,3,64.55,10,174.28,13.01,54.76,Credit Card,2023,2,February,1,174.28,0.3142070231810879,0.07464998852421391,19.365,193.64999999999998,161.27,Medium,Profitable,Low
ORD-10314,2023-02-08,Sakura Martin,Corporate,Japan,Asia Pacific,Office Supplies,Stapler Full-Size,5,14.53,5,69.02,11.87,24.46,Credit Card,2023,2,February,1,69.02,0.35439003187481893,0.17197913648217908,3.6325,72.64999999999999,57.15,Medium,Profitable,Low
ORD-10322,2023-02-08,Maria Laurent,Home Office,South Korea,Asia Pacific,Office Supplies,Paper Clips Box 500pc,1,9.63,10,8.67,10.44,-6.1,PayPal,2023,2,February,1,8.67,-0.7035755478662052,1.2041522491349481,0.9630000000000001,9.63,-1.7699999999999996,Low,Loss-Making,Low
ORD-11507,2023-02-09,Zara Suzuki,Consumer,Canada,North America,Furniture,Bookshelf 5-Tier,4,118.02,0,472.08,7.9,180.93,Bank Transfer,2023,2,February,1,472.08,0.3832613116420946,0.01673445178783257,0.0,472.08,464.18,Medium,Profitable,No Discount
ORD-11683,2023-02-09,Zara Costa,Consumer,United Kingdom,Europe,Furniture,Folding Table Portable,9,126.93,0,1142.37,23.14,433.81,PayPal,2023,2,February,1,1142.37,0.3797456165690626,0.02025613417719303,0.0,1142.3700000000001,1119.2299999999998,High,Profitable,No Discount
ORD-10642,2023-02-10,Olga Kim,Consumer,Argentina,South America,Furniture,Standing Desk Converter,8,289.71,10,2085.91,16.44,678.86,Bank Transfer,2023,2,February,1,2085.91,0.32545028308987445,0.007881452219894437,231.768,2317.68,2069.47,High,Profitable,Low
ORD-11011,2023-02-10,Hans Kim,Corporate,Japan,Asia Pacific,Clothing & Accessories,Travel Backpack 30L,2,81.58,15,138.69,11.8,45.31,Bank Transfer,2023,2,February,1,138.69,0.32669983416252074,0.08508183719085731,24.474,163.16,126.89,Low,Profitable,Medium
ORD-11270,2023-02-10,Isabella White,Consumer,Germany,Europe,Technology,Portable External SSD 1TB,9,111.98,5,957.43,24.38,378.75,Credit Card,2023,2,February,1,957.43,0.3955902781404385,0.025464002590267695,50.391000000000005,1007.82,933.05,High,Profitable,Low
ORD-11659,2023-02-10,Emma Oliveira,Consumer,Italy,Europe,Clothing & Accessories,Leather Wallet Minimalist,3,45.99,0,137.97,12.68,56.3,Credit Card,2023,2,February,1,137.97,0.40805972312821626,0.09190403710951656,0.0,137.97,125.28999999999999,Medium,Profitable,No Discount
ORD-10256,2023-02-11,Michael Zhang,Consumer,Canada,North America,Office Supplies,Paper Clips Box 500pc,3,4.96,10,13.39,7.09,-0.4,Cash on Delivery,2023,2,February,1,13.39,-0.029873039581777446,0.5294996265870052,1.488,14.879999999999999,6.300000000000001,Medium,Loss-Making,Low
ORD-10527,2023-02-12,Hanna Ahmed,Consumer,Saudi Arabia,Middle East & Africa,Clothing & Accessories,Travel Backpack 30L,8,80.13,25,480.78,18.17,142.09,Bank Transfer,2023,2,February,1,480.78,0.29554057989101046,0.0377927534423229,160.26,641.04,462.60999999999996,High,Profitable,High
ORD-11082,2023-02-12,Patricia Müller,Consumer,Australia,Asia Pacific,Clothing & Accessories,Wool Blend Scarf,1,43.57,5,41.39,10.06,9.54,PayPal,2023,2,February,1,41.39,0.2304904566320367,0.24305387774824838,2.1785,43.57,31.33,Low,Profitable,Low
ORD-10473,2023-02-15,Kenji Zhang,Corporate,United States,North America,Technology,Noise Cancelling Earbuds,2,143.15,5,271.99,8.58,105.94,Credit Card,2023,2,February,1,271.99,0.38949961395639543,0.031545277399904405,14.315000000000001,286.3,263.41,Low,Profitable,Low
ORD-11304,2023-02-15,Ayumi Martinez,Home Office,Canada,North America,Furniture,Folding Table Portable,8,126.81,10,913.03,22.05,282.29,Cash on Delivery,2023,2,February,1,913.03,0.3091793259805264,0.024150356505262698,101.44800000000001,1014.48,890.98,High,Profitable,Low
ORD-11560,2023-02-16,Ayumi Nilsson,Home Office,Nigeria,Middle East & Africa,Technology,Webcam HD 1080p,1,48.95,0,48.95,12.32,9.71,PayPal,2023,2,February,1,48.95,0.19836567926455567,0.251685393258427,0.0,48.95,36.63,Low,Profitable,No Discount
ORD-11196,2023-02-17,Mia Ali,Corporate,United States,North America,Furniture,Monitor Riser Wood,2,47.62,5,90.48,8.3,25.04,Bank Transfer,2023,2,February,1,90.48,0.2767462422634836,0.09173297966401416,4.762,95.24,82.18,Low,Profitable,Low
ORD-11355,2023-02-17,Lucas Schmidt,Home Office,Australia,Asia Pacific,Technology,Wireless Bluetooth Headphones,1,238.37,15,202.61,11.03,60.48,Credit Card,2023,2,February,1,202.61,0.29850451606534717,0.054439563693795955,35.7555,238.37,191.58,Low,Profitable,Medium
ORD-11569,2023-02-17,Barbara Davis,Consumer,United Kingdom,Europe,Clothing & Accessories,Cotton Formal Shirt,5,39.22,10,176.49,17.7,60.74,Credit Card,2023,2,February,1,176.49,0.34415547623094794,0.1002889682134965,19.61,196.1,158.79000000000002,Medium,Profitable,Low
ORD-10916,2023-02-18,Jessica Wang,Corporate,South Korea,Asia Pacific,Clothing & Accessories,Business Casual Blazer,2,72.23,20,115.57,13.08,30.26,Credit Card,2023,2,February,1,115.57,0.261832655533443,0.11317816042225491,28.892000000000003,144.46,102.49,Low,Profitable,Medium
ORD-10837,2023-02-19,Jamal Zhang,Consumer,Nigeria,Middle East & Africa,Clothing & Accessories,Leather Belt Classic,3,35.6,5,101.46,15.03,33.03,Credit Card,2023,2,February,1,101.46,0.3255470136014193,0.14813719692489652,5.340000000000001,106.80000000000001,86.42999999999999,Medium,Profitable,Low
ORD-10855,2023-02-19,Felix Johansson,Consumer,Canada,North America,Office Supplies,Sticky Notes Multicolor 6-Pack,5,4.37,15,18.57,11.28,-2.54,PayPal,2023,2,February,1,18.57,-0.1367797522886376,0.6074313408723747,3.2775000000000003,21.85,7.290000000000001,Medium,Loss-Making,Medium
ORD-11065,2023-02-19,Priya Wang,Consumer,France,Europe,Clothing & Accessories,Silk Tie Collection,2,20.92,0,41.84,10.6,10.32,Cash on Delivery,2023,2,February,1,41.84,0.24665391969407263,0.2533460803059273,0.0,41.84,31.240000000000002,Low,Profitable,No Discount
ORD-11922,2023-02-20,Sophie Park,Consumer,Mexico,North America,Clothing & Accessories,Leather Belt Classic,4,54.4,5,206.72,7.53,90.39,Cash on Delivery,2023,2,February,1,206.72,0.4372581269349845,0.036426083591331274,10.88,217.6,199.19,Medium,Profitable,Low
ORD-10594,2023-02-21,Ayumi Khan,Consumer,United States,North America,Technology,Smart LED Desk Lamp,8,72.89,0,583.12,14.27,248.13,Credit Card,2023,2,February,1,583.12,0.42552133351625737,0.024471806832212922,0.0,583.12,568.85,High,Profitable,No Discount
ORD-11419,2023-02-21,Michael Davis,Consumer,China,Asia Pacific,Furniture,Desk Organizer Set,6,54.39,0,326.34,17.34,113.2,PayPal,2023,2,February,1,326.34,0.3468774897346326,0.05313476742048171,0.0,326.34000000000003,309.0,High,Profitable,No Discount
ORD-11624,2023-02-21,Felix Thompson,Consumer,Canada,North America,Furniture,Ergonomic Office Chair,6,472.56,0,2835.36,19.09,1115.05,PayPal,2023,2,February,1,2835.36,0.39326575814005976,0.006732831104339484,0.0,2835.36,2816.27,High,Profitable,No Discount
ORD-11855,2023-02-21,Hans Johnson,Consumer,Australia,Asia Pacific,Technology,Noise Cancelling Earbuds,1,133.63,0,133.63,9.94,50.19,PayPal,2023,2,February,1,133.63,0.3755893137768465,0.07438449449973808,0.0,133.63,123.69,Low,Profitable,No Discount
ORD-10843,2023-02-22,Jennifer Moreau,Corporate,Canada,North America,Technology,Tablet Stand Holder,2,32.06,0,64.12,7.82,21.03,Cash on Delivery,2023,2,February,1,64.12,0.32797878976918277,0.12195882719900186,0.0,64.12,56.300000000000004,Low,Profitable,No Discount
ORD-11306,2023-02-22,Mia Müller,Home Office,United Kingdom,Europe,Technology,Wireless Ergonomic Mouse,4,36.01,15,122.43,10.44,32.77,Credit Card,2023,2,February,1,122.43,0.2676631544556073,0.08527321734868903,21.605999999999998,144.04,111.99000000000001,Medium,Profitable,Medium
ORD-10392,2023-02-23,Priya Martinez,Corporate,United States,North America,Office Supplies,Paper Clips Box 500pc,4,7.24,10,26.06,8.85,4.18,Credit Card,2023,2,February,1,26.06,0.16039907904834996,0.33960092095165006,2.8960000000000004,28.96,17.21,Medium,Profitable,Low
ORD-11302,2023-02-23,Fatima Suzuki,Home Office,Brazil,South America,Technology,Wireless Ergonomic Mouse,3,60.99,0,182.97,12.03,70.31,Credit Card,2023,2,February,1,182.97,0.38427064546100453,0.06574848335792753,0.0,182.97,170.94,Medium,Profitable,No Discount
ORD-11205,2023-02-24,Zara White,Consumer,France,Europe,Office Supplies,Binder Clips Assorted 48pc,6,7.14,0,42.84,12.59,10.97,PayPal,2023,2,February,1,42.84,0.2560690943043884,0.29388422035480855,0.0,42.839999999999996,30.250000000000004,High,Profitable,No Discount
ORD-10892,2023-02-25,Felix Moreau,Consumer,Spain,Europe,Office Supplies,Sticky Notes Multicolor 6-Pack,2,8.06,15,13.7,10.44,-3.99,Bank Transfer,2023,2,February,1,13.7,-0.29124087591240877,0.762043795620438,2.418,16.12,3.26,Low,Loss-Making,Medium
ORD-11175,2023-02-25,Ethan Hassan,Corporate,China,Asia Pacific,Clothing & Accessories,Travel Backpack 30L,2,31.71,5,60.25,10.63,17.91,Bank Transfer,2023,2,February,1,60.25,0.29726141078838175,0.17643153526970956,3.1710000000000003,63.42,49.62,Low,Profitable,Low
ORD-11598,2023-02-26,Ingrid Schmidt,Consumer,Italy,Europe,Furniture,Folding Table Portable,6,82.3,0,493.8,12.43,185.09,PayPal,2023,2,February,1,493.8,0.3748278655326043,0.025172134467395704,0.0,493.79999999999995,481.37,High,Profitable,No Discount
ORD-10113,2023-02-27,Mia Harris,Consumer,United States,North America,Technology,Webcam HD 1080p,1,77.48,0,77.48,7.16,27.71,PayPal,2023,2,February,1,77.48,0.35764068146618483,0.09241094475993805,0.0,77.48,70.32000000000001,Low,Profitable,No Discount
ORD-10646,2023-02-27,Sophie Harris,Consumer,Argentina,South America,Office Supplies,Paper Clips Box 500pc,9,7.24,0,65.16,18.95,16.89,PayPal,2023,2,February,1,65.16,0.2592081031307551,0.29082259054634746,0.0,65.16,46.209999999999994,High,Profitable,No Discount
ORD-11378,2023-02-27,Michael Hassan,Corporate,India,Asia Pacific,Office Supplies,Ballpoint Pen Pack 12,12,5.63,5,64.18,31.26,2.52,Credit Card,2023,2,February,1,64.18,0.03926456840137114,0.48706762231224676,3.378,67.56,32.92,High,Profitable,Low
ORD-11900,2023-02-27,Oscar Jones,Consumer,Canada,North America,Clothing & Accessories,Silk Tie Collection,2,26.25,10,47.25,6.27,14.73,Credit Card,2023,2,February,1,47.25,0.31174603174603177,0.13269841269841268,5.25,52.5,40.980000000000004,Low,Profitable,Low
ORD-11523,2023-03-01,Giulia Ali,Consumer,South Korea,Asia Pacific,Technology,Noise Cancelling Earbuds,2,135.29,0,270.58,10.07,111.69,Cash on Delivery,2023,3,March,1,270.58,0.41277995417251834,0.037216350062828,0.0,270.58,260.51,Low,Profitable,No Discount
ORD-10233,2023-03-02,Fatima Rossi,Consumer,Australia,Asia Pacific,Furniture,Desk Organizer Set,1,24.66,0,24.66,11.27,-1.41,Credit Card,2023,3,March,1,24.66,-0.057177615571776155,0.4570154095701541,0.0,24.66,13.39,Low,Loss-Making,No Discount
ORD-10605,2023-03-02,Yuki Patel,Corporate,Japan,Asia Pacific,Technology,Mechanical Gaming Keyboard,4,165.1,5,627.38,15.44,248.72,Credit Card,2023,3,March,1,627.38,0.3964423475405655,0.024610284038381842,33.02,660.4,611.9399999999999,Medium,Profitable,Low
ORD-10907,2023-03-02,Mia Clark,Consumer,Italy,Europe,Office Supplies,Stapler Full-Size,2,11.57,25,17.36,8.09,-1.14,Cash on Delivery,2023,3,March,1,17.36,-0.06566820276497695,0.46601382488479265,5.785,23.14,9.27,Low,Loss-Making,High
ORD-11202,2023-03-02,Mary Smith,Home Office,United States,North America,Furniture,Mesh Back Task Chair,1,113.52,10,102.17,7.35,26.71,Credit Card,2023,3,March,1,102.17,0.2614270333757463,0.07193892532054419,11.352,113.52,94.82000000000001,Low,Profitable,Low
ORD-11294,2023-03-02,Ayumi Suzuki,Corporate,Australia,Asia Pacific,Office Supplies,Whiteboard Markers Set 8,4,9.18,20,29.38,12.6,0.26,PayPal,2023,3,March,1,29.38,0.008849557522123894,0.42886317222600406,7.344,36.72,16.78,Medium,Profitable,Medium
ORD-11673,2023-03-02,Elizabeth Moreau,Home Office,Australia,Asia Pacific,Technology,Wireless Bluetooth Headphones,2,201.32,0,402.64,13.72,167.47,PayPal,2023,3,March,1,402.64,0.41592986290482814,0.034075104311543813,0.0,402.64,388.91999999999996,Low,Profitable,No Discount
ORD-11217,2023-03-04,Jamal Martinez,Consumer,Canada,North America,Technology,Mechanical Gaming Keyboard,9,90.24,10,730.94,18.86,265.39,Credit Card,2023,3,March,1,730.94,0.3630804169972911,0.02580239144115796,81.21600000000001,812.16,712.08,High,Profitable,Low
ORD-10246,2023-03-05,Barbara Ali,Corporate,Australia,Asia Pacific,Office Supplies,Stapler Full-Size,1,18.57,0,18.57,9.91,0.3,Credit Card,2023,3,March,1,18.57,0.01615508885298869,0.5336564351103931,0.0,18.57,8.66,Low,Profitable,No Discount
ORD-11135,2023-03-06,Lucas Anderson,Consumer,United Kingdom,Europe,Clothing & Accessories,Polarized Sunglasses,3,29.57,10,79.84,10.88,24.6,Bank Transfer,2023,3,March,1,79.84,0.30811623246492986,0.13627254509018036,8.871,88.71000000000001,68.96000000000001,Medium,Profitable,Low
ORD-10620,2023-03-07,Omar Garcia,Consumer,China,Asia Pacific,Office Supplies,Premium Notebook Set A5,1,11.17,20,8.94,10.07,-6.16,Credit Card,2023,3,March,1,8.94,-0.6890380313199106,1.1263982102908279,2.234,11.17,-1.1300000000000008,Low,Loss-Making,Medium
ORD-11279,2023-03-07,Clara Miller,Consumer,United States,North America,Office Supplies,Tape Dispenser Heavy Duty,8,20.92,0,167.36,18.97,73.08,Bank Transfer,2023,3,March,1,167.36,0.4366634799235181,0.1133484703632887,0.0,167.36,148.39000000000001,High,Profitable,No Discount
ORD-10124,2023-03-08,David Harris,Corporate,Italy,Europe,Office Supplies,Whiteboard Markers Set 8,5,11.95,10,53.77,14.79,12.09,Credit Card,2023,3,March,1,53.77,0.2248465687186163,0.2750604426259996,5.9750000000000005,59.75,38.980000000000004,Medium,Profitable,Low
ORD-10242,2023-03-08,James Chen,Home Office,Spain,Europe,Furniture,Folding Table Portable,3,59.88,20,143.71,9.34,26.59,Bank Transfer,2023,3,March,1,143.71,0.18502539837172083,0.06499199777329344,35.928000000000004,179.64000000000001,134.37,Medium,Profitable,Medium
ORD-10915,2023-03-08,Ahmed Harris,Consumer,Brazil,South America,Furniture,Floating Wall Shelves Set,6,99.69,0,598.14,18.01,221.25,Credit Card,2023,3,March,1,598.14,0.369896679707092,0.030110007690507243,0.0,598.14,580.13,High,Profitable,No Discount
ORD-11632,2023-03-08,Elizabeth Ahmed,Corporate,Brazil,South America,Furniture,Ergonomic Office Chair,1,354.67,5,336.94,12.41,111.73,Credit Card,2023,3,March,1,336.94,0.3316020656496706,0.036831483350151364,17.733500000000003,354.67,324.53,Low,Profitable,Low
ORD-11184,2023-03-09,Fatima Kumar,Consumer,UAE,Middle East & Africa,Office Supplies,Premium Notebook Set A5,4,22.67,0,90.68,14.32,35.55,Bank Transfer,2023,3,March,1,90.68,0.39203793559770617,0.15791795324217026,0.0,90.68,76.36000000000001,Medium,Profitable,No Discount
ORD-10874,2023-03-10,Mia Martin,Corporate,Canada,North America,Office Supplies,Binder Clips Assorted 48pc,4,5.48,5,20.82,12.0,-1.04,Cash on Delivery,2023,3,March,1,20.82,-0.04995196926032661,0.5763688760806917,1.096,21.92,8.82,Medium,Loss-Making,Low
ORD-11668,2023-03-10,Robert Robinson,Home Office,Italy,Europe,Technology,Mechanical Gaming Keyboard,8,107.75,10,775.8,14.93,286.77,Credit Card,2023,3,March,1,775.8,0.3696442382057231,0.019244650683165766,86.2,862.0,760.87,High,Profitable,Low
ORD-11260,2023-03-11,Liam Jones,Consumer,Italy,Europe,Office Supplies,Binder Clips Assorted 48pc,1,11.11,0,11.11,8.11,-2.0,Cash on Delivery,2023,3,March,1,11.11,-0.18001800180018002,0.72997299729973,0.0,11.11,3.0,Low,Loss-Making,No Discount
ORD-10953,2023-03-12,Emma Johnson,Corporate,Italy,Europe,Technology,Smart LED Desk Lamp,2,27.32,10,49.18,10.1,9.03,Credit Card,2023,3,March,1,49.18,0.18361122407482716,0.20536803578690524,5.464,54.64,39.08,Low,Profitable,Low
ORD-10521,2023-03-13,Mia Santos,Consumer,South Korea,Asia Pacific,Office Supplies,Premium Notebook Set A5,5,19.74,0,98.7,17.03,37.26,Credit Card,2023,3,March,1,98.7,0.3775075987841945,0.17254305977710233,0.0,98.69999999999999,81.67,Medium,Profitable,No Discount
ORD-11545,2023-03-13,Susan Kim,Consumer,South Africa,Middle East & Africa,Clothing & Accessories,Travel Backpack 30L,3,70.31,0,210.93,15.46,90.0,PayPal,2023,3,March,1,210.93,0.4266818375764472,0.07329445787702081,0.0,210.93,195.47,Medium,Profitable,No Discount
ORD-10070,2023-03-15,Amir Khan,Corporate,Nigeria,Middle East & Africa,Technology,Portable External SSD 1TB,5,149.77,10,673.97,14.48,247.62,PayPal,2023,3,March,1,673.97,0.3674050773773313,0.021484635814650502,74.885,748.85,659.49,Medium,Profitable,Low
ORD-11006,2023-03-15,Barbara Leroy,Home Office,Mexico,North America,Technology,Mechanical Gaming Keyboard,2,54.94,0,109.88,8.77,40.68,Credit Card,2023,3,March,1,109.88,0.3702220604295595,0.0798143429195486,0.0,109.88,101.11,Low,Profitable,No Discount
ORD-10744,2023-03-16,Thomas Patel,Consumer,Brazil,South America,Clothing & Accessories,Polarized Sunglasses,5,61.18,10,275.31,14.66,107.7,Credit Card,2023,3,March,1,275.31,0.39119537975373214,0.053249064690712285,30.59,305.9,260.65,Medium,Profitable,Low
ORD-10861,2023-03-16,Isabella Martin,Consumer,China,Asia Pacific,Office Supplies,Binder Clips Assorted 48pc,2,14.59,0,29.18,12.25,3.8,PayPal,2023,3,March,1,29.18,0.13022618231665523,0.41980808773132283,0.0,29.18,16.93,Low,Profitable,No Discount
ORD-10676,2023-03-17,Wei Chen,Consumer,Saudi Arabia,Middle East & Africa,Technology,Mechanical Gaming Keyboard,3,174.46,0,523.38,14.65,220.87,Credit Card,2023,3,March,1,523.38,0.42200695479384004,0.027991134548511598,0.0,523.38,508.73,Medium,Profitable,No Discount
ORD-11064,2023-03-18,Karen Jackson,Consumer,Japan,Asia Pacific,Clothing & Accessories,Polarized Sunglasses,1,28.85,15,24.52,10.81,-0.72,Cash on Delivery,2023,3,March,1,24.52,-0.02936378466557912,0.4408646003262643,4.3275,28.85,13.709999999999999,Low,Loss-Making,Medium
ORD-11786,2023-03-18,Felix Santos,Home Office,United Kingdom,Europe,Furniture,Corner L-Shaped Desk,3,323.91,15,825.97,9.35,233.58,PayPal,2023,3,March,1,825.97,0.28279477462861846,0.01132002372967541,145.7595,971.73,816.62,Medium,Profitable,Medium
ORD-10637,2023-03-19,Mia Weber,Consumer,United States,North America,Office Supplies,Highlighters Neon Pack 6,2,11.39,0,22.78,8.57,3.96,Bank Transfer,2023,3,March,1,22.78,0.17383669885864791,0.37620719929762947,0.0,22.78,14.21,Low,Profitable,No Discount
ORD-10863,2023-03-21,Jessica Anderson,Consumer,UAE,Middle East & Africa,Furniture,Floating Wall Shelves Set,5,64.1,5,304.47,17.49,94.68,Credit Card,2023,3,March,1,304.47,0.31096659769435414,0.05744408316090254,16.025000000000002,320.5,286.98,Medium,Profitable,Low
ORD-11917,2023-03-22,Fatima Li,Consumer,United States,North America,Office Supplies,Desk Calendar 2025,2,6.29,0,12.58,7.22,-0.3,Bank Transfer,2023,3,March,1,12.58,-0.023847376788553257,0.5739268680445151,0.0,12.58,5.36,Low,Loss-Making,No Discount
ORD-10020,2023-03-23,Pierre Yamamoto,Consumer,Saudi Arabia,Middle East & Africa,Furniture,Folding Table Portable,2,90.87,0,181.74,14.68,58.02,Credit Card,2023,3,March,1,181.74,0.3192472763288214,0.08077473313524815,0.0,181.74,167.06,Low,Profitable,No Discount
ORD-11090,2023-03-23,Hanna Jones,Corporate,China,Asia Pacific,Furniture,Corner L-Shaped Desk,12,334.56,5,3813.98,35.07,1370.08,PayPal,2023,3,March,1,3813.98,0.35922579562556695,0.009195119009538592,200.73600000000002,4014.7200000000003,3778.91,High,Profitable,Low
ORD-11712,2023-03-23,Felix Park,Consumer,Colombia,South America,Furniture,Floating Wall Shelves Set,4,68.83,0,275.32,19.78,90.35,Bank Transfer,2023,3,March,1,275.32,0.3281635914572134,0.07184367281708558,0.0,275.32,255.54,Medium,Profitable,No Discount
ORD-10887,2023-03-24,Mia Ferrari,Consumer,India,Asia Pacific,Clothing & Accessories,Sports Water Bottle 750ml,2,10.37,0,20.74,12.31,-1.94,PayPal,2023,3,March,1,20.74,-0.0935390549662488,0.5935390549662488,0.0,20.74,8.429999999999998,Low,Loss-Making,No Discount
ORD-11156,2023-03-25,Omar Leroy,Corporate,Canada,North America,Clothing & Accessories,Cotton Formal Shirt,2,52.89,0,105.78,6.27,46.62,Cash on Delivery,2023,3,March,1,105.78,0.4407260351673284,0.059273964832671576,0.0,105.78,99.51,Low,Profitable,No Discount
ORD-11633,2023-03-25,Carlos Smith,Home Office,United States,North America,Furniture,Desk Organizer Set,11,30.48,0,335.28,29.96,104.15,Credit Card,2023,3,March,1,335.28,0.31063588642328804,0.08935814841326653,0.0,335.28000000000003,305.32,High,Profitable,No Discount
ORD-10103,2023-03-26,Barbara Russo,Corporate,Spain,Europe,Clothing & Accessories,Silk Tie Collection,3,24.22,5,69.03,8.87,23.83,Credit Card,2023,3,March,1,69.03,0.34521222656815875,0.12849485730841662,3.633,72.66,60.160000000000004,Medium,Profitable,Low
ORD-10132,2023-03-26,Fatima Singh,Corporate,Argentina,South America,Technology,Wireless Bluetooth Headphones,5,239.45,5,1137.39,14.61,464.29,PayPal,2023,3,March,1,1137.39,0.4082065078820809,0.01284519821697043,59.862500000000004,1197.25,1122.7800000000002,Medium,Profitable,Low
ORD-11007,2023-03-26,Olga Russo,Consumer,Australia,Asia Pacific,Furniture,Filing Cabinet 3-Drawer,4,210.65,0,842.6,11.11,325.93,Credit Card,2023,3,March,1,842.6,0.3868146214099217,0.013185378590078328,0.0,842.6,831.49,Medium,Profitable,No Discount
ORD-10395,2023-03-27,Emma Pereira,Consumer,Canada,North America,Clothing & Accessories,Wool Blend Scarf,9,32.74,10,265.19,19.15,98.71,PayPal,2023,3,March,1,265.19,0.37222368867604355,0.07221237603227874,29.466000000000005,294.66,246.04,High,Profitable,Low
ORD-11318,2023-03-27,Thomas Chen,Consumer,Spain,Europe,Clothing & Accessories,Business Casual Blazer,3,135.29,10,365.28,9.08,153.26,Credit Card,2023,3,March,1,365.28,0.4195685501533071,0.024857643451598774,40.587,405.87,356.2,Medium,Profitable,Low
ORD-10252,2023-03-29,Carlos Anderson,Home Office,Saudi Arabia,Middle East & Africa,Clothing & Accessories,Polarized Sunglasses,6,30.52,0,183.12,21.14,70.42,Credit Card,2023,3,March,1,183.12,0.3845565749235474,0.1154434250764526,0.0,183.12,161.98000000000002,High,Profitable,No Discount
ORD-10450,2023-03-29,Ayumi Johnson,Consumer,Mexico,North America,Technology,Noise Cancelling Earbuds,4,113.34,15,385.36,8.19,127.82,PayPal,2023,3,March,1,385.36,0.3316898484533942,0.021252854473738838,68.004,453.36,377.17,Medium,Profitable,Medium
ORD-11088,2023-03-29,Hans Santos,Consumer,Canada,North America,Office Supplies,Premium Notebook Set A5,5,11.27,5,53.53,12.0,16.17,Bank Transfer,2023,3,March,1,53.53,0.3020736035867738,0.22417336073229965,2.8175,56.349999999999994,41.53,Medium,Profitable,Low
ORD-11452,2023-03-29,Thomas Oliveira,Corporate,United States,North America,Office Supplies,Paper Clips Box 500pc,1,5.67,15,4.82,5.95,-3.68,Credit Card,2023,3,March,1,4.82,-0.7634854771784232,1.2344398340248963,0.8504999999999999,5.67,-1.13,Low,Loss-Making,Medium
ORD-11478,2023-03-29,Oscar Taylor,Home Office,China,Asia Pacific,Technology,Portable External SSD 1TB,1,116.12,10,104.51,10.18,30.46,Credit Card,2023,3,March,1,104.51,0.2914553631231461,0.09740694670366472,11.612000000000002,116.12,94.33000000000001,Low,Profitable,Low
ORD-11231,2023-03-30,Emma Brown,Consumer,Spain,Europe,Technology,Portable External SSD 1TB,1,85.63,5,81.35,8.86,25.39,Bank Transfer,2023,3,March,1,81.35,0.3121081745543946,0.10891210817455439,4.2815,85.63,72.49,Low,Profitable,Low
ORD-11479,2023-03-31,Susan White,Corporate,Japan,Asia Pacific,Furniture,Filing Cabinet 3-Drawer,1,199.74,20,159.79,9.67,30.28,Cash on Delivery,2023,3,March,1,159.79,0.18949871706614935,0.06051692846861506,39.94800000000001,199.74,150.12,Low,Profitable,Medium
ORD-10821,2023-04-01,Nadia Weber,Consumer,Italy,Europe,Technology,Smart LED Desk Lamp,2,34.22,0,68.44,9.22,21.58,PayPal,2023,4,April,2,68.44,0.31531268264172996,0.13471654003506722,0.0,68.44,59.22,Low,Profitable,No Discount
ORD-11766,2023-04-01,James Anderson,Corporate,United States,North America,Clothing & Accessories,Cotton Formal Shirt,3,37.69,30,79.15,7.34,15.28,PayPal,2023,4,April,2,79.15,0.1930511686670878,0.09273531269740998,33.921,113.07,71.81,Medium,Profitable,High
ORD-11000,2023-04-02,Olga Zhang,Corporate,South Africa,Middle East & Africa,Clothing & Accessories,Cotton Formal Shirt,1,42.86,5,40.72,12.14,7.15,Bank Transfer,2023,4,April,2,40.72,0.17558939096267193,0.2981335952848723,2.1430000000000002,42.86,28.58,Low,Profitable,Low
ORD-11002,2023-04-02,Nadia Santos,Consumer,Argentina,South America,Technology,Tablet Stand Holder,4,24.85,15,84.49,15.38,14.44,PayPal,2023,4,April,2,84.49,0.17090779973961415,0.1820333767309741,14.91,99.4,69.11,Medium,Profitable,Medium
ORD-11631,2023-04-02,Lucas Kim,Consumer,Saudi Arabia,Middle East & Africa,Furniture,Standing Desk Converter,6,241.26,0,1447.56,14.56,564.46,Credit Card,2023,4,April,2,1447.56,0.3899389317195833,0.010058305009809611,0.0,1447.56,1433.0,High,Profitable,No Discount
ORD-11784,2023-04-02,Hans Laurent,Consumer,South Africa,Middle East & Africa,Furniture,Floating Wall Shelves Set,1,67.62,0,67.62,11.63,15.42,Cash on Delivery,2023,4,April,2,67.62,0.22803904170363795,0.17199053534457262,0.0,67.62,55.99,Low,Profitable,No Discount
ORD-10578,2023-04-03,William Nilsson,Corporate,Spain,Europe,Furniture,Ergonomic Office Chair,1,268.98,0,268.98,8.56,99.03,Credit Card,2023,4,April,2,268.98,0.3681686370733883,0.03182392742954866,0.0,268.98,260.42,Low,Profitable,No Discount
ORD-10306,2023-04-04,James Sharma,Corporate,Mexico,North America,Office Supplies,Ballpoint Pen Pack 12,3,9.65,5,27.5,10.62,3.85,PayPal,2023,4,April,2,27.5,0.14,0.3861818181818181,1.4475000000000002,28.950000000000003,16.880000000000003,Medium,Profitable,Low
ORD-10532,2023-04-04,Ava Ferrari,Home Office,Colombia,South America,Technology,Noise Cancelling Earbuds,2,139.15,5,264.38,12.48,98.83,Cash on Delivery,2023,4,April,2,264.38,0.3738179892578864,0.0472047809970497,13.915000000000001,278.3,251.9,Low,Profitable,Low
ORD-10903,2023-04-04,Priya Zhang,Corporate,Mexico,North America,Office Supplies,Desk Calendar 2025,2,15.49,10,27.88,6.07,7.87,PayPal,2023,4,April,2,27.88,0.28228120516499283,0.2177187948350072,3.0980000000000003,30.98,21.81,Low,Profitable,Low
ORD-11253,2023-04-04,Richard Harris,Corporate,France,Europe,Technology,Tablet Stand Holder,6,25.63,15,130.71,17.72,28.41,Credit Card,2023,4,April,2,130.71,0.21735138857011704,0.13556728635911558,23.067,153.78,112.99000000000001,High,Profitable,Medium
ORD-11610,2023-04-04,Richard Ali,Consumer,Mexico,North America,Office Supplies,Stapler Full-Size,1,13.0,5,12.35,5.81,0.69,Bank Transfer,2023,4,April,2,12.35,0.05587044534412955,0.47044534412955463,0.65,13.0,6.54,Low,Profitable,Low
ORD-10071,2023-04-05,Richard Müller,Consumer,United States,North America,Furniture,Ergonomic Office Chair,2,252.68,0,505.36,8.12,194.02,PayPal,2023,4,April,2,505.36,0.38392433116985913,0.01606775368054456,0.0,505.36,497.24,Low,Profitable,No Discount
ORD-10207,2023-04-05,Diego Johansson,Consumer,Japan,Asia Pacific,Technology,Wireless Ergonomic Mouse,8,20.81,0,166.48,20.3,54.62,Cash on Delivery,2023,4,April,2,166.48,0.3280874579529073,0.12193656895723211,0.0,166.48,146.17999999999998,High,Profitable,No Discount
ORD-11995,2023-04-05,Jamal Ferrari,Consumer,India,Asia Pacific,Office Supplies,Binder Clips Assorted 48pc,2,12.65,15,21.5,12.32,-2.21,PayPal,2023,4,April,2,21.5,-0.1027906976744186,0.5730232558139535,3.795,25.3,9.18,Low,Loss-Making,Medium
ORD-10176,2023-04-06,Li Pereira,Corporate,India,Asia Pacific,Clothing & Accessories,Canvas Messenger Bag,3,83.46,0,250.38,16.07,109.12,Credit Card,2023,4,April,2,250.38,0.43581755731288446,0.06418244268711559,0.0,250.38,234.31,Medium,Profitable,No Discount
ORD-11066,2023-04-07,Olga Leroy,Home Office,Germany,Europe,Technology,Laptop Stand Adjustable,3,57.89,5,164.99,9.48,59.99,PayPal,2023,4,April,2,164.99,0.3635977938056852,0.05745802775925814,8.6835,173.67000000000002,155.51000000000002,Medium,Profitable,Low
ORD-11988,2023-04-07,Michael Yamamoto,Corporate,Colombia,South America,Technology,Mechanical Gaming Keyboard,1,133.59,0,133.59,12.48,47.64,Credit Card,2023,4,April,2,133.59,0.35661351897597127,0.0934201661801033,0.0,133.59,121.11,Low,Profitable,No Discount
ORD-10274,2023-04-09,Michael Ferrari,Home Office,Japan,Asia Pacific,Office Supplies,Binder Clips Assorted 48pc,1,9.89,5,9.4,10.9,-5.95,Credit Card,2023,4,April,2,9.4,-0.6329787234042553,1.1595744680851063,0.49450000000000005,9.89,-1.5,Low,Loss-Making,Low
ORD-10840,2023-04-09,Priya Park,Consumer,Canada,North America,Office Supplies,Tape Dispenser Heavy Duty,6,17.86,5,101.8,11.87,41.71,Credit Card,2023,4,April,2,101.8,0.40972495088408645,0.11660117878192534,5.3580000000000005,107.16,89.92999999999999,High,Profitable,Low
ORD-11333,2023-04-09,Olga Hassan,Corporate,South Korea,Asia Pacific,Furniture,Desk Organizer Set,4,58.82,10,211.75,13.12,57.46,PayPal,2023,4,April,2,211.75,0.271357733175915,0.06195985832349468,23.528000000000002,235.28,198.63,Medium,Profitable,Low
ORD-11079,2023-04-10,Maria Schmidt,Consumer,South Korea,Asia Pacific,Technology,Laptop Stand Adjustable,3,63.4,20,152.16,12.26,35.29,Credit Card,2023,4,April,2,152.16,0.23192691903259727,0.08057308096740273,38.04,190.2,139.9,Medium,Profitable,Medium
ORD-11868,2023-04-10,Maria Martinez,Consumer,Mexico,North America,Technology,Mechanical Gaming Keyboard,1,133.59,10,120.23,6.48,40.28,PayPal,2023,4,April,2,120.23,0.3350245363054146,0.05389669799550861,13.359000000000002,133.59,113.75,Low,Profitable,Low
ORD-11664,2023-04-13,Hans Fischer,Corporate,Canada,North America,Furniture,Mesh Back Task Chair,2,244.78,10,440.6,9.82,137.04,PayPal,2023,4,April,2,440.6,0.3110304130730821,0.022287789378120745,48.956,489.56,430.78000000000003,Low,Profitable,Low
ORD-11912,2023-04-13,Lucas Chen,Consumer,Australia,Asia Pacific,Office Supplies,Whiteboard Markers Set 8,4,13.89,0,55.56,18.26,12.3,Credit Card,2023,4,April,2,55.56,0.22138228941684665,0.32865370770338376,0.0,55.56,37.3,Medium,Profitable,No Discount
ORD-11921,2023-04-14,Priya Jones,Consumer,Saudi Arabia,Middle East & Africa,Office Supplies,Sticky Notes Multicolor 6-Pack,2,4.54,0,9.08,13.77,-8.78,PayPal,2023,4,April,2,9.08,-0.9669603524229075,1.5165198237885462,0.0,9.08,-4.6899999999999995,Low,Loss-Making,No Discount
ORD-10551,2023-04-15,Sophie Thomas,Consumer,Nigeria,Middle East & Africa,Furniture,Standing Desk Converter,4,257.6,25,772.8,19.79,134.77,Bank Transfer,2023,4,April,2,772.8,0.17439182194616978,0.025608178053830227,257.6,1030.4,753.01,Medium,Profitable,High
ORD-10091,2023-04-16,Jessica Sato,Consumer,Australia,Asia Pacific,Clothing & Accessories,Travel Backpack 30L,1,55.0,5,52.25,9.81,14.94,PayPal,2023,4,April,2,52.25,0.285933014354067,0.1877511961722488,2.75,55.0,42.44,Low,Profitable,Low
ORD-10434,2023-04-16,Giulia Brown,Corporate,South Korea,Asia Pacific,Office Supplies,Paper Clips Box 500pc,4,8.66,5,32.91,11.66,5.66,PayPal,2023,4,April,2,32.91,0.1719841993315102,0.3542996049832878,1.7320000000000002,34.64,21.249999999999996,Medium,Profitable,Low
ORD-11552,2023-04-16,Li Taylor,Consumer,Mexico,North America,Technology,Portable External SSD 1TB,2,94.43,10,169.97,6.86,59.24,PayPal,2023,4,April,2,169.97,0.34853209389892337,0.04036006354062482,18.886000000000003,188.86,163.10999999999999,Low,Profitable,Low
ORD-10330,2023-04-17,Ahmed Miller,Consumer,France,Europe,Technology,Wireless Bluetooth Headphones,6,209.9,5,1196.43,17.2,486.56,Credit Card,2023,4,April,2,1196.43,0.4066765293414575,0.014376102237489865,62.970000000000006,1259.4,1179.23,High,Profitable,Low
ORD-10769,2023-04-18,Barbara Thomas,Corporate,UAE,Middle East & Africa,Technology,Wireless Bluetooth Headphones,9,67.71,0,609.39,21.43,252.8,PayPal,2023,4,April,2,609.39,0.4148410705787755,0.03516631385483845,0.0,609.39,587.96,High,Profitable,No Discount
ORD-10427,2023-04-19,Clara Oliveira,Consumer,Canada,North America,Technology,Noise Cancelling Earbuds,2,171.32,15,291.24,9.46,93.33,Credit Card,2023,4,April,2,291.24,0.32045735475896164,0.03248180195028156,51.395999999999994,342.64,281.78000000000003,Low,Profitable,Medium
ORD-11810,2023-04-19,Carlos Wang,Corporate,United States,North America,Technology,Wireless Bluetooth Headphones,3,82.93,20,199.03,12.36,49.84,PayPal,2023,4,April,2,199.03,0.2504145103753203,0.06210119077526001,49.75800000000001,248.79000000000002,186.67000000000002,Medium,Profitable,Medium
ORD-11212,2023-04-20,Li White,Corporate,Japan,Asia Pacific,Technology,Webcam HD 1080p,4,57.09,15,194.11,11.38,57.13,Credit Card,2023,4,April,2,194.11,0.2943176549379218,0.058626551955077016,34.254,228.36,182.73000000000002,Medium,Profitable,Medium
ORD-10667,2023-04-21,Felix Miller,Consumer,South Korea,Asia Pacific,Clothing & Accessories,Canvas Messenger Bag,1,54.74,0,54.74,10.89,16.48,Credit Card,2023,4,April,2,54.74,0.3010595542564852,0.1989404457435148,0.0,54.74,43.85,Low,Profitable,No Discount
ORD-11292,2023-04-21,Sakura Dubois,Consumer,Germany,Europe,Furniture,Filing Cabinet 3-Drawer,10,136.46,15,1159.91,17.75,323.4,Cash on Delivery,2023,4,April,2,1159.91,0.2788147356260399,0.015302911432783577,204.69000000000003,1364.6000000000001,1142.16,High,Profitable,Medium
ORD-11731,2023-04-21,Barbara Suzuki,Consumer,Canada,North America,Furniture,Corner L-Shaped Desk,2,308.79,0,617.58,7.21,239.82,Credit Card,2023,4,April,2,617.58,0.3883221606917322,0.011674600861426859,0.0,617.58,610.37,Low,Profitable,No Discount
ORD-11224,2023-04-22,Zara Patel,Corporate,South Africa,Middle East & Africa,Furniture,Bookshelf 5-Tier,3,180.81,20,433.94,18.2,90.28,PayPal,2023,4,April,2,433.94,0.20804719546481082,0.04194128220491312,108.48600000000002,542.4300000000001,415.74,Medium,Profitable,Medium
ORD-10468,2023-04-23,Wei Johansson,Corporate,India,Asia Pacific,Furniture,Desk Organizer Set,1,54.96,10,49.46,10.74,5.74,Credit Card,2023,4,April,2,49.46,0.11605337646583097,0.21714516781237364,5.496,54.96,38.72,Low,Profitable,Low
ORD-11700,2023-04-24,Sarah Robinson,Home Office,Germany,Europe,Furniture,Filing Cabinet 3-Drawer,1,137.26,10,123.53,8.47,32.7,PayPal,2023,4,April,2,123.53,0.2647130251760706,0.06856634016028496,13.725999999999999,137.26,115.06,Low,Profitable,Low
ORD-10377,2023-04-25,Omar Williams,Corporate,Japan,Asia Pacific,Clothing & Accessories,Wool Blend Scarf,6,30.66,10,165.56,22.41,51.17,Cash on Delivery,2023,4,April,2,165.56,0.3090722396714182,0.13535878231456874,18.396,183.96,143.15,High,Profitable,Low
ORD-11553,2023-04-25,Karen Moreau,Consumer,China,Asia Pacific,Clothing & Accessories,Leather Belt Classic,1,46.16,5,43.85,11.08,9.69,Credit Card,2023,4,April,2,43.85,0.2209806157354618,0.2526795895096921,2.308,46.16,32.77,Low,Profitable,Low
ORD-11888,2023-04-25,Christopher Park,Consumer,Germany,Europe,Clothing & Accessories,Canvas Messenger Bag,4,45.58,5,173.2,12.2,69.84,Bank Transfer,2023,4,April,2,173.2,0.4032332563510393,0.07043879907621248,9.116,182.32,161.0,Medium,Profitable,Low
ORD-10102,2023-04-26,Kenji Jones,Consumer,India,Asia Pacific,Furniture,Standing Desk Converter,2,177.6,0,355.2,13.33,128.75,Credit Card,2023,4,April,2,355.2,0.36247184684684686,0.03752815315315315,0.0,355.2,341.87,Low,Profitable,No Discount
ORD-11008,2023-04-26,Marco Taylor,Consumer,Mexico,North America,Furniture,Bookshelf 5-Tier,3,192.55,0,577.65,10.26,220.8,Credit Card,2023,4,April,2,577.65,0.3822383796416515,0.01776162035834848,0.0,577.6500000000001,567.39,Medium,Profitable,No Discount
ORD-11204,2023-04-29,Li Yamamoto,Consumer,China,Asia Pacific,Technology,Tablet Stand Holder,1,17.84,5,16.95,11.04,-3.9,Credit Card,2023,4,April,2,16.95,-0.23008849557522124,0.6513274336283186,0.892,17.84,5.91,Low,Loss-Making,Low
ORD-10826,2023-04-30,Ava Fischer,Corporate,Australia,Asia Pacific,Office Supplies,Ballpoint Pen Pack 12,4,8.59,5,32.64,11.51,5.67,Credit Card,2023,4,April,2,32.64,0.17371323529411764,0.3526348039215686,1.718,34.36,21.130000000000003,Medium,Profitable,Low
ORD-11363,2023-05-01,Mia Smith,Consumer,Canada,North America,Technology,Tablet Stand Holder,1,29.87,0,29.87,6.43,7.01,Bank Transfer,2023,5,May,2,29.87,0.23468362905925677,0.2152661533311014,0.0,29.87,23.44,Low,Profitable,No Discount
ORD-10202,2023-05-02,Ivan Anderson,Corporate,China,Asia Pacific,Office Supplies,Tape Dispenser Heavy Duty,3,12.78,5,36.42,14.72,4.45,Credit Card,2023,5,May,2,36.42,0.12218561230093355,0.4041735310269083,1.9169999999999998,38.339999999999996,21.700000000000003,Medium,Profitable,Low
ORD-10462,2023-05-03,Raj Thomas,Consumer,Mexico,North America,Technology,Laptop Stand Adjustable,3,71.84,0,215.52,8.56,88.42,Cash on Delivery,2023,5,May,2,215.52,0.41026354862657755,0.03971789161098738,0.0,215.52,206.96,Medium,Profitable,No Discount
ORD-11586,2023-05-04,Jamal Schmidt,Home Office,South Korea,Asia Pacific,Office Supplies,Whiteboard Markers Set 8,2,6.24,20,9.98,13.23,-8.87,Credit Card,2023,5,May,2,9.98,-0.8887775551102203,1.3256513026052104,2.4960000000000004,12.48,-3.25,Low,Loss-Making,Medium
ORD-10703,2023-05-05,Priya Chen,Home Office,Mexico,North America,Office Supplies,Sticky Notes Multicolor 6-Pack,2,12.15,10,21.87,9.48,1.46,Cash on Delivery,2023,5,May,2,21.87,0.06675811614083219,0.4334705075445816,2.43,24.3,12.39,Low,Profitable,Low
ORD-10828,2023-05-05,Kenji Romano,Consumer,China,Asia Pacific,Clothing & Accessories,Canvas Messenger Bag,1,88.39,15,75.13,11.2,19.73,PayPal,2023,5,May,2,75.13,0.2626114734460269,0.1490749367762545,13.2585,88.39,63.92999999999999,Low,Profitable,Medium
ORD-10652,2023-05-06,Pierre Fischer,Consumer,Japan,Asia Pacific,Technology,Wireless Bluetooth Headphones,5,181.39,0,906.95,13.61,394.52,Bank Transfer,2023,5,May,2,906.95,0.43499641656100113,0.015006339930536412,0.0,906.9499999999999,893.34,Medium,Profitable,No Discount
ORD-11385,2023-05-06,Ali Miller,Consumer,Mexico,North America,Office Supplies,Stapler Full-Size,1,16.13,15,13.71,6.12,0.33,Cash on Delivery,2023,5,May,2,13.71,0.024070021881838075,0.44638949671772427,2.4194999999999998,16.13,7.590000000000001,Low,Profitable,Medium
ORD-11895,2023-05-06,John Robinson,Consumer,Canada,North America,Technology,Laptop Stand Adjustable,2,44.17,5,83.92,6.3,29.03,Credit Card,2023,5,May,2,83.92,0.34592469018112487,0.07507149666348903,4.417000000000001,88.34,77.62,Low,Profitable,Low
ORD-10143,2023-05-08,Wei Sato,Corporate,Australia,Asia Pacific,Office Supplies,Tape Dispenser Heavy Duty,2,11.52,15,19.58,12.1,-2.89,Credit Card,2023,5,May,2,19.58,-0.14759959141981616,0.6179775280898877,3.456,23.04,7.479999999999999,Low,Loss-Making,Medium
ORD-10853,2023-05-10,Amir Garcia,Corporate,France,Europe,Office Supplies,Tape Dispenser Heavy Duty,3,11.58,30,24.32,13.53,-4.84,Credit Card,2023,5,May,2,24.32,-0.19901315789473684,0.5563322368421052,10.422,34.74,10.790000000000001,Medium,Loss-Making,High
ORD-10452,2023-05-11,Layla Santos,Corporate,Germany,Europe,Clothing & Accessories,Cotton Formal Shirt,3,25.71,15,65.56,8.88,18.12,Credit Card,2023,5,May,2,65.56,0.27638804148871265,0.1354484441732764,11.5695,77.13,56.68,Medium,Profitable,Medium
ORD-11484,2023-05-11,Christopher Taylor,Consumer,Canada,North America,Technology,USB-C Hub Multiport Adapter,3,47.53,15,121.2,7.18,35.6,Bank Transfer,2023,5,May,2,121.2,0.29372937293729373,0.05924092409240924,21.3885,142.59,114.02000000000001,Medium,Profitable,Medium
ORD-10623,2023-05-12,Chen Thompson,Consumer,Argentina,South America,Clothing & Accessories,Travel Backpack 30L,3,94.61,20,227.06,16.78,68.37,PayPal,2023,5,May,2,227.06,0.30110983880912534,0.07390117149652074,56.766,283.83,210.28,Medium,Profitable,Medium
ORD-11458,2023-05-12,Barbara Sharma,Corporate,France,Europe,Furniture,Filing Cabinet 3-Drawer,2,248.9,20,398.24,8.23,91.33,Credit Card,2023,5,May,2,398.24,0.2293340699075934,0.02066593009240659,99.56,497.8,390.01,Low,Profitable,Medium
ORD-10609,2023-05-13,Diego Jackson,Corporate,South Korea,Asia Pacific,Technology,Smart LED Desk Lamp,4,62.57,10,225.25,14.99,72.61,PayPal,2023,5,May,2,225.25,0.32235294117647056,0.06654827968923419,25.028000000000002,250.28,210.26,Medium,Profitable,Low
ORD-11288,2023-05-13,Ayumi Ahmed,Consumer,South Korea,Asia Pacific,Furniture,Folding Table Portable,15,100.94,5,1438.39,29.26,500.67,Credit Card,2023,5,May,2,1438.39,0.34807666905359463,0.020342188140907543,75.705,1514.1,1409.13,High,Profitable,Low
ORD-10607,2023-05-14,Fatima Laurent,Home Office,Argentina,South America,Technology,USB-C Hub Multiport Adapter,1,55.77,5,52.98,11.25,11.06,PayPal,2023,5,May,2,52.98,0.20875802189505477,0.21234428086070217,2.7885000000000004,55.77,41.73,Low,Profitable,Low
ORD-10105,2023-05-15,Olivia Kumar,Corporate,India,Asia Pacific,Furniture,Floating Wall Shelves Set,2,77.49,15,131.73,12.63,26.11,Cash on Delivery,2023,5,May,2,131.73,0.1982084566917179,0.09587793213391028,23.246999999999996,154.98,119.1,Low,Profitable,Medium
ORD-11298,2023-05-15,Raj Rossi,Consumer,Mexico,North America,Furniture,Bookshelf 5-Tier,4,65.92,5,250.5,13.46,78.83,Credit Card,2023,5,May,2,250.5,0.31469061876247506,0.05373253493013972,13.184000000000001,263.68,237.04,Medium,Profitable,Low
ORD-11682,2023-05-15,Patricia Dubois,Corporate,Mexico,North America,Furniture,Mesh Back Task Chair,1,121.55,25,91.16,6.6,11.63,PayPal,2023,5,May,2,91.16,0.12757788503729708,0.07240017551557701,30.3875,121.55,84.56,Low,Profitable,High
ORD-10411,2023-05-16,Robert Jackson,Corporate,France,Europe,Clothing & Accessories,Canvas Messenger Bag,2,79.65,10,143.37,10.14,53.58,Credit Card,2023,5,May,2,143.37,0.37371835111948104,0.07072609332496338,15.930000000000001,159.3,133.23000000000002,Low,Profitable,Low
ORD-11776,2023-05-16,Jennifer Costa,Consumer,Mexico,North America,Furniture,Standing Desk Converter,3,180.1,10,486.27,8.31,153.78,PayPal,2023,5,May,2,486.27,0.31624406194089705,0.017089271392436302,54.03,540.3,477.96,Medium,Profitable,Low
ORD-11788,2023-05-16,Ivan Li,Home Office,Brazil,South America,Furniture,Bookshelf 5-Tier,3,145.84,15,371.89,14.54,94.84,Credit Card,2023,5,May,2,371.89,0.2550216461857001,0.03909758261851623,65.628,437.52,357.34999999999997,Medium,Profitable,Medium
ORD-11227,2023-05-17,Nadia Brown,Home Office,South Korea,Asia Pacific,Office Supplies,Paper Clips Box 500pc,9,3.16,10,25.6,18.23,-5.43,Cash on Delivery,2023,5,May,2,25.6,-0.212109375,0.7121093749999999,2.8440000000000003,28.44,7.370000000000001,High,Loss-Making,Low
ORD-10941,2023-05-18,Emma Johansson,Corporate,Canada,North America,Office Supplies,Stapler Full-Size,3,8.2,0,24.6,7.45,6.08,PayPal,2023,5,May,2,24.6,0.24715447154471543,0.30284552845528456,0.0,24.599999999999998,17.150000000000002,Medium,Profitable,No Discount
ORD-11045,2023-05-18,Diego Schmidt,Corporate,South Africa,Middle East & Africa,Furniture,Filing Cabinet 3-Drawer,2,214.52,0,429.04,15.39,156.23,Credit Card,2023,5,May,2,429.04,0.3641385418608987,0.03587078127913481,0.0,429.04,413.65000000000003,Low,Profitable,No Discount
ORD-11149,2023-05-18,Clara Jackson,Consumer,Australia,Asia Pacific,Clothing & Accessories,Silk Tie Collection,8,43.71,15,297.23,21.92,100.47,PayPal,2023,5,May,2,297.23,0.3380210611311106,0.07374760286646705,52.452,349.68,275.31,High,Profitable,Medium
ORD-11329,2023-05-18,Jamal Clark,Consumer,South Korea,Asia Pacific,Furniture,Standing Desk Converter,2,119.77,25,179.66,10.37,25.57,Cash on Delivery,2023,5,May,2,179.66,0.142324390515418,0.057720138038517194,59.885,239.54,169.29,Low,Profitable,High
ORD-11394,2023-05-18,Pierre Fischer,Corporate,Saudi Arabia,Middle East & Africa,Furniture,Mesh Back Task Chair,1,217.82,25,163.37,12.46,20.22,Credit Card,2023,5,May,2,163.37,0.12376813368427494,0.07626859276488952,54.455,217.82,150.91,Low,Profitable,High
ORD-11435,2023-05-18,Lucas Khan,Consumer,United States,North America,Furniture,Mesh Back Task Chair,2,295.24,0,590.48,9.07,227.12,PayPal,2023,5,May,2,590.48,0.38463622815336673,0.015360384771711151,0.0,590.48,581.41,Low,Profitable,No Discount
ORD-10336,2023-05-19,Chen Romano,Home Office,France,Europe,Furniture,Filing Cabinet 3-Drawer,1,195.08,5,185.33,9.41,58.87,PayPal,2023,5,May,2,185.33,0.3176495980143527,0.050774294501699666,9.754000000000001,195.08,175.92000000000002,Low,Profitable,Low
ORD-11513,2023-05-20,Sophie Yamamoto,Consumer,United States,North America,Clothing & Accessories,Leather Wallet Minimalist,5,26.84,0,134.2,17.2,49.9,PayPal,2023,5,May,2,134.2,0.37183308494783907,0.12816691505216096,0.0,134.2,116.99999999999999,Medium,Profitable,No Discount
ORD-11762,2023-05-22,Hans Johnson,Home Office,India,Asia Pacific,Technology,Tablet Stand Holder,5,15.48,10,69.66,19.74,7.35,PayPal,2023,5,May,2,69.66,0.10551248923341947,0.2833763996554694,7.740000000000001,77.4,49.92,Medium,Profitable,Low
ORD-10562,2023-05-23,Patricia Müller,Consumer,Mexico,North America,Technology,Webcam HD 1080p,5,54.1,5,256.97,11.43,96.77,Credit Card,2023,5,May,2,256.97,0.37658092384325015,0.04447990037747596,13.525,270.5,245.54000000000002,Medium,Profitable,Low
ORD-10710,2023-05-23,Ahmed Taylor,Home Office,China,Asia Pacific,Technology,Smart LED Desk Lamp,8,37.26,20,238.46,14.6,59.92,PayPal,2023,5,May,2,238.46,0.25127904050993877,0.06122620145936425,59.616,298.08,223.86,High,Profitable,Medium
ORD-11740,2023-05-25,Zara Rodriguez,Consumer,Mexico,North America,Office Supplies,Tape Dispenser Heavy Duty,4,10.54,15,35.84,10.87,6.0,Bank Transfer,2023,5,May,2,35.84,0.16741071428571427,0.30329241071428564,6.323999999999999,42.16,24.970000000000006,Medium,Profitable,Medium
ORD-10422,2023-05-26,Clara Santos,Corporate,Mexico,North America,Office Supplies,Tape Dispenser Heavy Duty,3,15.84,5,45.14,7.96,15.8,Credit Card,2023,5,May,2,45.14,0.35002215330084185,0.17634027470093044,2.376,47.519999999999996,37.18,Medium,Profitable,Low
ORD-11834,2023-05-29,Hanna Davis,Consumer,United Kingdom,Europe,Clothing & Accessories,Travel Backpack 30L,2,33.16,0,66.32,11.38,21.78,Credit Card,2023,5,May,2,66.32,0.3284077201447528,0.1715922798552473,0.0,66.32,54.93999999999999,Low,Profitable,No Discount
ORD-10942,2023-05-30,Barbara Rossi,Home Office,China,Asia Pacific,Office Supplies,Binder Clips Assorted 48pc,3,14.0,15,35.7,16.47,0.33,Credit Card,2023,5,May,2,35.7,0.009243697478991597,0.46134453781512597,6.3,42.0,19.230000000000004,Medium,Profitable,Medium
ORD-10129,2023-06-01,Oscar Santos,Corporate,Canada,North America,Furniture,Floating Wall Shelves Set,7,54.12,15,322.01,17.46,77.25,Credit Card,2023,6,June,2,322.01,0.23989938200677,0.054221918573957334,56.82599999999999,378.84,304.55,High,Profitable,Medium
ORD-10722,2023-06-01,Patricia Chen,Home Office,United Kingdom,Europe,Furniture,Folding Table Portable,1,118.34,5,112.42,7.66,33.76,Credit Card,2023,6,June,2,112.42,0.3003024372887386,0.06813734210994485,5.917000000000001,118.34,104.76,Low,Profitable,Low
ORD-10845,2023-06-01,Ahmed Dubois,Consumer,Spain,Europe,Office Supplies,Whiteboard Markers Set 8,1,20.28,0,20.28,8.91,2.24,PayPal,2023,6,June,2,20.28,0.11045364891518739,0.43934911242603547,0.0,20.28,11.370000000000001,Low,Profitable,No Discount
ORD-10937,2023-06-01,Kenji Robinson,Consumer,Mexico,North America,Furniture,Mesh Back Task Chair,7,263.11,10,1657.59,16.54,535.99,PayPal,2023,6,June,2,1657.59,0.32335499128252465,0.009978342050808704,184.17700000000002,1841.77,1641.05,High,Profitable,Low
ORD-11401,2023-06-01,Robert Sharma,Consumer,Australia,Asia Pacific,Furniture,Mesh Back Task Chair,1,271.69,20,217.35,10.66,43.68,Cash on Delivery,2023,6,June,2,217.35,0.20096618357487922,0.049045318610536,54.338,271.69,206.69,Low,Profitable,Medium
ORD-10069,2023-06-03,Chen Smith,Corporate,Germany,Europe,Furniture,Monitor Riser Wood,4,43.62,15,148.31,15.81,27.81,Cash on Delivery,2023,6,June,2,148.31,0.1875126424381363,0.1066010383655856,26.171999999999997,174.48,132.5,Medium,Profitable,Medium
ORD-10025,2023-06-04,Kenji Leroy,Corporate,Japan,Asia Pacific,Clothing & Accessories,Leather Belt Classic,6,36.82,10,198.83,13.78,74.59,Credit Card,2023,6,June,2,198.83,0.3751445958859327,0.06930543680531107,22.092000000000002,220.92000000000002,185.05,High,Profitable,Low
ORD-11268,2023-06-04,Richard Li,Consumer,Spain,Europe,Office Supplies,Sticky Notes Multicolor 6-Pack,1,10.08,15,8.57,8.15,-4.12,Credit Card,2023,6,June,2,8.57,-0.4807467911318553,0.9509918319719953,1.512,10.08,0.41999999999999993,Low,Loss-Making,Medium
ORD-11962,2023-06-04,Karen Anderson,Consumer,Italy,Europe,Office Supplies,Highlighters Neon Pack 6,3,6.18,15,15.76,9.18,-1.76,Credit Card,2023,6,June,2,15.76,-0.1116751269035533,0.58248730964467,2.7809999999999997,18.54,6.58,Medium,Loss-Making,Medium
ORD-10979,2023-06-05,Zara Kim,Corporate,Mexico,North America,Technology,Laptop Stand Adjustable,8,64.14,15,436.15,22.64,131.29,Credit Card,2023,6,June,2,436.15,0.30102029118422563,0.05190874699071421,76.968,513.12,413.51,High,Profitable,Medium
ORD-10816,2023-06-06,Jennifer Nilsson,Consumer,Japan,Asia Pacific,Technology,Wireless Ergonomic Mouse,1,29.03,5,27.58,10.81,0.8,Credit Card,2023,6,June,2,27.58,0.029006526468455404,0.3919506889050037,1.4515000000000002,29.03,16.769999999999996,Low,Profitable,Low
ORD-11468,2023-06-06,Christopher Harris,Consumer,Australia,Asia Pacific,Office Supplies,Ballpoint Pen Pack 12,1,6.69,0,6.69,10.56,-6.88,Cash on Delivery,2023,6,June,2,6.69,-1.0284005979073243,1.5784753363228698,0.0,6.69,-3.87,Low,Loss-Making,No Discount
ORD-11539,2023-06-06,Marco Martin,Consumer,Australia,Asia Pacific,Technology,Laptop Stand Adjustable,4,59.29,20,189.73,13.59,45.7,Cash on Delivery,2023,6,June,2,189.73,0.24086860275127817,0.07162810309387024,47.432,237.16,176.14,Medium,Profitable,Medium
ORD-11609,2023-06-06,Emma Zhang,Corporate,Saudi Arabia,Middle East & Africa,Clothing & Accessories,Leather Wallet Minimalist,1,31.48,5,29.91,12.24,1.93,PayPal,2023,6,June,2,29.91,0.06452691407556001,0.4092276830491475,1.574,31.48,17.67,Low,Profitable,Low
ORD-11707,2023-06-06,David Smith,Corporate,France,Europe,Office Supplies,Stapler Full-Size,3,7.93,0,23.79,14.01,-0.93,PayPal,2023,6,June,2,23.79,-0.039092055485498114,0.5889029003783103,0.0,23.79,9.78,Medium,Loss-Making,No Discount
ORD-10177,2023-06-07,Wei Romano,Consumer,Nigeria,Middle East & Africa,Technology,Tablet Stand Holder,6,24.62,5,140.33,24.76,34.32,Credit Card,2023,6,June,2,140.33,0.24456637924891325,0.17644124563528824,7.386,147.72,115.57000000000001,High,Profitable,Low
ORD-10817,2023-06-07,Zara Rodriguez,Corporate,United Kingdom,Europe,Technology,Noise Cancelling Earbuds,4,72.94,20,233.41,16.18,56.76,Cash on Delivery,2023,6,June,2,233.41,0.2431772417634206,0.0693200805449638,58.352000000000004,291.76,217.23,Medium,Profitable,Medium
ORD-11080,2023-06-07,Zara Ferrari,Consumer,United States,North America,Technology,Wireless Ergonomic Mouse,2,32.45,10,58.41,8.62,14.09,Credit Card,2023,6,June,2,58.41,0.24122581749700395,0.14757746961136792,6.490000000000001,64.9,49.79,Low,Profitable,Low
ORD-10376,2023-06-08,Omar Garcia,Corporate,China,Asia Pacific,Office Supplies,Highlighters Neon Pack 6,6,5.73,15,29.22,18.91,-5.16,Cash on Delivery,2023,6,June,2,29.22,-0.17659137577002054,0.6471594798083504,5.157,34.38,10.309999999999999,High,Loss-Making,Medium
ORD-10726,2023-06-08,Hans Yamamoto,Consumer,South Korea,Asia Pacific,Clothing & Accessories,Leather Wallet Minimalist,4,38.87,5,147.71,14.04,55.93,Credit Card,2023,6,June,2,147.71,0.37864734953625345,0.0950511136686751,7.774,155.48,133.67000000000002,Medium,Profitable,Low
ORD-11103,2023-06-08,Nadia Costa,Consumer,United States,North America,Office Supplies,Binder Clips Assorted 48pc,2,6.85,0,13.7,7.41,0.12,Credit Card,2023,6,June,2,13.7,0.008759124087591242,0.5408759124087592,0.0,13.7,6.289999999999999,Low,Profitable,No Discount
ORD-10727,2023-06-09,Mia Sharma,Consumer,United States,North America,Furniture,Desk Organizer Set,2,16.26,5,30.89,6.26,5.12,PayPal,2023,6,June,2,30.89,0.16574943347361606,0.20265458077047588,1.6260000000000003,32.52,24.630000000000003,Low,Profitable,Low
ORD-10772,2023-06-09,William Hassan,Corporate,Saudi Arabia,Middle East & Africa,Technology,Wireless Ergonomic Mouse,1,23.01,5,21.86,13.14,-3.94,Credit Card,2023,6,June,2,21.86,-0.18023787740164685,0.6010978956999086,1.1505,23.01,8.719999999999999,Low,Loss-Making,Low
ORD-11060,2023-06-09,Ali Johansson,Home Office,Saudi Arabia,Middle East & Africa,Office Supplies,Premium Notebook Set A5,4,22.5,15,76.5,20.57,15.43,Cash on Delivery,2023,6,June,2,76.5,0.20169934640522874,0.2688888888888889,13.5,90.0,55.93,Medium,Profitable,Medium
ORD-11322,2023-06-10,Amir Chen,Consumer,Canada,North America,Furniture,Ergonomic Office Chair,3,229.47,15,585.15,9.83,162.27,Credit Card,2023,6,June,2,585.15,0.2773135093565753,0.016799111338972914,103.2615,688.41,575.3199999999999,Medium,Profitable,Medium
ORD-10146,2023-06-11,Ethan Park,Home Office,Canada,North America,Furniture,Corner L-Shaped Desk,5,336.47,0,1682.35,15.78,657.16,Credit Card,2023,6,June,2,1682.35,0.39062026332213867,0.009379736677861326,0.0,1682.3500000000001,1666.57,Medium,Profitable,No Discount
ORD-11048,2023-06-11,Christopher Robinson,Consumer,Australia,Asia Pacific,Furniture,Bookshelf 5-Tier,2,122.54,0,245.08,11.78,86.25,Credit Card,2023,6,June,2,245.08,0.3519259017463685,0.04806593765301126,0.0,245.08,233.3,Low,Profitable,No Discount
ORD-11155,2023-06-11,Noah Khan,Home Office,United States,North America,Technology,Portable External SSD 1TB,5,88.03,15,374.13,16.63,115.42,Credit Card,2023,6,June,2,374.13,0.3085023922166092,0.04444979017988399,66.0225,440.15,357.5,Medium,Profitable,Medium
ORD-11376,2023-06-11,Linda Smith,Consumer,United Kingdom,Europe,Furniture,Desk Organizer Set,4,24.66,0,98.64,16.03,23.43,Cash on Delivery,2023,6,June,2,98.64,0.23753041362530414,0.16251013787510138,0.0,98.64,82.61,Medium,Profitable,No Discount
ORD-11535,2023-06-11,Isabella Jackson,Consumer,Italy,Europe,Technology,Webcam HD 1080p,3,60.58,10,163.57,9.75,53.86,Credit Card,2023,6,June,2,163.57,0.32927798496056737,0.05960750748914838,18.174000000000003,181.74,153.82,Medium,Profitable,Low
ORD-10114,2023-06-12,Sarah Kim,Corporate,United Kingdom,Europe,Technology,Mechanical Gaming Keyboard,3,158.55,15,404.3,11.67,131.02,Credit Card,2023,6,June,2,404.3,0.3240662874103389,0.02886470442740539,71.3475,475.65000000000003,392.63,Medium,Profitable,Medium
ORD-11031,2023-06-12,James Suzuki,Corporate,United States,North America,Furniture,Floating Wall Shelves Set,6,43.48,15,221.75,13.94,51.28,Bank Transfer,2023,6,June,2,221.75,0.23125140924464488,0.06286358511837654,39.132,260.88,207.81,High,Profitable,Medium
ORD-11133,2023-06-12,Wei Harris,Consumer,Japan,Asia Pacific,Technology,Laptop Stand Adjustable,15,33.12,0,496.8,38.18,185.38,Credit Card,2023,6,June,2,496.8,0.3731481481481481,0.07685185185185185,0.0,496.79999999999995,458.62,High,Profitable,No Discount
ORD-10349,2023-06-13,Thomas Li,Consumer,Mexico,North America,Technology,Smart LED Desk Lamp,1,30.15,15,25.63,6.6,2.45,Credit Card,2023,6,June,2,25.63,0.09559110417479517,0.2575107296137339,4.5225,30.15,19.03,Low,Profitable,Medium
ORD-11733,2023-06-13,Michael Khan,Corporate,Mexico,North America,Office Supplies,Tape Dispenser Heavy Duty,3,18.83,10,50.84,10.96,14.46,Credit Card,2023,6,June,2,50.84,0.2844217151848938,0.2155782848151062,5.649,56.489999999999995,39.88,Medium,Profitable,Low
ORD-10358,2023-06-14,Isabella Ahmed,Consumer,India,Asia Pacific,Clothing & Accessories,Leather Belt Classic,5,17.24,0,86.2,16.2,26.9,Credit Card,2023,6,June,2,86.2,0.31206496519721577,0.1879350348027842,0.0,86.19999999999999,70.0,Medium,Profitable,No Discount
ORD-11932,2023-06-14,Felix Hassan,Home Office,Italy,Europe,Office Supplies,Paper Clips Box 500pc,1,6.68,15,5.68,8.22,-5.55,Credit Card,2023,6,June,2,5.68,-0.977112676056338,1.4471830985915495,1.002,6.68,-2.540000000000001,Low,Loss-Making,Medium
ORD-10042,2023-06-17,Amir Thompson,Corporate,South Africa,Middle East & Africa,Furniture,Floating Wall Shelves Set,9,33.65,5,287.71,16.74,89.26,Cash on Delivery,2023,6,June,2,287.71,0.31024295297348026,0.058183587640332275,15.142499999999998,302.84999999999997,270.96999999999997,High,Profitable,Low
ORD-10569,2023-06-17,Chen Miller,Consumer,Italy,Europe,Technology,Smart LED Desk Lamp,3,69.43,5,197.88,10.72,72.6,PayPal,2023,6,June,2,197.88,0.36688902365069737,0.05417424701839499,10.414500000000002,208.29000000000002,187.16,Medium,Profitable,Low
ORD-11665,2023-06-18,Priya Jackson,Consumer,Italy,Europe,Furniture,Corner L-Shaped Desk,10,398.27,5,3783.56,20.31,1373.63,Cash on Delivery,2023,6,June,2,3783.56,0.36305225766209603,0.005367960333654019,199.135,3982.7,3763.25,High,Profitable,Low
ORD-10876,2023-06-19,Karen Wang,Corporate,Saudi Arabia,Middle East & Africa,Furniture,Standing Desk Converter,4,114.01,0,456.04,13.78,168.64,PayPal,2023,6,June,2,456.04,0.3697921234979387,0.030216647662485743,0.0,456.04,442.26000000000005,Medium,Profitable,No Discount
ORD-11258,2023-06-19,Carlos Dubois,Consumer,Brazil,South America,Clothing & Accessories,Polarized Sunglasses,1,79.09,20,63.27,10.51,13.22,Credit Card,2023,6,June,2,63.27,0.20894578789315632,0.16611348190295558,15.818000000000001,79.09,52.760000000000005,Low,Profitable,Medium
ORD-11375,2023-06-19,Raj Chen,Home Office,Japan,Asia Pacific,Office Supplies,Desk Calendar 2025,2,12.13,15,20.62,12.26,-2.56,Cash on Delivery,2023,6,June,2,20.62,-0.12415130940834142,0.594568380213385,3.6390000000000002,24.26,8.360000000000001,Low,Loss-Making,Medium
ORD-10546,2023-06-20,Xiao Taylor,Corporate,UAE,Middle East & Africa,Furniture,Monitor Riser Wood,4,42.27,15,143.72,16.6,25.67,Bank Transfer,2023,6,June,2,143.72,0.17861118842193155,0.11550236571110493,25.362000000000002,169.08,127.12,Medium,Profitable,Medium
ORD-10860,2023-06-21,Fatima Jackson,Home Office,Germany,Europe,Technology,Tablet Stand Holder,3,48.52,15,123.73,13.06,30.61,Credit Card,2023,6,June,2,123.73,0.24739351814434654,0.10555241251111291,21.834,145.56,110.67,Medium,Profitable,Medium
ORD-11307,2023-06-22,William Clark,Corporate,Mexico,North America,Clothing & Accessories,Sports Water Bottle 750ml,4,27.6,10,99.36,13.33,30.83,PayPal,2023,6,June,2,99.36,0.31028582930756843,0.13415861513687602,11.040000000000001,110.4,86.03,Medium,Profitable,Low
ORD-10182,2023-06-23,Emma Pereira,Consumer,Canada,North America,Office Supplies,Tape Dispenser Heavy Duty,11,23.39,10,231.56,14.23,101.55,Credit Card,2023,6,June,2,231.56,0.43854724477457246,0.061452755225427536,25.729000000000003,257.29,217.33,High,Profitable,Low
ORD-10674,2023-06-23,Ahmed Garcia,Corporate,UAE,Middle East & Africa,Clothing & Accessories,Sports Water Bottle 750ml,10,14.57,5,138.41,35.54,30.02,PayPal,2023,6,June,2,138.41,0.21689184307492235,0.25677335452640704,7.285,145.7,102.87,High,Profitable,Low
ORD-11336,2023-06-23,Ayumi Robinson,Corporate,Australia,Asia Pacific,Furniture,Mesh Back Task Chair,1,250.47,5,237.95,10.78,76.89,Bank Transfer,2023,6,June,2,237.95,0.32313511241857534,0.045303635217482666,12.5235,250.47,227.17,Low,Profitable,Low
ORD-10712,2023-06-24,Mary Johansson,Consumer,India,Asia Pacific,Technology,Wireless Ergonomic Mouse,7,57.98,15,344.98,16.8,104.96,PayPal,2023,6,June,2,344.98,0.3042495217114035,0.048698475273928926,60.87899999999999,405.85999999999996,328.18,High,Profitable,Medium
ORD-10788,2023-06-26,Michael Martin,Consumer,Saudi Arabia,Middle East & Africa,Office Supplies,Desk Calendar 2025,1,19.94,10,17.95,11.66,-2.68,Credit Card,2023,6,June,2,17.95,-0.14930362116991644,0.6495821727019498,1.9940000000000002,19.94,6.289999999999999,Low,Loss-Making,Low
ORD-10212,2023-06-27,Karen Sato,Corporate,Germany,Europe,Clothing & Accessories,Leather Belt Classic,3,45.1,10,121.77,14.28,39.84,Credit Card,2023,6,June,2,121.77,0.32717418083271743,0.11727026361172703,13.530000000000001,135.3,107.49,Medium,Profitable,Low
ORD-11068,2023-06-27,Isabella Kumar,Corporate,Italy,Europe,Office Supplies,Desk Calendar 2025,2,10.66,10,19.19,11.01,-1.41,Cash on Delivery,2023,6,June,2,19.19,-0.07347576862949452,0.5737363210005211,2.132,21.32,8.180000000000001,Low,Loss-Making,Low
ORD-11653,2023-06-27,Carlos Rodriguez,Consumer,UAE,Middle East & Africa,Clothing & Accessories,Silk Tie Collection,1,26.53,0,26.53,13.43,-0.16,Cash on Delivery,2023,6,June,2,26.53,-0.00603090840557859,0.5062193742932529,0.0,26.53,13.100000000000001,Low,Loss-Making,No Discount
ORD-11771,2023-06-27,James Tanaka,Consumer,Saudi Arabia,Middle East & Africa,Furniture,Floating Wall Shelves Set,5,94.63,0,473.15,18.91,170.35,Credit Card,2023,6,June,2,473.15,0.3600338159146148,0.03996618408538519,0.0,473.15,454.23999999999995,Medium,Profitable,No Discount
ORD-10480,2023-06-28,Priya Thomas,Consumer,Italy,Europe,Clothing & Accessories,Polarized Sunglasses,2,30.06,10,54.11,11.77,12.28,Cash on Delivery,2023,6,June,2,54.11,0.2269451118092774,0.21751986693771946,6.0120000000000005,60.12,42.34,Low,Profitable,Low
ORD-10700,2023-06-28,Mia Harris,Corporate,Canada,North America,Clothing & Accessories,Leather Belt Classic,3,40.18,0,120.54,12.31,47.96,Cash on Delivery,2023,6,June,2,120.54,0.39787622366019576,0.10212377633980421,0.0,120.53999999999999,108.23,Medium,Profitable,No Discount
ORD-10661,2023-06-29,Olga Nilsson,Consumer,Canada,North America,Technology,Webcam HD 1080p,9,74.43,10,602.88,11.59,222.86,Credit Card,2023,6,June,2,602.88,0.3696589702760085,0.019224389596602973,66.98700000000001,669.8700000000001,591.29,High,Profitable,Low
ORD-10747,2023-06-29,Olga Patel,Consumer,Japan,Asia Pacific,Clothing & Accessories,Cotton Formal Shirt,1,24.48,20,19.58,9.71,-2.37,Bank Transfer,2023,6,June,2,19.58,-0.12104187946884577,0.49591419816138926,4.896000000000001,24.48,9.869999999999997,Low,Loss-Making,Medium
ORD-10432,2023-07-01,Priya Schmidt,Corporate,Spain,Europe,Technology,Laptop Stand Adjustable,3,62.62,10,169.07,12.18,53.57,Cash on Delivery,2023,7,July,3,169.07,0.31685100845803515,0.07204116638078903,18.785999999999998,187.85999999999999,156.89,Medium,Profitable,Low
ORD-10483,2023-07-01,Noah Jones,Home Office,Australia,Asia Pacific,Technology,Portable External SSD 1TB,3,97.31,10,262.74,15.03,87.15,Credit Card,2023,7,July,3,262.74,0.33169673441424985,0.05720484128796528,29.193,291.93,247.71,Medium,Profitable,Low
ORD-10792,2023-07-01,Oscar Schmidt,Consumer,Australia,Asia Pacific,Office Supplies,Stapler Full-Size,5,18.79,10,84.55,15.23,27.04,PayPal,2023,7,July,3,84.55,0.3198107628622117,0.18013010053222947,9.395,93.94999999999999,69.32,Medium,Profitable,Low
ORD-11387,2023-07-01,Marco Harris,Consumer,UAE,Middle East & Africa,Furniture,Corner L-Shaped Desk,1,192.58,20,154.06,12.06,26.45,PayPal,2023,7,July,3,154.06,0.17168635596520834,0.07828118914708555,38.516000000000005,192.58,142.0,Low,Profitable,Medium
ORD-11564,2023-07-01,Giulia Johnson,Corporate,Mexico,North America,Clothing & Accessories,Cotton Formal Shirt,3,48.59,15,123.9,9.9,41.12,Credit Card,2023,7,July,3,123.9,0.33188054882970136,0.07990314769975787,21.8655,145.77,114.0,Medium,Profitable,Medium
ORD-10381,2023-07-03,Sophie Harris,Consumer,India,Asia Pacific,Technology,Smart LED Desk Lamp,2,46.18,5,87.74,12.38,24.56,Credit Card,2023,7,July,3,87.74,0.27991793936630954,0.14109870070663325,4.618,92.36,75.36,Low,Profitable,Low
ORD-11603,2023-07-03,Lucas Chen,Corporate,Saudi Arabia,Middle East & Africa,Furniture,Standing Desk Converter,7,309.68,20,1734.21,19.94,413.61,Credit Card,2023,7,July,3,1734.21,0.23850052761776255,0.01149803080365123,433.5520000000001,2167.76,1714.27,High,Profitable,Medium
ORD-11019,2023-07-04,Robert Smith,Home Office,South Africa,Middle East & Africa,Furniture,Desk Organizer Set,1,24.14,0,24.14,13.18,-3.52,Credit Card,2023,7,July,3,24.14,-0.14581607290803644,0.5459817729908865,0.0,24.14,10.96,Low,Loss-Making,No Discount
ORD-10977,2023-07-05,Ingrid Khan,Home Office,Mexico,North America,Office Supplies,Whiteboard Markers Set 8,4,15.95,15,54.23,8.62,16.9,Cash on Delivery,2023,7,July,3,54.23,0.31163562603724876,0.15895260925686888,9.569999999999999,63.8,45.61,Medium,Profitable,Medium
ORD-10008,2023-07-06,Lucas White,Home Office,Canada,North America,Office Supplies,Ballpoint Pen Pack 12,1,6.99,10,6.29,6.69,-3.55,Credit Card,2023,7,July,3,6.29,-0.5643879173290938,1.0635930047694755,0.6990000000000001,6.99,-0.40000000000000036,Low,Loss-Making,Low
ORD-11100,2023-07-06,Nadia Jackson,Corporate,United States,North America,Office Supplies,Stapler Full-Size,2,19.72,10,35.5,6.38,11.37,Bank Transfer,2023,7,July,3,35.5,0.32028169014084507,0.17971830985915493,3.944,39.44,29.12,Low,Profitable,Low
ORD-11464,2023-07-06,Chen Jones,Home Office,Japan,Asia Pacific,Furniture,Bookshelf 5-Tier,4,194.07,0,776.28,11.42,299.09,Credit Card,2023,7,July,3,776.28,0.38528623692482095,0.014711186685216674,0.0,776.28,764.86,Medium,Profitable,No Discount
ORD-11562,2023-07-06,Susan Miller,Corporate,Mexico,North America,Technology,Smart LED Desk Lamp,2,52.02,15,88.43,7.14,24.07,PayPal,2023,7,July,3,88.43,0.27219269478683705,0.08074182969580458,15.606,104.04,81.29,Low,Profitable,Medium
ORD-10083,2023-07-07,Priya Thomas,Home Office,Argentina,South America,Office Supplies,Stapler Full-Size,1,19.62,5,18.64,12.48,-2.67,Bank Transfer,2023,7,July,3,18.64,-0.14324034334763946,0.6695278969957081,0.9810000000000001,19.62,6.16,Low,Loss-Making,Low
ORD-10112,2023-07-07,Ahmed Thompson,Consumer,Italy,Europe,Clothing & Accessories,Silk Tie Collection,7,43.03,20,240.97,16.31,74.05,Credit Card,2023,7,July,3,240.97,0.3072996638585716,0.06768477403826202,60.24200000000001,301.21000000000004,224.66,High,Profitable,Medium
ORD-11077,2023-07-08,Diego Kim,Home Office,Spain,Europe,Technology,Laptop Stand Adjustable,5,50.01,0,250.05,19.34,93.18,Credit Card,2023,7,July,3,250.05,0.37264547090581884,0.07734453109378124,0.0,250.04999999999998,230.71,Medium,Profitable,No Discount
ORD-10003,2023-07-09,Priya Martinez,Consumer,Japan,Asia Pacific,Furniture,Desk Organizer Set,3,53.14,15,135.51,14.88,24.98,PayPal,2023,7,July,3,135.51,0.18434063906722753,0.10980739428824442,23.913,159.42000000000002,120.63,Medium,Profitable,Medium
ORD-10024,2023-07-09,Giulia Dubois,Consumer,Brazil,South America,Office Supplies,Paper Clips Box 500pc,2,3.31,0,6.62,14.92,-11.28,Credit Card,2023,7,July,3,6.62,-1.7039274924471297,2.2537764350453173,0.0,6.62,-8.3,Low,Loss-Making,No Discount
ORD-10404,2023-07-10,Carlos Schmidt,Corporate,United Kingdom,Europe,Office Supplies,Whiteboard Markers Set 8,2,11.9,0,23.8,9.71,3.38,PayPal,2023,7,July,3,23.8,0.14201680672268907,0.407983193277311,0.0,23.8,14.09,Low,Profitable,No Discount
ORD-11154,2023-07-10,Oscar Johnson,Consumer,United States,North America,Clothing & Accessories,Sports Water Bottle 750ml,6,21.26,5,121.18,9.14,48.26,Credit Card,2023,7,July,3,121.18,0.39825053639214386,0.07542498762171976,6.378,127.56,112.04,High,Profitable,Low
ORD-11859,2023-07-10,Jennifer Garcia,Consumer,Canada,North America,Clothing & Accessories,Polarized Sunglasses,1,59.16,10,53.24,6.6,17.06,Credit Card,2023,7,July,3,53.24,0.3204357625845229,0.12396694214876032,5.916,59.16,46.64,Low,Profitable,Low
ORD-10107,2023-07-11,Noah Santos,Consumer,South Korea,Asia Pacific,Office Supplies,Binder Clips Assorted 48pc,1,10.59,5,10.06,11.4,-6.11,Credit Card,2023,7,July,3,10.06,-0.6073558648111332,1.1332007952286283,0.5295,10.59,-1.3399999999999999,Low,Loss-Making,Low
ORD-11182,2023-07-11,Elizabeth Harris,Corporate,Mexico,North America,Technology,Webcam HD 1080p,6,62.93,0,377.58,13.89,156.02,Bank Transfer,2023,7,July,3,377.58,0.41321044546851005,0.03678690608612745,0.0,377.58,363.69,High,Profitable,No Discount
ORD-11380,2023-07-12,Ali Jones,Consumer,Mexico,North America,Clothing & Accessories,Wool Blend Scarf,4,54.62,0,218.48,11.36,97.88,Credit Card,2023,7,July,3,218.48,0.4480043939948737,0.05199560600512633,0.0,218.48,207.12,Medium,Profitable,No Discount
ORD-10015,2023-07-13,Jamal Harris,Corporate,Saudi Arabia,Middle East & Africa,Technology,Smart LED Desk Lamp,2,42.71,20,68.34,12.22,9.14,PayPal,2023,7,July,3,68.34,0.13374304945858942,0.1788118232367574,17.084,85.42,56.120000000000005,Low,Profitable,Medium
ORD-10545,2023-07-13,Elizabeth Williams,Corporate,Italy,Europe,Furniture,Folding Table Portable,2,113.15,10,203.67,11.07,56.82,Credit Card,2023,7,July,3,203.67,0.27898070408012965,0.054352629253203714,22.630000000000003,226.3,192.6,Low,Profitable,Low
ORD-10961,2023-07-13,Lucas Suzuki,Corporate,Brazil,South America,Technology,Wireless Ergonomic Mouse,1,61.5,15,52.27,10.75,7.7,Credit Card,2023,7,July,3,52.27,0.14731203367132198,0.20566290415152094,9.225,61.5,41.52,Low,Profitable,Medium
ORD-10511,2023-07-14,Clara Nilsson,Consumer,Japan,Asia Pacific,Office Supplies,Paper Clips Box 500pc,5,3.47,5,16.48,13.6,-4.93,Bank Transfer,2023,7,July,3,16.48,-0.29915048543689315,0.8252427184466019,0.8675000000000002,17.35,2.880000000000001,Medium,Loss-Making,Low
ORD-11806,2023-07-14,Ali Harris,Consumer,Australia,Asia Pacific,Furniture,Ergonomic Office Chair,5,394.43,5,1873.54,12.1,678.15,Bank Transfer,2023,7,July,3,1873.54,0.36196184762535094,0.006458362244734566,98.60750000000002,1972.15,1861.44,Medium,Profitable,Low
ORD-10283,2023-07-15,Hans Singh,Home Office,Spain,Europe,Furniture,Filing Cabinet 3-Drawer,4,161.93,10,582.95,10.19,184.13,Bank Transfer,2023,7,July,3,582.95,0.31585899305257736,0.017480058324041512,64.772,647.72,572.76,Medium,Profitable,Low
ORD-10625,2023-07-15,Olga Schmidt,Consumer,South Korea,Asia Pacific,Furniture,Ergonomic Office Chair,7,233.89,0,1637.23,21.29,633.6,Credit Card,2023,7,July,3,1637.23,0.3869951075902592,0.013003670834274964,0.0,1637.23,1615.94,High,Profitable,No Discount
ORD-11098,2023-07-16,David Thompson,Consumer,Germany,Europe,Clothing & Accessories,Polarized Sunglasses,7,30.7,10,193.41,10.64,75.32,Credit Card,2023,7,July,3,193.41,0.38943177705392684,0.05501266739051756,21.490000000000002,214.9,182.76999999999998,High,Profitable,Low
ORD-11395,2023-07-16,Priya Ali,Home Office,United Kingdom,Europe,Clothing & Accessories,Leather Belt Classic,5,21.72,0,108.6,10.04,44.26,PayPal,2023,7,July,3,108.6,0.4075506445672192,0.09244935543278085,0.0,108.6,98.56,Medium,Profitable,No Discount
ORD-10090,2023-07-17,Jamal Jones,Consumer,Canada,North America,Office Supplies,Whiteboard Markers Set 8,3,18.99,10,51.27,9.87,15.76,Credit Card,2023,7,July,3,51.27,0.30739223717573627,0.19251023990637797,5.697,56.97,41.400000000000006,Medium,Profitable,Low
ORD-10904,2023-07-18,Thomas Thompson,Consumer,India,Asia Pacific,Technology,Wireless Bluetooth Headphones,1,190.35,10,171.31,10.96,55.66,PayPal,2023,7,July,3,171.31,0.3249080614091413,0.06397758449594303,19.035,190.35,160.35,Low,Profitable,Low
ORD-10266,2023-07-19,Fatima Costa,Corporate,India,Asia Pacific,Furniture,Monitor Riser Wood,3,64.89,25,146.0,16.18,13.02,Cash on Delivery,2023,7,July,3,146.0,0.08917808219178082,0.11082191780821918,48.667500000000004,194.67000000000002,129.82,Medium,Profitable,High
ORD-10424,2023-07-19,Diego Davis,Corporate,Spain,Europe,Clothing & Accessories,Leather Belt Classic,2,27.32,10,49.18,10.74,11.12,PayPal,2023,7,July,3,49.18,0.22610817405449368,0.2183814558763725,5.464,54.64,38.44,Low,Profitable,Low
ORD-11061,2023-07-19,Omar Müller,Consumer,China,Asia Pacific,Technology,Mechanical Gaming Keyboard,10,133.95,10,1205.55,21.46,447.36,Credit Card,2023,7,July,3,1205.55,0.37108373771307707,0.017801003691261252,133.95000000000002,1339.5,1184.09,High,Profitable,Low
ORD-11808,2023-07-19,Mary Weber,Corporate,Canada,North America,Technology,Smart LED Desk Lamp,2,56.54,5,107.43,7.32,37.92,PayPal,2023,7,July,3,107.43,0.3529740296006702,0.06813739179000279,5.654,113.08,100.11000000000001,Low,Profitable,Low
ORD-10326,2023-07-20,Amina Johansson,Corporate,Spain,Europe,Furniture,Monitor Riser Wood,1,51.24,20,40.99,8.07,2.18,Cash on Delivery,2023,7,July,3,40.99,0.05318370334227861,0.19687728714320565,10.248000000000001,51.24,32.92,Low,Profitable,Medium
ORD-11349,2023-07-20,Liam Clark,Consumer,Argentina,South America,Technology,Mechanical Gaming Keyboard,13,145.33,5,1794.83,36.04,719.68,Cash on Delivery,2023,7,July,3,1794.83,0.4009739083924383,0.020079896146153117,94.46450000000002,1889.2900000000002,1758.79,High,Profitable,Low
ORD-10681,2023-07-22,Ethan Chen,Corporate,Canada,North America,Clothing & Accessories,Leather Belt Classic,5,27.72,5,131.67,15.56,46.81,PayPal,2023,7,July,3,131.67,0.3555099870889345,0.11817422343738135,6.93,138.6,116.10999999999999,Medium,Profitable,Low
ORD-10996,2023-07-22,Clara Williams,Consumer,Argentina,South America,Clothing & Accessories,Cotton Formal Shirt,2,53.18,5,101.04,13.3,34.56,PayPal,2023,7,July,3,101.04,0.3420427553444181,0.13163103721298494,5.3180000000000005,106.36,87.74000000000001,Low,Profitable,Low
ORD-11167,2023-07-22,Christopher Davis,Consumer,France,Europe,Technology,Noise Cancelling Earbuds,5,167.91,0,839.55,15.17,362.63,Cash on Delivery,2023,7,July,3,839.55,0.4319337740456197,0.018069203740098863,0.0,839.55,824.38,Medium,Profitable,No Discount
ORD-11391,2023-07-22,James Taylor,Consumer,China,Asia Pacific,Office Supplies,Stapler Full-Size,1,16.43,5,15.61,11.32,-3.1,Bank Transfer,2023,7,July,3,15.61,-0.19859064702114032,0.7251761691223575,0.8215,16.43,4.289999999999999,Low,Loss-Making,Low
ORD-10949,2023-07-24,Chen Johnson,Consumer,Nigeria,Middle East & Africa,Furniture,Monitor Riser Wood,2,71.01,15,120.72,13.2,22.31,Cash on Delivery,2023,7,July,3,120.72,0.1848078197481776,0.10934393638170974,21.303,142.02,107.52,Low,Profitable,Medium
ORD-11494,2023-07-25,Fatima Smith,Corporate,Colombia,South America,Clothing & Accessories,Canvas Messenger Bag,1,41.08,0,41.08,11.71,8.83,Cash on Delivery,2023,7,July,3,41.08,0.2149464459591042,0.28505355404089583,0.0,41.08,29.369999999999997,Low,Profitable,No Discount
ORD-10240,2023-07-26,Lucas Jones,Consumer,Argentina,South America,Furniture,Desk Organizer Set,1,21.14,20,16.91,12.08,-7.85,Cash on Delivery,2023,7,July,3,16.91,-0.46422235363690123,0.7143701951507984,4.228000000000001,21.14,4.83,Low,Loss-Making,Medium
ORD-10945,2023-07-26,Karen Thomas,Corporate,United States,North America,Technology,Tablet Stand Holder,1,52.78,0,52.78,6.2,17.55,Credit Card,2023,7,July,3,52.78,0.33251231527093594,0.11746873815839333,0.0,52.78,46.58,Low,Profitable,No Discount
ORD-11589,2023-07-27,Priya Nilsson,Consumer,UAE,Middle East & Africa,Office Supplies,Stapler Full-Size,1,13.41,10,12.07,12.56,-6.52,PayPal,2023,7,July,3,12.07,-0.540182270091135,1.04059652029826,1.3410000000000002,13.41,-0.4900000000000002,Low,Loss-Making,Low
ORD-11824,2023-07-27,Elizabeth Sato,Consumer,UAE,Middle East & Africa,Furniture,Floating Wall Shelves Set,4,75.9,0,303.6,14.96,106.48,PayPal,2023,7,July,3,303.6,0.3507246376811594,0.04927536231884058,0.0,303.6,288.64000000000004,Medium,Profitable,No Discount
ORD-10045,2023-07-28,Sakura Jones,Corporate,Saudi Arabia,Middle East & Africa,Office Supplies,Paper Clips Box 500pc,3,8.95,0,26.85,18.4,-3.63,Bank Transfer,2023,7,July,3,26.85,-0.13519553072625698,0.6852886405959031,0.0,26.849999999999998,8.450000000000003,Medium,Loss-Making,No Discount
ORD-11229,2023-07-28,Xiao Smith,Consumer,Brazil,South America,Technology,USB-C Hub Multiport Adapter,1,20.02,15,17.02,10.98,-4.97,PayPal,2023,7,July,3,17.02,-0.2920094007050529,0.6451233842538191,3.0029999999999997,20.02,6.039999999999999,Low,Loss-Making,Medium
ORD-11934,2023-07-28,Robert Park,Consumer,United States,North America,Office Supplies,Desk Calendar 2025,1,10.76,10,9.68,6.28,-1.44,PayPal,2023,7,July,3,9.68,-0.1487603305785124,0.6487603305785125,1.076,10.76,3.3999999999999995,Low,Loss-Making,Low
ORD-10001,2023-07-29,Joseph Johnson,Corporate,United States,North America,Office Supplies,Tape Dispenser Heavy Duty,2,9.48,0,18.96,6.87,3.56,PayPal,2023,7,July,3,18.96,0.18776371308016876,0.3623417721518987,0.0,18.96,12.09,Low,Profitable,No Discount
ORD-11199,2023-07-29,Liam Wang,Consumer,China,Asia Pacific,Technology,Tablet Stand Holder,3,33.19,15,84.63,11.24,18.63,Credit Card,2023,7,July,3,84.63,0.22013470400567176,0.13281342313600378,14.935499999999998,99.57,73.39,Medium,Profitable,Medium
ORD-11680,2023-07-30,Olivia Sharma,Corporate,UAE,Middle East & Africa,Furniture,Monitor Riser Wood,3,73.54,15,187.53,13.35,41.81,Bank Transfer,2023,7,July,3,187.53,0.22295099450754546,0.0711886098224284,33.092999999999996,220.62,174.18,Medium,Profitable,Medium
ORD-10755,2023-07-31,William Martinez,Corporate,South Korea,Asia Pacific,Technology,Tablet Stand Holder,1,19.91,5,18.91,9.86,-1.9,Credit Card,2023,7,July,3,18.91,-0.10047593865679534,0.5214172395557906,0.9955,19.91,9.05,Low,Loss-Making,Low
ORD-11247,2023-07-31,Felix Costa,Home Office,Saudi Arabia,Middle East & Africa,Furniture,Bookshelf 5-Tier,4,96.5,20,308.8,14.49,62.71,Bank Transfer,2023,7,July,3,308.8,0.20307642487046632,0.04692357512953368,77.2,386.0,294.31,Medium,Profitable,Medium
ORD-10225,2023-08-01,Noah Smith,Corporate,France,Europe,Technology,Mechanical Gaming Keyboard,10,104.58,30,732.06,14.85,142.02,Credit Card,2023,8,August,3,732.06,0.19400049176297027,0.020285222522744038,313.73999999999995,1045.8,717.2099999999999,High,Profitable,High
ORD-10281,2023-08-01,Thomas Chen,Corporate,Brazil,South America,Furniture,Folding Table Portable,3,83.44,10,225.29,15.17,59.93,Bank Transfer,2023,8,August,3,225.29,0.2660126947489902,0.06733543432908695,25.032,250.32,210.12,Medium,Profitable,Low
ORD-10980,2023-08-01,Olivia Moreau,Consumer,Canada,North America,Clothing & Accessories,Canvas Messenger Bag,10,64.87,5,616.26,14.5,277.41,Bank Transfer,2023,8,August,3,616.26,0.45015091033005555,0.02352902995488917,32.435,648.7,601.76,High,Profitable,Low
ORD-11339,2023-08-01,Noah Oliveira,Consumer,United Kingdom,Europe,Furniture,Mesh Back Task Chair,3,182.51,5,520.15,8.9,182.73,PayPal,2023,8,August,3,520.15,0.35130250889166587,0.017110448908968567,27.3765,547.53,511.25,Medium,Profitable,Low
ORD-10459,2023-08-02,Noah Russo,Home Office,Japan,Asia Pacific,Office Supplies,Tape Dispenser Heavy Duty,5,10.99,5,52.2,12.66,14.81,Cash on Delivery,2023,8,August,3,52.2,0.28371647509578546,0.24252873563218388,2.7475000000000005,54.95,39.540000000000006,Medium,Profitable,Low
ORD-10885,2023-08-03,Amir Singh,Corporate,Mexico,North America,Office Supplies,Premium Notebook Set A5,3,10.7,5,30.49,11.92,4.13,Credit Card,2023,8,August,3,30.49,0.13545424729419484,0.39094785175467367,1.6049999999999998,32.099999999999994,18.57,Medium,Profitable,Low
ORD-10680,2023-08-04,Mary Miller,Consumer,Argentina,South America,Office Supplies,Ballpoint Pen Pack 12,5,7.28,5,34.58,20.71,-2.51,PayPal,2023,8,August,3,34.58,-0.07258530942741469,0.598901098901099,1.82,36.4,13.869999999999997,Medium,Loss-Making,Low
ORD-11530,2023-08-04,Olivia Rossi,Consumer,Saudi Arabia,Middle East & Africa,Furniture,Folding Table Portable,2,44.23,10,79.61,13.7,12.83,PayPal,2023,8,August,3,79.61,0.16116065820876774,0.17208893355106142,8.846,88.46,65.91,Low,Profitable,Low
ORD-11642,2023-08-04,Wei Li,Corporate,Mexico,North America,Technology,Wireless Bluetooth Headphones,2,151.07,25,226.6,7.84,52.58,Credit Card,2023,8,August,3,226.6,0.2320388349514563,0.03459841129744042,75.535,302.14,218.76,Low,Profitable,High
ORD-10228,2023-08-05,Sakura Rodriguez,Corporate,China,Asia Pacific,Technology,Wireless Ergonomic Mouse,1,35.7,10,32.13,11.04,1.46,PayPal,2023,8,August,3,32.13,0.04544039838157485,0.3436041083099906,3.5700000000000003,35.7,21.090000000000003,Low,Profitable,Low
ORD-10254,2023-08-05,Christopher Rossi,Corporate,Japan,Asia Pacific,Office Supplies,Ballpoint Pen Pack 12,7,15.21,20,85.18,24.79,12.48,Credit Card,2023,8,August,3,85.18,0.14651326602488846,0.2910307583939892,21.294,106.47,60.39000000000001,High,Profitable,Medium
ORD-10418,2023-08-05,Michael Rodriguez,Consumer,Brazil,South America,Furniture,Standing Desk Converter,1,206.62,10,185.96,11.69,50.3,Bank Transfer,2023,8,August,3,185.96,0.27048827704882766,0.06286298128629812,20.662000000000003,206.62,174.27,Low,Profitable,Low
ORD-10842,2023-08-06,Hans Anderson,Consumer,Colombia,South America,Clothing & Accessories,Canvas Messenger Bag,1,34.17,15,29.04,12.01,-0.06,Credit Card,2023,8,August,3,29.04,-0.002066115702479339,0.41356749311294766,5.1255,34.17,17.03,Low,Loss-Making,Medium
ORD-11769,2023-08-06,Liam Johansson,Corporate,South Africa,Middle East & Africa,Office Supplies,Desk Calendar 2025,5,9.43,5,44.79,22.42,1.15,Credit Card,2023,8,August,3,44.79,0.025675373967403436,0.5005581603036392,2.3575,47.15,22.369999999999997,Medium,Profitable,Low
ORD-11929,2023-08-06,James Schmidt,Consumer,India,Asia Pacific,Technology,Webcam HD 1080p,3,67.35,0,202.05,12.44,78.48,PayPal,2023,8,August,3,202.05,0.38841870824053454,0.06156891858450878,0.0,202.04999999999998,189.61,Medium,Profitable,No Discount
ORD-11501,2023-08-07,Wei Yamamoto,Corporate,Spain,Europe,Clothing & Accessories,Canvas Messenger Bag,3,75.47,5,215.09,10.4,91.48,Bank Transfer,2023,8,August,3,215.09,0.42531033520851735,0.04835185271281789,11.320500000000001,226.41,204.69,Medium,Profitable,Low
ORD-10363,2023-08-08,Linda Brown,Consumer,Mexico,North America,Technology,Mechanical Gaming Keyboard,3,91.18,10,246.19,8.58,87.16,Cash on Delivery,2023,8,August,3,246.19,0.35403550103578535,0.03485113124009911,27.354000000000003,273.54,237.60999999999999,Medium,Profitable,Low
ORD-10496,2023-08-08,Jamal Ahmed,Corporate,Mexico,North America,Technology,Webcam HD 1080p,2,88.88,10,159.98,7.63,54.58,Bank Transfer,2023,8,August,3,159.98,0.3411676459557445,0.04769346168271034,17.776,177.76,152.35,Low,Profitable,Low
ORD-11960,2023-08-08,Ahmed Singh,Home Office,United Kingdom,Europe,Furniture,Mesh Back Task Chair,3,120.89,20,290.14,14.12,58.42,PayPal,2023,8,August,3,290.14,0.20135107189632592,0.04866616116357621,72.534,362.67,276.02,Medium,Profitable,Medium
ORD-10838,2023-08-09,Pierre Wang,Consumer,France,Europe,Clothing & Accessories,Business Casual Blazer,8,48.11,20,307.9,25.57,89.89,PayPal,2023,8,August,3,307.9,0.2919454368301397,0.0830464436505359,76.976,384.88,282.33,High,Profitable,Medium
ORD-11909,2023-08-10,Ivan Davis,Corporate,Australia,Asia Pacific,Furniture,Folding Table Portable,5,79.11,10,356.0,16.05,102.62,Credit Card,2023,8,August,3,356.0,0.28825842696629217,0.04508426966292135,39.55500000000001,395.55,339.95,Medium,Profitable,Low
ORD-10030,2023-08-11,Giulia Taylor,Corporate,Brazil,South America,Office Supplies,Whiteboard Markers Set 8,2,17.66,15,30.02,13.05,1.08,Credit Card,2023,8,August,3,30.02,0.03597601598934044,0.43471019320453036,5.298,35.32,16.97,Low,Profitable,Medium
ORD-11169,2023-08-11,Hanna Rossi,Consumer,Germany,Europe,Office Supplies,Binder Clips Assorted 48pc,5,7.76,10,34.92,15.79,1.67,PayPal,2023,8,August,3,34.92,0.047823596792668954,0.452176403207331,3.88,38.8,19.130000000000003,Medium,Profitable,Low
ORD-11178,2023-08-11,William Kim,Consumer,Canada,North America,Furniture,Bookshelf 5-Tier,3,97.26,10,262.6,10.56,76.97,Cash on Delivery,2023,8,August,3,262.6,0.2931073876618431,0.04021325209444021,29.178000000000004,291.78000000000003,252.04000000000002,Medium,Profitable,Low
ORD-10651,2023-08-12,Giulia Pereira,Consumer,South Korea,Asia Pacific,Clothing & Accessories,Leather Belt Classic,1,18.19,0,18.19,9.63,-0.54,Credit Card,2023,8,August,3,18.19,-0.029686641011544803,0.5294117647058824,0.0,18.19,8.56,Low,Loss-Making,No Discount
ORD-10737,2023-08-12,Barbara Hassan,Consumer,Australia,Asia Pacific,Technology,Laptop Stand Adjustable,8,75.46,15,513.13,16.19,164.92,Credit Card,2023,8,August,3,513.13,0.3214000350788299,0.031551458694677764,90.55199999999999,603.68,496.94,High,Profitable,Medium
ORD-10952,2023-08-13,Karen Zhang,Home Office,India,Asia Pacific,Office Supplies,Premium Notebook Set A5,2,16.46,10,29.63,13.64,1.18,Credit Card,2023,8,August,3,29.63,0.03982450219372258,0.46034424569692883,3.2920000000000003,32.92,15.989999999999998,Low,Profitable,Low
ORD-11481,2023-08-13,Clara Clark,Home Office,Mexico,North America,Furniture,Monitor Riser Wood,1,55.59,5,52.81,6.11,13.35,Credit Card,2023,8,August,3,52.81,0.2527930316227987,0.11569778451050937,2.7795000000000005,55.59,46.7,Low,Profitable,Low
ORD-10852,2023-08-14,Oscar White,Corporate,United States,North America,Clothing & Accessories,Travel Backpack 30L,1,78.86,10,70.97,7.4,24.14,Credit Card,2023,8,August,3,70.97,0.3401437226997323,0.10426940960969425,7.886,78.86,63.57,Low,Profitable,Low
ORD-11667,2023-08-14,John Brown,Consumer,Germany,Europe,Technology,Noise Cancelling Earbuds,1,89.29,5,84.83,9.18,26.54,PayPal,2023,8,August,3,84.83,0.31286101614994694,0.10821643286573146,4.4645,89.29,75.65,Low,Profitable,Low
ORD-10277,2023-08-15,Amina Ali,Consumer,United States,North America,Clothing & Accessories,Leather Wallet Minimalist,1,22.46,5,21.34,6.95,3.16,Credit Card,2023,8,August,3,21.34,0.14807872539831304,0.32567947516401125,1.123,22.46,14.39,Low,Profitable,Low
ORD-10356,2023-08-15,Oscar Thomas,Home Office,Canada,North America,Office Supplies,Stapler Full-Size,4,12.89,5,48.98,9.57,16.21,Credit Card,2023,8,August,3,48.98,0.33095140873826057,0.1953858717844018,2.5780000000000003,51.56,39.41,Medium,Profitable,Low
ORD-10367,2023-08-15,Karen Russo,Consumer,France,Europe,Technology,Laptop Stand Adjustable,9,27.41,0,246.69,12.06,98.95,Credit Card,2023,8,August,3,246.69,0.4011107057440513,0.0488872674206494,0.0,246.69,234.63,High,Profitable,No Discount
ORD-10558,2023-08-16,Susan Wang,Consumer,Argentina,South America,Clothing & Accessories,Travel Backpack 30L,6,78.77,0,472.62,19.75,216.56,PayPal,2023,8,August,3,472.62,0.4582116711099827,0.04178832889001735,0.0,472.62,452.87,High,Profitable,No Discount
ORD-11332,2023-08-16,Fatima Patel,Home Office,Mexico,North America,Clothing & Accessories,Business Casual Blazer,1,62.43,10,56.19,7.27,17.7,Credit Card,2023,8,August,3,56.19,0.3150026695141484,0.12938245239366436,6.243,62.43,48.92,Low,Profitable,Low
ORD-11526,2023-08-16,Ethan Kim,Corporate,Colombia,South America,Clothing & Accessories,Business Casual Blazer,1,59.71,15,50.75,11.43,9.46,PayPal,2023,8,August,3,50.75,0.18640394088669954,0.22522167487684727,8.9565,59.71,39.32,Low,Profitable,Medium
ORD-11846,2023-08-16,Jennifer Garcia,Consumer,Argentina,South America,Clothing & Accessories,Business Casual Blazer,2,148.55,10,267.39,14.84,104.0,Cash on Delivery,2023,8,August,3,267.39,0.38894498672351246,0.055499457720931976,29.710000000000004,297.1,252.54999999999998,Low,Profitable,Low
ORD-10917,2023-08-17,Kenji Suzuki,Corporate,Canada,North America,Office Supplies,Whiteboard Markers Set 8,2,12.61,25,18.91,9.18,-1.62,Credit Card,2023,8,August,3,18.91,-0.08566895822316235,0.4854574299312533,6.305,25.22,9.73,Low,Loss-Making,High
ORD-11070,2023-08-18,Wei Santos,Corporate,Canada,North America,Clothing & Accessories,Sports Water Bottle 750ml,1,8.92,0,8.92,7.37,-2.91,PayPal,2023,8,August,3,8.92,-0.32623318385650224,0.8262331838565022,0.0,8.92,1.5499999999999998,Low,Loss-Making,No Discount
ORD-11557,2023-08-18,Liam Pereira,Home Office,Australia,Asia Pacific,Clothing & Accessories,Cotton Formal Shirt,3,48.47,20,116.33,10.91,32.72,Bank Transfer,2023,8,August,3,116.33,0.28126880426373246,0.09378492220407461,29.082,145.41,105.42,Medium,Profitable,Medium
ORD-10783,2023-08-19,Ava Clark,Corporate,Nigeria,Middle East & Africa,Technology,Noise Cancelling Earbuds,1,156.51,30,109.56,13.21,10.27,PayPal,2023,8,August,3,109.56,0.09373859072654253,0.12057320189850311,46.952999999999996,156.51,96.35,Low,Profitable,High
ORD-10954,2023-08-19,Mary Hassan,Home Office,United States,North America,Clothing & Accessories,Leather Wallet Minimalist,6,64.17,10,346.52,9.61,144.4,PayPal,2023,8,August,3,346.52,0.4167147639385894,0.02773288699064989,38.502,385.02,336.90999999999997,High,Profitable,Low
ORD-11085,2023-08-19,Felix Smith,Consumer,United Kingdom,Europe,Furniture,Monitor Riser Wood,1,57.21,15,48.63,7.77,6.53,Cash on Delivery,2023,8,August,3,48.63,0.13427925149084927,0.1597779148673658,8.5815,57.21,40.86,Low,Profitable,Medium
ORD-11684,2023-08-19,Barbara Jones,Consumer,Mexico,North America,Office Supplies,Binder Clips Assorted 48pc,1,14.44,5,13.72,6.28,0.94,Credit Card,2023,8,August,3,13.72,0.06851311953352769,0.4577259475218659,0.722,14.44,7.44,Low,Profitable,Low
ORD-10820,2023-08-22,Christopher Williams,Home Office,Australia,Asia Pacific,Technology,Wireless Bluetooth Headphones,3,100.41,5,286.17,16.29,104.2,Credit Card,2023,8,August,3,286.17,0.36411922982842365,0.05692420589160289,15.061500000000002,301.23,269.88,Medium,Profitable,Low
ORD-11293,2023-08-22,Priya Weber,Consumer,Saudi Arabia,Middle East & Africa,Office Supplies,Premium Notebook Set A5,2,8.3,5,15.77,15.44,-7.14,PayPal,2023,8,August,3,15.77,-0.4527584020291693,0.9790741915028535,0.8300000000000001,16.6,0.33000000000000007,Low,Loss-Making,Low
ORD-11529,2023-08-22,Patricia Jackson,Corporate,Italy,Europe,Office Supplies,Stapler Full-Size,12,10.19,10,110.05,25.93,29.09,Credit Card,2023,8,August,3,110.05,0.2643343934575193,0.235620172648796,12.228000000000002,122.28,84.12,High,Profitable,Low
ORD-10009,2023-08-23,Xiao Laurent,Consumer,Japan,Asia Pacific,Office Supplies,Tape Dispenser Heavy Duty,5,20.76,5,98.61,14.44,37.46,Credit Card,2023,8,August,3,98.61,0.37988033667984994,0.1464354527938343,5.190000000000001,103.80000000000001,84.17,Medium,Profitable,Low
ORD-10301,2023-08-23,Jamal Leroy,Home Office,Brazil,South America,Office Supplies,Highlighters Neon Pack 6,4,6.4,20,20.48,13.95,-4.99,Credit Card,2023,8,August,3,20.48,-0.24365234375,0.68115234375,5.120000000000001,25.6,6.530000000000001,Medium,Loss-Making,Medium
ORD-10738,2023-08-23,Liam Ali,Home Office,Italy,Europe,Technology,Wireless Bluetooth Headphones,9,156.74,0,1410.66,15.34,619.46,PayPal,2023,8,August,3,1410.66,0.4391277841577701,0.010874342506344547,0.0,1410.66,1395.3200000000002,High,Profitable,No Discount
ORD-11681,2023-08-23,Barbara Ali,Consumer,Brazil,South America,Furniture,Folding Table Portable,2,127.96,0,255.92,12.79,89.58,Credit Card,2023,8,August,3,255.92,0.3500312597686777,0.04997655517349171,0.0,255.92,243.13,Low,Profitable,No Discount
ORD-11234,2023-08-24,Ivan Pereira,Home Office,Saudi Arabia,Middle East & Africa,Clothing & Accessories,Leather Belt Classic,14,36.74,5,488.64,27.48,203.98,PayPal,2023,8,August,3,488.64,0.41744433529796987,0.056237721021611,25.718000000000004,514.36,461.15999999999997,High,Profitable,Low
ORD-10023,2023-08-25,Omar Singh,Consumer,South Africa,Middle East & Africa,Clothing & Accessories,Sports Water Bottle 750ml,2,11.42,0,22.84,13.37,-1.95,PayPal,2023,8,August,3,22.84,-0.08537653239929947,0.5853765323992994,0.0,22.84,9.47,Low,Loss-Making,No Discount
ORD-11515,2023-08-25,Ethan Rodriguez,Corporate,Italy,Europe,Clothing & Accessories,Wool Blend Scarf,4,37.02,10,133.27,9.44,49.79,Cash on Delivery,2023,8,August,3,133.27,0.37360246116905527,0.07083364598184136,14.808000000000002,148.08,123.83000000000001,Medium,Profitable,Low
ORD-11537,2023-08-25,Pierre Romano,Consumer,Canada,North America,Technology,Portable External SSD 1TB,9,82.15,10,665.42,21.38,237.4,Bank Transfer,2023,8,August,3,665.42,0.3567671545790629,0.032130083255688134,73.935,739.35,644.04,High,Profitable,Low
ORD-10550,2023-08-27,Omar Park,Consumer,United Kingdom,Europe,Technology,USB-C Hub Multiport Adapter,2,53.25,5,101.17,8.08,34.52,PayPal,2023,8,August,3,101.17,0.34120786794504304,0.07986557279826036,5.325,106.5,93.09,Low,Profitable,Low
ORD-10927,2023-08-27,Michael Khan,Corporate,Canada,North America,Furniture,Corner L-Shaped Desk,3,185.14,5,527.65,9.42,184.98,PayPal,2023,8,August,3,527.65,0.35057329669288356,0.017852743295745287,27.771,555.42,518.23,Medium,Profitable,Low
ORD-11657,2023-08-27,Richard Tanaka,Consumer,South Africa,Middle East & Africa,Clothing & Accessories,Silk Tie Collection,3,29.47,10,79.57,14.83,20.53,Credit Card,2023,8,August,3,79.57,0.25801181349754937,0.18637677516652007,8.841,88.41,64.74,Medium,Profitable,Low
ORD-10201,2023-08-29,Ayumi Martin,Consumer,Nigeria,Middle East & Africa,Office Supplies,Sticky Notes Multicolor 6-Pack,5,6.31,10,28.39,22.11,-7.92,PayPal,2023,8,August,3,28.39,-0.27897146882705176,0.7787953504755195,3.155,31.549999999999997,6.280000000000001,Medium,Loss-Making,Low
ORD-10457,2023-08-29,Omar Hassan,Consumer,China,Asia Pacific,Clothing & Accessories,Cotton Formal Shirt,6,50.95,25,229.28,18.09,58.34,PayPal,2023,8,August,3,229.28,0.25444870900209354,0.07889916259595255,76.42500000000001,305.70000000000005,211.19,High,Profitable,High
ORD-10219,2023-08-30,Giulia Anderson,Consumer,India,Asia Pacific,Office Supplies,Premium Notebook Set A5,2,13.7,5,26.03,11.05,2.65,Cash on Delivery,2023,8,August,3,26.03,0.10180560891279292,0.4245101805608913,1.37,27.4,14.98,Low,Profitable,Low
ORD-10571,2023-08-30,Chen Rodriguez,Home Office,Spain,Europe,Office Supplies,Highlighters Neon Pack 6,5,8.73,20,34.92,13.19,2.09,Cash on Delivery,2023,8,August,3,34.92,0.05985108820160366,0.3777205040091638,8.730000000000002,43.650000000000006,21.730000000000004,Medium,Profitable,Medium
ORD-10688,2023-08-30,Mia Davis,Consumer,South Korea,Asia Pacific,Technology,Wireless Ergonomic Mouse,1,34.68,10,31.21,10.64,1.5,Credit Card,2023,8,August,3,31.21,0.04806151874399231,0.34091637295738547,3.468,34.68,20.57,Low,Profitable,Low
ORD-11628,2023-08-30,Isabella Taylor,Corporate,Mexico,North America,Clothing & Accessories,Silk Tie Collection,1,25.23,30,17.66,6.63,-1.58,PayPal,2023,8,August,3,17.66,-0.08946772366930918,0.3754246885617214,7.569,25.23,11.030000000000001,Low,Loss-Making,High
ORD-10153,2023-08-31,Mary Martin,Corporate,Japan,Asia Pacific,Furniture,Bookshelf 5-Tier,3,116.76,20,280.22,14.72,55.33,Credit Card,2023,8,August,3,280.22,0.19745200199842977,0.0525301548783099,70.05600000000001,350.28000000000003,265.5,Medium,Profitable,Medium
ORD-10320,2023-08-31,Priya Jackson,Consumer,Mexico,North America,Office Supplies,Binder Clips Assorted 48pc,4,13.92,5,52.9,10.83,17.01,Credit Card,2023,8,August,3,52.9,0.32155009451795846,0.20472589792060492,2.7840000000000003,55.68,42.07,Medium,Profitable,Low
ORD-11328,2023-08-31,Mary Chen,Home Office,Germany,Europe,Technology,Portable External SSD 1TB,5,76.29,5,362.38,19.14,133.44,PayPal,2023,8,August,3,362.38,0.3682322423974833,0.05281748440863183,19.0725,381.45000000000005,343.24,Medium,Profitable,Low
ORD-11379,2023-08-31,Omar Park,Corporate,Mexico,North America,Technology,Webcam HD 1080p,1,37.56,5,35.68,5.59,9.43,PayPal,2023,8,August,3,35.68,0.26429372197309414,0.15667040358744394,1.8780000000000001,37.56,30.09,Low,Profitable,Low
ORD-11780,2023-08-31,Clara Tanaka,Corporate,UAE,Middle East & Africa,Technology,Tablet Stand Holder,3,20.28,0,60.84,15.83,11.55,Credit Card,2023,8,August,3,60.84,0.1898422090729783,0.26019066403681784,0.0,60.84,45.010000000000005,Medium,Profitable,No Discount
ORD-11483,2023-09-01,Clara Robinson,Home Office,France,Europe,Office Supplies,Desk Calendar 2025,4,9.05,0,36.2,10.13,9.78,Cash on Delivery,2023,9,September,3,36.2,0.27016574585635356,0.27983425414364643,0.0,36.2,26.07,Medium,Profitable,No Discount
ORD-11717,2023-09-02,Michael Ali,Consumer,Germany,Europe,Technology,Smart LED Desk Lamp,13,26.62,15,294.15,30.98,72.84,Credit Card,2023,9,September,3,294.15,0.24762876083630803,0.10532041475437703,51.909,346.06,263.16999999999996,High,Profitable,Medium
ORD-11161,2023-09-03,Yuki Zhang,Consumer,United States,North America,Clothing & Accessories,Silk Tie Collection,1,17.03,25,12.77,6.99,-2.74,Bank Transfer,2023,9,September,3,12.77,-0.21456538762725139,0.5473766640563822,4.2575,17.03,5.779999999999999,Low,Loss-Making,High
ORD-11422,2023-09-03,David Clark,Consumer,Germany,Europe,Furniture,Folding Table Portable,10,67.1,10,603.9,14.47,186.83,Cash on Delivery,2023,9,September,3,603.9,0.3093724126511012,0.02396092068223216,67.10000000000001,671.0,589.43,High,Profitable,Low
ORD-11685,2023-09-03,John Laurent,Consumer,Mexico,North America,Furniture,Bookshelf 5-Tier,2,199.2,10,358.56,9.53,109.99,Credit Card,2023,9,September,3,358.56,0.30675479696564034,0.026578536367692994,39.84,398.4,349.03000000000003,Low,Profitable,Low
ORD-10341,2023-09-04,Ethan Yamamoto,Home Office,Australia,Asia Pacific,Office Supplies,Highlighters Neon Pack 6,1,7.16,10,6.44,10.26,-7.04,Credit Card,2023,9,September,3,6.44,-1.0931677018633539,1.5931677018633539,0.7160000000000001,7.16,-3.8199999999999994,Low,Loss-Making,Low
ORD-10872,2023-09-04,Olga Leroy,Consumer,India,Asia Pacific,Office Supplies,Binder Clips Assorted 48pc,1,12.17,15,10.34,11.21,-6.35,Bank Transfer,2023,9,September,3,10.34,-0.6141199226305609,1.084139264990329,1.8255,12.17,-0.870000000000001,Low,Loss-Making,Medium
ORD-11441,2023-09-05,Noah Taylor,Consumer,United States,North America,Office Supplies,Whiteboard Markers Set 8,5,19.47,5,92.48,11.28,37.39,Cash on Delivery,2023,9,September,3,92.48,0.40430363321799306,0.12197231833910033,4.8675,97.35,81.2,Medium,Profitable,Low
ORD-11906,2023-09-05,Amina Johansson,Consumer,United Kingdom,Europe,Clothing & Accessories,Sports Water Bottle 750ml,2,14.43,10,25.97,9.92,1.62,PayPal,2023,9,September,3,25.97,0.06237966884867155,0.38197920677705044,2.886,28.86,16.049999999999997,Low,Profitable,Low
ORD-10447,2023-09-06,Hans Smith,Consumer,Australia,Asia Pacific,Office Supplies,Whiteboard Markers Set 8,2,11.34,0,22.68,13.99,-1.52,PayPal,2023,9,September,3,22.68,-0.06701940035273368,0.6168430335097002,0.0,22.68,8.69,Low,Loss-Making,No Discount
ORD-11532,2023-09-06,Yuki Rodriguez,Corporate,Mexico,North America,Technology,Mechanical Gaming Keyboard,1,152.34,5,144.72,7.22,53.71,Credit Card,2023,9,September,3,144.72,0.371130458817026,0.04988944168048646,7.617000000000001,152.34,137.5,Low,Profitable,Low
ORD-11533,2023-09-06,Jamal Clark,Consumer,South Africa,Middle East & Africa,Technology,Smart LED Desk Lamp,1,27.11,5,25.75,13.15,-2.31,Bank Transfer,2023,9,September,3,25.75,-0.08970873786407767,0.5106796116504855,1.3555000000000001,27.11,12.6,Low,Loss-Making,Low
ORD-11601,2023-09-06,Sarah Jackson,Home Office,Brazil,South America,Furniture,Ergonomic Office Chair,2,426.27,10,767.29,12.53,243.24,Credit Card,2023,9,September,3,767.29,0.3170118208239388,0.01633020109736866,85.254,852.54,754.76,Low,Profitable,Low
ORD-11867,2023-09-06,Thomas Santos,Consumer,United States,North America,Clothing & Accessories,Travel Backpack 30L,1,42.55,5,40.42,7.38,11.77,Credit Card,2023,9,September,3,40.42,0.2911924789708065,0.1825828797624938,2.1275,42.55,33.04,Low,Profitable,Low
ORD-11030,2023-09-07,Chen Patel,Home Office,Japan,Asia Pacific,Technology,USB-C Hub Multiport Adapter,5,28.98,0,144.9,12.42,52.78,Cash on Delivery,2023,9,September,3,144.9,0.3642512077294686,0.08571428571428572,0.0,144.9,132.48000000000002,Medium,Profitable,No Discount
ORD-11191,2023-09-08,Maria Rodriguez,Consumer,United States,North America,Clothing & Accessories,Canvas Messenger Bag,1,79.27,10,71.34,6.56,25.15,Credit Card,2023,9,September,3,71.34,0.35253714606111575,0.09195402298850573,7.927,79.27,64.78,Low,Profitable,Low
ORD-11520,2023-09-08,Olga Taylor,Consumer,United States,North America,Furniture,Monitor Riser Wood,6,47.47,0,284.82,11.93,102.0,Credit Card,2023,9,September,3,284.82,0.3581209184748262,0.04188610350396742,0.0,284.82,272.89,High,Profitable,No Discount
ORD-11840,2023-09-08,Omar Russo,Home Office,Australia,Asia Pacific,Office Supplies,Paper Clips Box 500pc,4,4.19,0,16.76,13.27,-4.05,Credit Card,2023,9,September,3,16.76,-0.2416467780429594,0.7917661097852028,0.0,16.76,3.490000000000002,Medium,Loss-Making,No Discount
ORD-10500,2023-09-09,Sakura Ali,Consumer,Nigeria,Middle East & Africa,Technology,Smart LED Desk Lamp,2,61.26,10,110.27,14.33,28.55,Credit Card,2023,9,September,3,110.27,0.25890994830869685,0.12995374988664188,12.252,122.52,95.94,Low,Profitable,Low
ORD-11461,2023-09-09,Marco Sato,Consumer,Mexico,North America,Office Supplies,Binder Clips Assorted 48pc,2,13.62,15,23.15,7.75,3.14,PayPal,2023,9,September,3,23.15,0.13563714902807777,0.3347732181425486,4.085999999999999,27.24,15.399999999999999,Low,Profitable,Medium
ORD-10713,2023-09-10,Sophie Brown,Corporate,Mexico,North America,Technology,Wireless Bluetooth Headphones,2,66.08,10,118.94,9.35,36.9,Credit Card,2023,9,September,3,118.94,0.3102404573734656,0.0786110644022196,13.216000000000001,132.16,109.59,Low,Profitable,Low
ORD-10908,2023-09-10,Diego Harris,Consumer,Italy,Europe,Technology,Mechanical Gaming Keyboard,1,77.47,0,77.47,9.23,25.63,Bank Transfer,2023,9,September,3,77.47,0.3308377436427004,0.11914289402349297,0.0,77.47,68.24,Low,Profitable,No Discount
ORD-11544,2023-09-10,Noah Moreau,Corporate,Italy,Europe,Furniture,Filing Cabinet 3-Drawer,10,83.62,20,668.96,31.2,136.04,Cash on Delivery,2023,9,September,3,668.96,0.20336044008610377,0.04663955991389619,167.24,836.2,637.76,High,Profitable,Medium
ORD-10399,2023-09-11,Chen Garcia,Consumer,China,Asia Pacific,Technology,Wireless Ergonomic Mouse,1,51.7,10,46.53,10.95,7.14,Cash on Delivery,2023,9,September,3,46.53,0.15344938749194068,0.2353320438426821,5.170000000000001,51.7,35.58,Low,Profitable,Low
ORD-10576,2023-09-11,Fatima Wang,Consumer,India,Asia Pacific,Office Supplies,Ballpoint Pen Pack 12,4,7.5,10,27.0,11.42,2.08,PayPal,2023,9,September,3,27.0,0.07703703703703704,0.422962962962963,3.0,30.0,15.58,Medium,Profitable,Low
ORD-11991,2023-09-11,Hanna Santos,Home Office,South Korea,Asia Pacific,Technology,Portable External SSD 1TB,1,149.93,10,134.94,9.79,42.69,Credit Card,2023,9,September,3,134.94,0.31636282792352155,0.07255076330220839,14.993000000000002,149.93,125.15,Low,Profitable,Low
ORD-11518,2023-09-13,Ingrid Weber,Corporate,United States,North America,Furniture,Mesh Back Task Chair,5,107.46,15,456.7,9.9,124.42,PayPal,2023,9,September,3,456.7,0.2724326691482374,0.02167724983577841,80.59499999999998,537.3,446.8,Medium,Profitable,Medium
ORD-11795,2023-09-14,Ali Johnson,Corporate,Mexico,North America,Furniture,Monitor Riser Wood,14,61.54,30,603.09,33.58,52.57,Credit Card,2023,9,September,3,603.09,0.08716775274005538,0.05567991510388167,258.46799999999996,861.56,569.51,High,Profitable,High
ORD-11323,2023-09-15,Hanna Khan,Consumer,Colombia,South America,Technology,Tablet Stand Holder,2,25.4,0,50.8,12.94,9.92,Credit Card,2023,9,September,3,50.8,0.1952755905511811,0.2547244094488189,0.0,50.8,37.86,Low,Profitable,No Discount
ORD-10752,2023-09-16,Liam Laurent,Consumer,Mexico,North America,Furniture,Folding Table Portable,6,110.59,10,597.19,11.12,187.95,PayPal,2023,9,September,3,597.19,0.3147239571995512,0.018620539526783768,66.354,663.54,586.07,High,Profitable,Low
ORD-11390,2023-09-16,Elizabeth Martin,Consumer,United Kingdom,Europe,Technology,Wireless Ergonomic Mouse,5,25.73,15,109.35,11.76,26.83,Bank Transfer,2023,9,September,3,109.35,0.2453589391860997,0.1075445816186557,19.2975,128.65,97.58999999999999,Medium,Profitable,Medium
ORD-11884,2023-09-16,Joseph Martinez,Home Office,Canada,North America,Office Supplies,Binder Clips Assorted 48pc,1,12.82,20,10.26,6.98,-2.49,Bank Transfer,2023,9,September,3,10.26,-0.24269005847953218,0.6803118908382066,2.564,12.82,3.2799999999999994,Low,Loss-Making,Medium
ORD-11239,2023-09-17,Ali Johansson,Corporate,United States,North America,Clothing & Accessories,Business Casual Blazer,5,133.6,25,501.0,14.42,152.58,Credit Card,2023,9,September,3,501.0,0.3045508982035928,0.02878243512974052,167.0,668.0,486.58,Medium,Profitable,High
ORD-11890,2023-09-17,Michael Li,Corporate,Canada,North America,Furniture,Monitor Riser Wood,7,67.53,5,449.07,22.4,143.04,Credit Card,2023,9,September,3,449.07,0.3185249515665709,0.04988086489856815,23.635500000000004,472.71000000000004,426.67,High,Profitable,Low
ORD-11911,2023-09-18,Lucas Thomas,Corporate,China,Asia Pacific,Clothing & Accessories,Travel Backpack 30L,2,36.08,30,50.51,12.81,1.62,PayPal,2023,9,September,3,50.51,0.03207285686002772,0.2536131459117007,21.648,72.16,37.699999999999996,Low,Profitable,High
ORD-10321,2023-09-19,Ahmed Sharma,Home Office,United States,North America,Office Supplies,Desk Calendar 2025,3,7.89,15,20.12,7.38,2.09,Credit Card,2023,9,September,3,20.12,0.10387673956262425,0.36679920477137173,3.5504999999999995,23.669999999999998,12.740000000000002,Medium,Profitable,Medium
ORD-10600,2023-09-19,Kenji Taylor,Consumer,Japan,Asia Pacific,Furniture,Mesh Back Task Chair,4,197.76,5,751.49,15.67,261.2,PayPal,2023,9,September,3,751.49,0.34757614871788045,0.02085190754367989,39.552,791.04,735.82,Medium,Profitable,Low
ORD-10955,2023-09-20,James Clark,Consumer,South Africa,Middle East & Africa,Furniture,Floating Wall Shelves Set,4,55.59,10,200.12,16.82,49.88,Bank Transfer,2023,9,September,3,200.12,0.24925044973016192,0.08404957025784529,22.236000000000004,222.36,183.3,Medium,Profitable,Low
ORD-10891,2023-09-21,Xiao Wang,Consumer,Argentina,South America,Furniture,Bookshelf 5-Tier,2,115.98,0,231.96,13.7,79.08,Cash on Delivery,2023,9,September,3,231.96,0.3409208484221417,0.05906190722538368,0.0,231.96,218.26000000000002,Low,Profitable,No Discount
ORD-10920,2023-09-21,Layla Fischer,Corporate,China,Asia Pacific,Technology,Portable External SSD 1TB,2,137.32,5,260.91,13.4,96.46,PayPal,2023,9,September,3,260.91,0.36970602889885396,0.05135870606722624,13.732,274.64,247.51000000000002,Low,Profitable,Low
ORD-10984,2023-09-21,Sarah Khan,Home Office,Brazil,South America,Technology,Noise Cancelling Earbuds,3,153.34,0,460.02,16.46,190.55,Credit Card,2023,9,September,3,460.02,0.4142211208208339,0.03578105299769575,0.0,460.02,443.56,Medium,Profitable,No Discount
ORD-10128,2023-09-23,Lucas Leroy,Corporate,Spain,Europe,Office Supplies,Ballpoint Pen Pack 12,2,5.85,15,9.94,9.91,-5.24,PayPal,2023,9,September,3,9.94,-0.5271629778672032,0.9969818913480886,1.755,11.7,0.02999999999999936,Low,Loss-Making,Medium
ORD-10298,2023-09-24,Jessica Tanaka,Consumer,Canada,North America,Technology,Portable External SSD 1TB,3,60.51,20,145.22,6.74,38.64,Cash on Delivery,2023,9,September,3,145.22,0.2660790524721113,0.046412339898085665,36.306000000000004,181.53,138.48,Medium,Profitable,Medium
ORD-10442,2023-09-24,Jessica Wang,Home Office,Mexico,North America,Furniture,Folding Table Portable,1,112.29,0,112.29,5.87,39.05,Credit Card,2023,9,September,3,112.29,0.3477602636031703,0.05227535844687862,0.0,112.29,106.42,Low,Profitable,No Discount
ORD-10231,2023-09-25,Sarah Davis,Consumer,Saudi Arabia,Middle East & Africa,Technology,Smart LED Desk Lamp,4,43.61,10,157.0,17.66,43.4,Credit Card,2023,9,September,3,157.0,0.2764331210191083,0.11248407643312101,17.444,174.44,139.34,Medium,Profitable,Low
ORD-11813,2023-09-25,Sarah Thompson,Consumer,Brazil,South America,Technology,USB-C Hub Multiport Adapter,2,22.12,10,39.82,11.38,4.11,PayPal,2023,9,September,3,39.82,0.10321446509291814,0.28578603716725265,4.424,44.24,28.439999999999998,Low,Profitable,Low
ORD-10063,2023-09-26,Isabella Patel,Consumer,Canada,North America,Clothing & Accessories,Leather Wallet Minimalist,3,59.04,0,177.12,10.28,78.28,Bank Transfer,2023,9,September,3,177.12,0.44196025293586266,0.0580397470641373,0.0,177.12,166.84,Medium,Profitable,No Discount
ORD-10343,2023-09-26,Lucas Oliveira,Consumer,Spain,Europe,Clothing & Accessories,Silk Tie Collection,4,42.94,15,146.0,13.44,46.68,Cash on Delivery,2023,9,September,3,146.0,0.31972602739726025,0.09205479452054795,25.764,171.76,132.56,Medium,Profitable,Medium
ORD-10554,2023-09-26,Olivia Ferrari,Home Office,Australia,Asia Pacific,Clothing & Accessories,Polarized Sunglasses,6,77.51,10,418.55,20.82,165.2,Bank Transfer,2023,9,September,3,418.55,0.3946959741966312,0.04974316091267471,46.50600000000001,465.06000000000006,397.73,High,Profitable,Low
ORD-11643,2023-09-26,Xiao Ferrari,Home Office,France,Europe,Technology,Laptop Stand Adjustable,1,52.59,15,44.7,8.76,7.02,PayPal,2023,9,September,3,44.7,0.1570469798657718,0.19597315436241608,7.8885000000000005,52.59,35.940000000000005,Low,Profitable,Medium
ORD-10085,2023-09-27,Marco Nilsson,Consumer,Japan,Asia Pacific,Technology,Mechanical Gaming Keyboard,1,126.55,0,126.55,9.75,47.2,PayPal,2023,9,September,3,126.55,0.37297510865270644,0.07704464638482814,0.0,126.55,116.8,Low,Profitable,No Discount
ORD-10210,2023-09-28,Mary Smith,Corporate,Nigeria,Middle East & Africa,Furniture,Filing Cabinet 3-Drawer,5,145.12,0,725.6,16.63,273.61,Cash on Delivery,2023,9,September,3,725.6,0.37708103638368246,0.02291896361631753,0.0,725.6,708.97,Medium,Profitable,No Discount
ORD-11745,2023-09-28,John Patel,Consumer,Japan,Asia Pacific,Clothing & Accessories,Canvas Messenger Bag,4,26.2,5,99.56,17.25,29.91,Credit Card,2023,9,September,3,99.56,0.3004218561671354,0.1732623543591804,5.24,104.8,82.31,Medium,Profitable,Low
ORD-10574,2023-09-29,Ayumi Ali,Corporate,Spain,Europe,Office Supplies,Tape Dispenser Heavy Duty,5,18.82,15,79.98,10.99,26.65,Bank Transfer,2023,9,September,3,79.98,0.3332083020755188,0.13740935233808452,14.114999999999998,94.1,68.99000000000001,Medium,Profitable,Medium
ORD-10881,2023-09-29,Sophie Clark,Home Office,China,Asia Pacific,Furniture,Mesh Back Task Chair,1,238.24,0,238.24,10.13,85.17,Credit Card,2023,9,September,3,238.24,0.35749664204163867,0.0425201477501679,0.0,238.24,228.11,Low,Profitable,No Discount
ORD-10926,2023-09-29,Priya Garcia,Corporate,Japan,Asia Pacific,Furniture,Ergonomic Office Chair,1,222.71,15,189.3,10.45,45.22,Credit Card,2023,9,September,3,189.3,0.23888008452192286,0.05520338087691494,33.4065,222.71,178.85000000000002,Low,Profitable,Medium
ORD-11699,2023-09-29,Emma Martinez,Home Office,Nigeria,Middle East & Africa,Technology,Tablet Stand Holder,4,36.61,15,124.47,16.07,27.86,Credit Card,2023,9,September,3,124.47,0.22382903510886157,0.12910741544147183,21.965999999999998,146.44,108.4,Medium,Profitable,Medium
ORD-10635,2023-09-30,Fatima Martin,Home Office,Australia,Asia Pacific,Furniture,Desk Organizer Set,4,59.01,0,236.04,11.14,83.28,Cash on Delivery,2023,9,September,3,236.04,0.3528215556685308,0.04719539061176072,0.0,236.04,224.89999999999998,Medium,Profitable,No Discount
ORD-10137,2023-10-02,Jamal Robinson,Corporate,Nigeria,Middle East & Africa,Clothing & Accessories,Wool Blend Scarf,2,49.37,10,88.87,14.28,25.22,Credit Card,2023,10,October,4,88.87,0.28378530437718014,0.16068414538089343,9.874,98.74,74.59,Low,Profitable,Low
ORD-10196,2023-10-02,Carlos Santos,Corporate,UAE,Middle East & Africa,Furniture,Filing Cabinet 3-Drawer,1,131.91,15,112.12,12.52,20.45,PayPal,2023,10,October,4,112.12,0.1823938637174456,0.11166607206564394,19.7865,131.91,99.60000000000001,Low,Profitable,Medium
ORD-11561,2023-10-02,Omar Li,Corporate,Colombia,South America,Technology,Webcam HD 1080p,2,79.63,10,143.33,11.45,44.29,Credit Card,2023,10,October,4,143.33,0.3090071862136328,0.07988557873438916,15.926,159.26,131.88000000000002,Low,Profitable,Low
ORD-10421,2023-10-03,Noah Johansson,Home Office,Italy,Europe,Furniture,Corner L-Shaped Desk,2,399.1,5,758.29,10.3,269.07,PayPal,2023,10,October,4,758.29,0.3548378588666605,0.013583193764918436,39.910000000000004,798.2,747.99,Low,Profitable,Low
ORD-11651,2023-10-03,Hanna Yamamoto,Consumer,Japan,Asia Pacific,Furniture,Ergonomic Office Chair,6,241.8,5,1378.26,22.07,485.71,Cash on Delivery,2023,10,October,4,1378.26,0.35240810877483203,0.016012943856746915,72.54,1450.8000000000002,1356.19,High,Profitable,Low
ORD-10380,2023-10-04,William Yamamoto,Corporate,China,Asia Pacific,Furniture,Filing Cabinet 3-Drawer,4,162.94,5,619.17,15.93,212.18,Bank Transfer,2023,10,October,4,619.17,0.34268456159051636,0.025727990697223705,32.588,651.76,603.24,Medium,Profitable,Low
ORD-11181,2023-10-04,Joseph Leroy,Consumer,Colombia,South America,Technology,USB-C Hub Multiport Adapter,1,44.26,0,44.26,12.32,7.6,PayPal,2023,10,October,4,44.26,0.17171260732037957,0.2783551739719837,0.0,44.26,31.939999999999998,Low,Profitable,No Discount
ORD-11321,2023-10-04,Giulia Khan,Home Office,United States,North America,Office Supplies,Desk Calendar 2025,4,6.82,5,25.92,9.89,3.75,PayPal,2023,10,October,4,25.92,0.14467592592592593,0.38155864197530864,1.364,27.28,16.03,Medium,Profitable,Low
ORD-11763,2023-10-04,Diego Pereira,Home Office,Nigeria,Middle East & Africa,Clothing & Accessories,Wool Blend Scarf,3,59.55,0,178.65,14.68,74.65,PayPal,2023,10,October,4,178.65,0.41785614329694937,0.08217184438846907,0.0,178.64999999999998,163.97,Medium,Profitable,No Discount
ORD-10203,2023-10-05,Raj Oliveira,Corporate,Brazil,South America,Clothing & Accessories,Polarized Sunglasses,13,74.96,20,779.58,19.8,272.54,Cash on Delivery,2023,10,October,4,779.58,0.3495985017573565,0.025398291387670285,194.896,974.4799999999999,759.7800000000001,High,Profitable,Medium
ORD-10398,2023-10-05,Ayumi Garcia,Corporate,Mexico,North America,Furniture,Desk Organizer Set,1,35.29,10,31.76,6.93,3.66,Credit Card,2023,10,October,4,31.76,0.11523929471032746,0.2181989924433249,3.529,35.29,24.830000000000002,Low,Profitable,Low
ORD-10997,2023-10-05,Felix Kim,Corporate,Canada,North America,Furniture,Filing Cabinet 3-Drawer,4,129.8,10,467.28,10.02,145.74,PayPal,2023,10,October,4,467.28,0.3118900873138162,0.021443246019517206,51.92000000000001,519.2,457.26,Medium,Profitable,Low
ORD-11396,2023-10-05,Zara Moreau,Consumer,Brazil,South America,Office Supplies,Desk Calendar 2025,1,6.83,0,6.83,12.47,-8.71,PayPal,2023,10,October,4,6.83,-1.2752562225475843,1.8257686676427527,0.0,6.83,-5.640000000000001,Low,Loss-Making,No Discount
ORD-11837,2023-10-05,Richard Romano,Corporate,Brazil,South America,Furniture,Corner L-Shaped Desk,1,340.77,30,238.54,11.54,22.54,Bank Transfer,2023,10,October,4,238.54,0.09449148989687264,0.04837763058606523,102.231,340.77,227.0,Low,Profitable,High
ORD-10525,2023-10-06,Patricia Kim,Consumer,Australia,Asia Pacific,Technology,Mechanical Gaming Keyboard,2,131.68,0,263.36,10.63,107.88,PayPal,2023,10,October,4,263.36,0.4096294046172539,0.04036300121506683,0.0,263.36,252.73000000000002,Low,Profitable,No Discount
ORD-11453,2023-10-07,Patricia Martinez,Home Office,UAE,Middle East & Africa,Office Supplies,Sticky Notes Multicolor 6-Pack,3,12.07,15,30.78,17.69,-3.2,PayPal,2023,10,October,4,30.78,-0.10396361273554257,0.5747238466536713,5.4315,36.21,13.09,Medium,Loss-Making,Medium
ORD-10489,2023-10-08,Richard Moreau,Corporate,UAE,Middle East & Africa,Furniture,Desk Organizer Set,2,50.05,25,75.07,12.65,2.36,Credit Card,2023,10,October,4,75.07,0.03143732516318103,0.16850939123484748,25.025,100.1,62.419999999999995,Low,Profitable,High
ORD-10750,2023-10-08,Hanna Kumar,Consumer,Argentina,South America,Office Supplies,Tape Dispenser Heavy Duty,3,21.94,5,62.53,17.25,15.66,Cash on Delivery,2023,10,October,4,62.53,0.25043978890132734,0.27586758355989127,3.2910000000000004,65.82000000000001,45.28,Medium,Profitable,Low
ORD-10844,2023-10-08,Jessica Müller,Home Office,United Kingdom,Europe,Clothing & Accessories,Cotton Formal Shirt,5,68.42,10,307.89,11.72,125.12,Credit Card,2023,10,October,4,307.89,0.40637890155575046,0.038065542888694015,34.21,342.1,296.16999999999996,Medium,Profitable,Low
ORD-11226,2023-10-08,Sarah Li,Consumer,Saudi Arabia,Middle East & Africa,Furniture,Floating Wall Shelves Set,5,85.91,5,408.07,19.75,130.59,PayPal,2023,10,October,4,408.07,0.3200186242556424,0.048398559070747665,21.4775,429.54999999999995,388.32,Medium,Profitable,Low
ORD-11512,2023-10-08,Ingrid Moreau,Consumer,United States,North America,Technology,Webcam HD 1080p,1,43.09,15,36.63,7.3,5.63,Credit Card,2023,10,October,4,36.63,0.15369915369915368,0.19929019929019928,6.463500000000001,43.09,29.330000000000002,Low,Profitable,Medium
ORD-10606,2023-10-09,Robert Taylor,Home Office,Brazil,South America,Furniture,Standing Desk Converter,1,184.6,5,175.37,11.24,53.37,Credit Card,2023,10,October,4,175.37,0.30432799224496776,0.06409306038661117,9.23,184.6,164.13,Low,Profitable,Low
ORD-11091,2023-10-09,Layla Oliveira,Home Office,Italy,Europe,Furniture,Standing Desk Converter,11,272.86,10,2701.31,26.06,874.37,Credit Card,2023,10,October,4,2701.31,0.3236836942076252,0.009647171187312823,300.146,3001.46,2675.25,High,Profitable,Low
ORD-10561,2023-10-10,Sophie Martinez,Corporate,Germany,Europe,Clothing & Accessories,Polarized Sunglasses,7,74.92,25,393.33,17.73,113.38,PayPal,2023,10,October,4,393.33,0.28825668014135714,0.04507665319197621,131.11,524.44,375.59999999999997,High,Profitable,High
ORD-11357,2023-10-10,Liam Davis,Consumer,United Kingdom,Europe,Furniture,Mesh Back Task Chair,5,216.45,0,1082.25,16.23,416.67,Bank Transfer,2023,10,October,4,1082.25,0.385003465003465,0.014996534996534997,0.0,1082.25,1066.02,Medium,Profitable,No Discount
ORD-11358,2023-10-10,Christopher Thompson,Consumer,Australia,Asia Pacific,Furniture,Bookshelf 5-Tier,3,82.78,5,235.92,13.57,73.35,Credit Card,2023,10,October,4,235.92,0.310910478128179,0.05751949813496101,12.417000000000002,248.34,222.35,Medium,Profitable,Low
ORD-11575,2023-10-10,Olga Müller,Consumer,United States,North America,Technology,Wireless Bluetooth Headphones,4,211.07,5,802.07,7.73,329.99,PayPal,2023,10,October,4,802.07,0.4114229431346391,0.009637562806238857,42.214,844.28,794.34,Medium,Profitable,Low
ORD-11946,2023-10-10,James Harris,Corporate,Canada,North America,Furniture,Desk Organizer Set,1,19.95,0,19.95,6.89,1.09,Credit Card,2023,10,October,4,19.95,0.05463659147869675,0.34536340852130326,0.0,19.95,13.059999999999999,Low,Profitable,No Discount
ORD-10791,2023-10-11,Maria Tanaka,Corporate,UAE,Middle East & Africa,Furniture,Desk Organizer Set,4,37.67,10,135.61,15.83,29.37,PayPal,2023,10,October,4,135.61,0.21657694860261043,0.11673180443920064,15.068000000000001,150.68,119.78000000000002,Medium,Profitable,Low
ORD-11272,2023-10-11,Isabella Li,Consumer,France,Europe,Office Supplies,Tape Dispenser Heavy Duty,3,24.08,0,72.24,8.67,31.06,PayPal,2023,10,October,4,72.24,0.42995570321151716,0.12001661129568107,0.0,72.24,63.56999999999999,Medium,Profitable,No Discount
ORD-11885,2023-10-11,Kenji Romano,Corporate,Canada,North America,Technology,Tablet Stand Holder,2,19.41,15,33.0,7.48,4.17,Credit Card,2023,10,October,4,33.0,0.12636363636363637,0.22666666666666668,5.8229999999999995,38.82,25.52,Low,Profitable,Medium
ORD-11093,2023-10-13,Oscar Thompson,Consumer,Germany,Europe,Clothing & Accessories,Canvas Messenger Bag,4,37.35,10,134.46,13.42,46.34,Credit Card,2023,10,October,4,134.46,0.3446378105012643,0.09980663394318012,14.940000000000001,149.4,121.04,Medium,Profitable,Low
ORD-10455,2023-10-14,Amir Park,Consumer,UAE,Middle East & Africa,Office Supplies,Stapler Full-Size,2,18.53,15,31.5,15.09,-0.27,PayPal,2023,10,October,4,31.5,-0.008571428571428572,0.47904761904761906,5.559,37.06,16.41,Low,Loss-Making,Medium
ORD-10568,2023-10-14,Ethan Clark,Consumer,South Korea,Asia Pacific,Office Supplies,Tape Dispenser Heavy Duty,1,20.54,5,19.51,9.89,0.38,Bank Transfer,2023,10,October,4,19.51,0.0194771911840082,0.5069195284469503,1.027,20.54,9.620000000000001,Low,Profitable,Low
ORD-11137,2023-10-15,Barbara Weber,Home Office,United Kingdom,Europe,Technology,Tablet Stand Holder,2,34.81,0,69.62,8.72,22.61,Credit Card,2023,10,October,4,69.62,0.32476299913817863,0.12525136455041655,0.0,69.62,60.900000000000006,Low,Profitable,No Discount
ORD-10417,2023-10-17,Susan Jackson,Corporate,France,Europe,Clothing & Accessories,Canvas Messenger Bag,1,62.32,5,59.2,9.28,18.76,PayPal,2023,10,October,4,59.2,0.31689189189189193,0.15675675675675674,3.116,62.32,49.92,Low,Profitable,Low
ORD-11216,2023-10-17,Maria Costa,Corporate,South Africa,Middle East & Africa,Office Supplies,Binder Clips Assorted 48pc,3,9.45,25,21.26,14.95,-6.45,PayPal,2023,10,October,4,21.26,-0.3033866415804327,0.7031984948259642,7.0874999999999995,28.349999999999998,6.310000000000002,Medium,Loss-Making,High
ORD-11974,2023-10-17,Joseph Chen,Corporate,Italy,Europe,Clothing & Accessories,Silk Tie Collection,2,34.22,0,68.44,9.61,24.61,Bank Transfer,2023,10,October,4,68.44,0.3595850379894798,0.14041496201052017,0.0,68.44,58.83,Low,Profitable,No Discount
ORD-11062,2023-10-18,Robert Clark,Corporate,South Africa,Middle East & Africa,Technology,Mechanical Gaming Keyboard,4,65.64,25,196.92,19.34,33.17,Cash on Delivery,2023,10,October,4,196.92,0.1684440381880967,0.0982124720698761,65.64,262.56,177.57999999999998,Medium,Profitable,High
ORD-11417,2023-10-18,Jessica Weber,Home Office,Saudi Arabia,Middle East & Africa,Clothing & Accessories,Cotton Formal Shirt,3,38.42,0,115.26,18.1,39.53,Credit Card,2023,10,October,4,115.26,0.3429637341662329,0.15703626583376715,0.0,115.26,97.16,Medium,Profitable,No Discount
ORD-11812,2023-10-18,Liam Jones,Consumer,South Korea,Asia Pacific,Technology,Smart LED Desk Lamp,1,46.22,15,39.29,10.54,3.33,Credit Card,2023,10,October,4,39.29,0.0847543904301349,0.2682616441842708,6.933,46.22,28.75,Low,Profitable,Medium
ORD-10007,2023-10-20,Li Sharma,Consumer,Nigeria,Middle East & Africa,Technology,Mechanical Gaming Keyboard,3,146.85,10,396.49,15.07,139.12,PayPal,2023,10,October,4,396.49,0.3508789628994426,0.038008524805165325,44.055,440.54999999999995,381.42,Medium,Profitable,Low
ORD-10211,2023-10-20,Sarah Tanaka,Corporate,China,Asia Pacific,Technology,Tablet Stand Holder,4,15.34,10,55.22,16.78,4.69,PayPal,2023,10,October,4,55.22,0.08493299529156104,0.30387540746106484,6.136,61.36,38.44,Medium,Profitable,Low
ORD-11210,2023-10-20,Susan Weber,Corporate,Spain,Europe,Office Supplies,Tape Dispenser Heavy Duty,2,22.13,25,33.2,8.46,4.82,Credit Card,2023,10,October,4,33.2,0.14518072289156625,0.2548192771084337,11.065,44.26,24.740000000000002,Low,Profitable,High
ORD-11245,2023-10-20,Nadia Tanaka,Corporate,Italy,Europe,Technology,Noise Cancelling Earbuds,5,68.15,20,272.6,12.18,73.01,Credit Card,2023,10,October,4,272.6,0.2678283198826119,0.04468085106382978,68.15,340.75,260.42,Medium,Profitable,Medium
ORD-11460,2023-10-20,Sakura Rodriguez,Corporate,United States,North America,Furniture,Folding Table Portable,1,129.24,20,103.39,5.96,19.89,Credit Card,2023,10,October,4,103.39,0.19237837315020795,0.05764580713802109,25.848000000000003,129.24,97.43,Low,Profitable,Medium
ORD-11809,2023-10-20,Michael Sato,Corporate,Japan,Asia Pacific,Clothing & Accessories,Travel Backpack 30L,1,82.52,20,66.02,9.64,15.12,Cash on Delivery,2023,10,October,4,66.02,0.22902150863374734,0.14601635867918814,16.504,82.52,56.379999999999995,Low,Profitable,Medium
ORD-10499,2023-10-21,Felix Müller,Corporate,Japan,Asia Pacific,Furniture,Folding Table Portable,5,127.98,20,511.92,13.19,114.79,Credit Card,2023,10,October,4,511.92,0.22423425535239883,0.025765744647601185,127.98,639.9,498.73,Medium,Profitable,Medium
ORD-10579,2023-10-22,Barbara Davis,Home Office,France,Europe,Technology,Laptop Stand Adjustable,9,33.48,10,271.19,12.56,92.9,Cash on Delivery,2023,10,October,4,271.19,0.34256425384416833,0.04631439212360338,30.132,301.32,258.63,High,Profitable,Low
ORD-11652,2023-10-22,Lucas Suzuki,Consumer,Canada,North America,Office Supplies,Premium Notebook Set A5,1,20.53,0,20.53,6.24,5.05,Credit Card,2023,10,October,4,20.53,0.2459814905017048,0.30394544568923526,0.0,20.53,14.290000000000001,Low,Profitable,No Discount
ORD-11261,2023-10-23,Nadia Tanaka,Corporate,Argentina,South America,Furniture,Filing Cabinet 3-Drawer,7,151.92,15,903.92,23.57,242.29,Credit Card,2023,10,October,4,903.92,0.26804363217983895,0.02607531639968139,159.51599999999996,1063.4399999999998,880.3499999999999,High,Profitable,Medium
ORD-11550,2023-10-23,Linda Russo,Consumer,Japan,Asia Pacific,Technology,Portable External SSD 1TB,3,108.96,10,294.19,14.91,99.5,PayPal,2023,10,October,4,294.19,0.3382167986675278,0.05068153234304361,32.688,326.88,279.28,Medium,Profitable,Low
ORD-11798,2023-10-23,Thomas Rodriguez,Corporate,Argentina,South America,Office Supplies,Binder Clips Assorted 48pc,7,11.09,10,69.87,22.14,12.8,Credit Card,2023,10,October,4,69.87,0.183197366537856,0.3168741949334478,7.763,77.63,47.730000000000004,High,Profitable,Low
ORD-10347,2023-10-24,Ayumi Garcia,Consumer,Mexico,North America,Clothing & Accessories,Wool Blend Scarf,4,33.98,5,129.12,14.26,46.9,Credit Card,2023,10,October,4,129.12,0.3632280049566295,0.11043990086741015,6.795999999999999,135.92,114.86,Medium,Profitable,Low
ORD-10429,2023-10-24,Karen Robinson,Home Office,China,Asia Pacific,Technology,Wireless Ergonomic Mouse,11,52.9,0,581.9,17.52,244.33,Bank Transfer,2023,10,October,4,581.9,0.41988314143323596,0.030108266025090223,0.0,581.9,564.38,High,Profitable,No Discount
ORD-10461,2023-10-24,Elizabeth Fischer,Corporate,Canada,North America,Technology,Tablet Stand Holder,2,33.2,0,66.4,8.88,21.0,PayPal,2023,10,October,4,66.4,0.31626506024096385,0.13373493975903614,0.0,66.4,57.52,Low,Profitable,No Discount
ORD-11069,2023-10-25,Fatima Williams,Consumer,Colombia,South America,Office Supplies,Tape Dispenser Heavy Duty,5,18.76,15,79.73,18.24,19.28,Cash on Delivery,2023,10,October,4,79.73,0.24181612943684938,0.22877210585726826,14.070000000000002,93.80000000000001,61.49000000000001,Medium,Profitable,Medium
ORD-10382,2023-10-26,Layla Anderson,Home Office,Australia,Asia Pacific,Furniture,Filing Cabinet 3-Drawer,2,113.95,15,193.72,13.41,43.57,Credit Card,2023,10,October,4,193.72,0.2249122444765641,0.0692236217220731,34.185,227.9,180.31,Low,Profitable,Medium
ORD-10530,2023-10-26,Ali Li,Corporate,Italy,Europe,Technology,Portable External SSD 1TB,2,81.19,5,154.26,10.33,54.62,PayPal,2023,10,October,4,154.26,0.35407753144042525,0.06696486451445612,8.119,162.38,143.92999999999998,Low,Profitable,Low
ORD-10316,2023-10-27,Fatima Kim,Corporate,Germany,Europe,Office Supplies,Highlighters Neon Pack 6,1,13.39,15,11.38,7.96,-2.61,Credit Card,2023,10,October,4,11.38,-0.22934973637961334,0.6994727592267135,2.0085,13.39,3.420000000000001,Low,Loss-Making,Medium
ORD-10717,2023-10-28,Elizabeth Johansson,Consumer,Brazil,South America,Furniture,Mesh Back Task Chair,5,183.81,25,689.29,20.65,117.21,Credit Card,2023,10,October,4,689.29,0.1700445385831798,0.02995836295318371,229.7625,919.05,668.64,Medium,Profitable,High
ORD-11406,2023-10-28,Sarah Suzuki,Home Office,Canada,North America,Technology,Smart LED Desk Lamp,8,58.27,10,419.54,24.05,139.1,PayPal,2023,10,October,4,419.54,0.33155360633074316,0.057324688945035035,46.61600000000001,466.16,395.49,High,Profitable,Low
ORD-10478,2023-10-29,Jamal Robinson,Home Office,South Korea,Asia Pacific,Office Supplies,Highlighters Neon Pack 6,1,7.39,5,7.02,9.58,-5.89,PayPal,2023,10,October,4,7.02,-0.8390313390313391,1.3646723646723649,0.3695,7.39,-2.5600000000000005,Low,Loss-Making,Low
ORD-10696,2023-11-01,Susan Chen,Corporate,China,Asia Pacific,Technology,USB-C Hub Multiport Adapter,2,38.06,5,72.31,10.58,19.86,Credit Card,2023,11,November,4,72.31,0.2746508090167335,0.14631447932512792,3.8060000000000005,76.12,61.730000000000004,Low,Profitable,Low
ORD-11295,2023-11-01,Kenji Martin,Home Office,Nigeria,Middle East & Africa,Technology,Tablet Stand Holder,1,17.56,0,17.56,13.21,-5.31,Credit Card,2023,11,November,4,17.56,-0.30239179954441914,0.7522779043280183,0.0,17.56,4.349999999999998,Low,Loss-Making,No Discount
ORD-11300,2023-11-01,Zara Miller,Consumer,United Kingdom,Europe,Technology,Portable External SSD 1TB,3,145.73,10,393.47,9.99,143.03,Bank Transfer,2023,11,November,4,393.47,0.36350928914529695,0.02538948331511932,43.718999999999994,437.18999999999994,383.48,Medium,Profitable,Low
ORD-10054,2023-11-02,Diego Jones,Corporate,China,Asia Pacific,Clothing & Accessories,Canvas Messenger Bag,1,30.54,10,27.49,10.33,1.89,PayPal,2023,11,November,4,27.49,0.06875227355401964,0.3757730083666788,3.0540000000000003,30.54,17.159999999999997,Low,Profitable,Low
ORD-10528,2023-11-02,Fatima Brown,Consumer,France,Europe,Technology,Webcam HD 1080p,3,40.21,0,120.63,11.66,42.62,Bank Transfer,2023,11,November,4,120.63,0.35331177982259804,0.09665920583602752,0.0,120.63,108.97,Medium,Profitable,No Discount
ORD-11038,2023-11-02,Hanna Johnson,Home Office,Australia,Asia Pacific,Furniture,Ergonomic Office Chair,6,302.03,20,1449.74,13.81,348.62,Cash on Delivery,2023,11,November,4,1449.74,0.2404707050919475,0.009525846013767986,362.436,1812.1799999999998,1435.93,High,Profitable,Medium
ORD-11728,2023-11-02,Ahmed Pereira,Consumer,India,Asia Pacific,Technology,Tablet Stand Holder,2,34.8,5,66.12,10.05,17.79,Cash on Delivery,2023,11,November,4,66.12,0.2690562613430127,0.15199637023593465,3.48,69.6,56.07000000000001,Low,Profitable,Low
ORD-11949,2023-11-02,Fatima Yamamoto,Consumer,South Africa,Middle East & Africa,Office Supplies,Binder Clips Assorted 48pc,6,14.97,5,85.33,22.3,22.61,PayPal,2023,11,November,4,85.33,0.2649712879409352,0.2613383335286535,4.4910000000000005,89.82000000000001,63.03,High,Profitable,Low
ORD-10811,2023-11-03,Joseph Romano,Consumer,Argentina,South America,Technology,Webcam HD 1080p,1,83.28,0,83.28,12.13,25.35,Credit Card,2023,11,November,4,83.28,0.3043948126801153,0.14565321805955814,0.0,83.28,71.15,Low,Profitable,No Discount
ORD-11576,2023-11-03,Sarah Sharma,Consumer,France,Europe,Technology,Noise Cancelling Earbuds,7,95.46,5,634.81,20.14,247.15,Cash on Delivery,2023,11,November,4,634.81,0.38932909059403603,0.03172602826042438,33.410999999999994,668.2199999999999,614.67,High,Profitable,Low
ORD-10514,2023-11-05,Linda Laurent,Consumer,Germany,Europe,Office Supplies,Paper Clips Box 500pc,2,8.91,15,15.15,11.64,-4.51,PayPal,2023,11,November,4,15.15,-0.2976897689768977,0.7683168316831683,2.673,17.82,3.51,Low,Loss-Making,Medium
ORD-10757,2023-11-06,Ahmed Taylor,Consumer,Colombia,South America,Clothing & Accessories,Leather Wallet Minimalist,3,64.75,0,194.25,14.63,82.5,Credit Card,2023,11,November,4,194.25,0.4247104247104247,0.07531531531531532,0.0,194.25,179.62,Medium,Profitable,No Discount
ORD-11470,2023-11-06,Diego Robinson,Corporate,China,Asia Pacific,Furniture,Folding Table Portable,4,127.45,15,433.33,12.43,115.02,Credit Card,2023,11,November,4,433.33,0.26543281102162325,0.028684836037200286,76.47,509.8,420.9,Medium,Profitable,Medium
ORD-10801,2023-11-07,Ethan Wang,Corporate,Germany,Europe,Furniture,Folding Table Portable,4,70.54,15,239.84,11.23,59.31,Bank Transfer,2023,11,November,4,239.84,0.2472898599066044,0.046822881921280854,42.324000000000005,282.16,228.61,Medium,Profitable,Medium
ORD-11903,2023-11-07,Wei Smith,Home Office,Japan,Asia Pacific,Office Supplies,Whiteboard Markers Set 8,7,9.27,5,61.65,19.21,13.24,Credit Card,2023,11,November,4,61.65,0.21476074614760746,0.31159772911597733,3.2445000000000004,64.89,42.44,High,Profitable,Low
ORD-10043,2023-11-09,Jennifer Kim,Consumer,United States,North America,Technology,Wireless Ergonomic Mouse,3,53.47,0,160.41,10.7,61.48,Bank Transfer,2023,11,November,4,160.41,0.38326787606757684,0.06670407081852751,0.0,160.41,149.71,Medium,Profitable,No Discount
ORD-11109,2023-11-09,Jessica Park,Consumer,China,Asia Pacific,Furniture,Bookshelf 5-Tier,1,94.39,15,80.23,11.03,12.57,PayPal,2023,11,November,4,80.23,0.15667456063816526,0.13747974573102328,14.1585,94.39,69.2,Low,Profitable,Medium
ORD-10753,2023-11-10,Emma Jackson,Consumer,United States,North America,Technology,Noise Cancelling Earbuds,1,187.3,5,177.94,6.98,67.94,Credit Card,2023,11,November,4,177.94,0.38181409463864224,0.039226705631111615,9.365,187.3,170.96,Low,Profitable,Low
ORD-10180,2023-11-12,Zara Nilsson,Consumer,Canada,North America,Furniture,Bookshelf 5-Tier,2,163.55,0,327.1,6.02,124.82,Credit Card,2023,11,November,4,327.1,0.38159584225007637,0.01840415774992357,0.0,327.1,321.08000000000004,Low,Profitable,No Discount
ORD-11761,2023-11-12,Oscar Thomas,Consumer,India,Asia Pacific,Clothing & Accessories,Sports Water Bottle 750ml,1,22.15,0,22.15,10.89,0.18,Bank Transfer,2023,11,November,4,22.15,0.008126410835214447,0.4916478555304741,0.0,22.15,11.259999999999998,Low,Profitable,No Discount
ORD-10375,2023-11-13,Priya Leroy,Corporate,South Korea,Asia Pacific,Technology,Wireless Ergonomic Mouse,1,37.78,10,34.0,10.66,2.56,Credit Card,2023,11,November,4,34.0,0.07529411764705883,0.3135294117647059,3.7780000000000005,37.78,23.34,Low,Profitable,Low
ORD-10795,2023-11-13,Christopher Leroy,Corporate,Germany,Europe,Furniture,Monitor Riser Wood,8,64.55,20,413.12,20.98,82.3,Credit Card,2023,11,November,4,413.12,0.1992157242447715,0.05078427575522851,103.28,516.4,392.14,High,Profitable,Medium
ORD-10362,2023-11-14,Jennifer Romano,Corporate,Spain,Europe,Furniture,Standing Desk Converter,3,162.18,15,413.56,10.53,111.11,Cash on Delivery,2023,11,November,4,413.56,0.26866718251281557,0.02546184350517458,72.981,486.54,403.03000000000003,Medium,Profitable,Medium
ORD-10350,2023-11-15,Felix Laurent,Corporate,Canada,North America,Technology,Smart LED Desk Lamp,1,40.47,5,38.45,6.75,9.44,Credit Card,2023,11,November,4,38.45,0.24551365409622883,0.1755526657997399,2.0235,40.47,31.700000000000003,Low,Profitable,Low
ORD-12000,2023-11-15,Raj Anderson,Consumer,Argentina,South America,Office Supplies,Premium Notebook Set A5,2,10.67,15,18.14,14.02,-5.48,Credit Card,2023,11,November,4,18.14,-0.30209481808158767,0.772877618522602,3.201,21.34,4.120000000000001,Low,Loss-Making,Medium
ORD-10559,2023-11-18,Fatima Patel,Consumer,Canada,North America,Office Supplies,Highlighters Neon Pack 6,3,11.62,15,29.63,7.43,6.51,Credit Card,2023,11,November,4,29.63,0.21970975362807965,0.25075936550793115,5.229,34.86,22.2,Medium,Profitable,Medium
ORD-10725,2023-11-18,Giulia Rossi,Corporate,Australia,Asia Pacific,Technology,Laptop Stand Adjustable,11,53.68,0,590.48,19.16,246.56,PayPal,2023,11,November,4,590.48,0.4175585963961523,0.03244817775369191,0.0,590.48,571.32,High,Profitable,No Discount
ORD-11713,2023-11-19,Kenji Moreau,Corporate,Canada,North America,Office Supplies,Whiteboard Markers Set 8,7,7.45,5,49.54,14.62,11.45,PayPal,2023,11,November,4,49.54,0.23112636253532498,0.2951150585385547,2.6075,52.15,34.92,High,Profitable,Low
ORD-10932,2023-11-20,Karen Khan,Consumer,China,Asia Pacific,Office Supplies,Desk Calendar 2025,3,10.56,5,30.1,14.07,1.77,PayPal,2023,11,November,4,30.1,0.05880398671096345,0.46744186046511627,1.584,31.68,16.03,Medium,Profitable,Low
ORD-11566,2023-11-20,Olga Thompson,Consumer,Colombia,South America,Technology,Tablet Stand Holder,2,53.62,0,107.24,11.75,36.51,Bank Transfer,2023,11,November,4,107.24,0.3404513241327863,0.10956732562476688,0.0,107.24,95.49,Low,Profitable,No Discount
ORD-10360,2023-11-21,Wei Fischer,Consumer,Argentina,South America,Office Supplies,Premium Notebook Set A5,3,20.66,0,61.98,14.39,19.7,Credit Card,2023,11,November,4,61.98,0.31784446595676025,0.23217166828009037,0.0,61.980000000000004,47.589999999999996,Medium,Profitable,No Discount
ORD-11833,2023-11-21,Ali Romano,Corporate,Japan,Asia Pacific,Office Supplies,Desk Calendar 2025,1,18.51,10,16.66,11.16,-2.83,PayPal,2023,11,November,4,16.66,-0.16986794717887155,0.6698679471788715,1.8510000000000002,18.51,5.5,Low,Loss-Making,Low
ORD-11177,2023-11-22,Omar Costa,Corporate,United States,North America,Furniture,Ergonomic Office Chair,1,209.98,5,199.48,7.19,66.3,PayPal,2023,11,November,4,199.48,0.33236414678163223,0.036043713655504316,10.499,209.98,192.29,Low,Profitable,Low
ORD-10978,2023-11-23,Diego Hassan,Consumer,France,Europe,Clothing & Accessories,Wool Blend Scarf,1,15.72,5,14.93,8.51,-1.44,PayPal,2023,11,November,4,14.93,-0.09645010046885465,0.5699933020763563,0.786,15.72,6.42,Low,Loss-Making,Low
ORD-10041,2023-11-25,Xiao Rodriguez,Home Office,Italy,Europe,Technology,Wireless Ergonomic Mouse,2,29.09,5,55.27,9.82,13.45,Credit Card,2023,11,November,4,55.27,0.2433508232314094,0.17767324045594354,2.9090000000000003,58.18,45.45,Low,Profitable,Low
ORD-10365,2023-11-25,Ethan Khan,Corporate,Mexico,North America,Technology,USB-C Hub Multiport Adapter,6,40.22,10,217.19,13.45,71.01,Bank Transfer,2023,11,November,4,217.19,0.3269487545467103,0.06192734472121184,24.132,241.32,203.74,High,Profitable,Low
ORD-10524,2023-11-25,Oscar Costa,Consumer,United Kingdom,Europe,Office Supplies,Tape Dispenser Heavy Duty,2,9.13,10,16.43,10.19,-1.98,Credit Card,2023,11,November,4,16.43,-0.12051125989044431,0.6202069385270845,1.8260000000000003,18.26,6.24,Low,Loss-Making,Low
ORD-11789,2023-11-25,Jessica Hassan,Corporate,Italy,Europe,Office Supplies,Desk Calendar 2025,1,15.28,10,13.75,9.42,-2.55,Bank Transfer,2023,11,November,4,13.75,-0.18545454545454546,0.6850909090909091,1.528,15.28,4.33,Low,Loss-Making,Low
ORD-10992,2023-11-26,Linda Kumar,Consumer,Mexico,North America,Furniture,Folding Table Portable,6,90.7,20,435.36,10.26,98.58,PayPal,2023,11,November,4,435.36,0.2264332965821389,0.02356670341786108,108.84000000000002,544.2,425.1,High,Profitable,Medium
ORD-11555,2023-11-26,Isabella Harris,Consumer,Colombia,South America,Technology,Wireless Ergonomic Mouse,5,24.47,0,122.35,17.01,38.05,Credit Card,2023,11,November,4,122.35,0.3109930527176134,0.1390273804658766,0.0,122.35,105.33999999999999,Medium,Profitable,No Discount
ORD-11793,2023-11-27,Joseph Suzuki,Consumer,United States,North America,Clothing & Accessories,Cotton Formal Shirt,1,45.68,10,41.11,5.64,12.63,Bank Transfer,2023,11,November,4,41.11,0.30722451958161034,0.13719289710532717,4.5680000000000005,45.68,35.47,Low,Profitable,Low
ORD-11111,2023-11-28,Xiao Harris,Consumer,China,Asia Pacific,Office Supplies,Premium Notebook Set A5,2,9.14,0,18.28,11.84,-1.79,Bank Transfer,2023,11,November,4,18.28,-0.09792122538293216,0.6477024070021882,0.0,18.28,6.440000000000001,Low,Loss-Making,No Discount
ORD-11488,2023-11-28,Pierre Leroy,Corporate,Colombia,South America,Clothing & Accessories,Travel Backpack 30L,5,43.67,15,185.6,13.12,63.3,PayPal,2023,11,November,4,185.6,0.3410560344827586,0.0706896551724138,32.752500000000005,218.35000000000002,172.48,Medium,Profitable,Medium
ORD-11497,2023-11-29,Sarah Khan,Consumer,Spain,Europe,Furniture,Filing Cabinet 3-Drawer,4,182.4,10,656.64,9.07,209.81,PayPal,2023,11,November,4,656.64,0.319520589668616,0.01381274366471735,72.96000000000001,729.6,647.5699999999999,Medium,Profitable,Low
ORD-11687,2023-11-29,Zara Nilsson,Corporate,India,Asia Pacific,Office Supplies,Whiteboard Markers Set 8,3,9.44,10,25.49,16.13,-3.38,Credit Card,2023,11,November,4,25.49,-0.1326010200078462,0.6327971753628874,2.8320000000000003,28.32,9.36,Medium,Loss-Making,Low
ORD-11505,2023-11-30,Susan Leroy,Consumer,Brazil,South America,Office Supplies,Premium Notebook Set A5,1,8.8,10,7.92,11.94,-7.98,Bank Transfer,2023,11,November,4,7.92,-1.0075757575757576,1.5075757575757576,0.8800000000000001,8.8,-4.02,Low,Loss-Making,Low
ORD-10487,2023-12-01,Christopher Khan,Consumer,India,Asia Pacific,Technology,Webcam HD 1080p,8,55.17,5,419.29,17.64,158.9,PayPal,2023,12,December,4,419.29,0.37897397982303416,0.042071120227050486,22.068,441.36,401.65000000000003,High,Profitable,Low
ORD-10677,2023-12-01,Ivan Jones,Corporate,Mexico,North America,Furniture,Standing Desk Converter,4,336.19,25,1008.57,8.15,193.56,Credit Card,2023,12,December,4,1008.57,0.19191528599898866,0.008080747989728031,336.19,1344.76,1000.4200000000001,Medium,Profitable,High
ORD-10044,2023-12-02,Fatima Ferrari,Corporate,Japan,Asia Pacific,Clothing & Accessories,Cotton Formal Shirt,8,48.93,10,352.3,27.53,129.05,Credit Card,2023,12,December,4,352.3,0.36630712460970766,0.07814362759012206,39.144000000000005,391.44,324.77,High,Profitable,Low
ORD-11910,2023-12-02,Amir Laurent,Home Office,Canada,North America,Furniture,Bookshelf 5-Tier,6,191.06,20,917.09,19.84,209.43,Credit Card,2023,12,December,4,917.09,0.22836362843341437,0.021633645552781078,229.27200000000005,1146.3600000000001,897.25,High,Profitable,Medium
ORD-10288,2023-12-03,Zara Leroy,Corporate,Japan,Asia Pacific,Furniture,Mesh Back Task Chair,4,112.46,5,427.35,18.44,139.01,Credit Card,2023,12,December,4,427.35,0.32528372528372523,0.04314964314964315,22.492,449.84,408.91,Medium,Profitable,Low
ORD-11423,2023-12-03,Felix Laurent,Home Office,Australia,Asia Pacific,Clothing & Accessories,Silk Tie Collection,2,16.62,5,31.58,12.84,2.12,PayPal,2023,12,December,4,31.58,0.06713109563014567,0.4065864471184294,1.6620000000000001,33.24,18.74,Low,Profitable,Low
ORD-11442,2023-12-03,Chen Nilsson,Home Office,United Kingdom,Europe,Furniture,Monitor Riser Wood,4,42.01,5,159.64,12.21,46.61,PayPal,2023,12,December,4,159.64,0.2919694312202456,0.07648459032823855,8.402,168.04,147.42999999999998,Medium,Profitable,Low
ORD-11827,2023-12-03,Emma Sharma,Consumer,Mexico,North America,Furniture,Monitor Riser Wood,2,43.95,20,70.32,6.77,10.81,Credit Card,2023,12,December,4,70.32,0.15372582480091015,0.09627417519908987,17.580000000000002,87.9,63.55,Low,Profitable,Medium
ORD-11863,2023-12-03,Isabella Rossi,Home Office,Canada,North America,Furniture,Ergonomic Office Chair,5,233.71,0,1168.55,8.94,458.48,Bank Transfer,2023,12,December,4,1168.55,0.3923494929613624,0.007650507038637628,0.0,1168.55,1159.61,Medium,Profitable,No Discount
ORD-11904,2023-12-04,Hans Martin,Consumer,Japan,Asia Pacific,Furniture,Floating Wall Shelves Set,2,55.94,0,111.88,10.95,33.8,Bank Transfer,2023,12,December,4,111.88,0.3021094029317125,0.09787272077225599,0.0,111.88,100.92999999999999,Low,Profitable,No Discount
ORD-11346,2023-12-05,Jennifer Santos,Consumer,United States,North America,Furniture,Corner L-Shaped Desk,1,263.21,20,210.57,6.52,46.12,PayPal,2023,12,December,4,210.57,0.21902455240537588,0.030963575058175426,52.641999999999996,263.21,204.04999999999998,Low,Profitable,Medium
ORD-11661,2023-12-05,Nadia Rossi,Consumer,Japan,Asia Pacific,Furniture,Monitor Riser Wood,2,67.5,0,135.0,13.37,40.63,Credit Card,2023,12,December,4,135.0,0.300962962962963,0.09903703703703703,0.0,135.0,121.63,Low,Profitable,No Discount
ORD-11944,2023-12-05,John Ferrari,Consumer,Canada,North America,Office Supplies,Premium Notebook Set A5,1,8.87,0,8.87,7.47,-2.59,PayPal,2023,12,December,4,8.87,-0.2919954904171364,0.8421645997745209,0.0,8.87,1.3999999999999995,Low,Loss-Making,No Discount
ORD-10109,2023-12-06,Thomas Ferrari,Consumer,Mexico,North America,Office Supplies,Premium Notebook Set A5,4,14.98,0,59.92,10.55,22.41,Credit Card,2023,12,December,4,59.92,0.37399866488651534,0.17606809078771696,0.0,59.92,49.370000000000005,Medium,Profitable,No Discount
ORD-11117,2023-12-06,Amina Jones,Consumer,Mexico,North America,Technology,Laptop Stand Adjustable,4,33.03,0,132.12,7.2,52.25,Credit Card,2023,12,December,4,132.12,0.3954738116863457,0.05449591280653951,0.0,132.12,124.92,Medium,Profitable,No Discount
ORD-11316,2023-12-06,Richard Yamamoto,Consumer,UAE,Middle East & Africa,Furniture,Monitor Riser Wood,3,66.28,0,198.84,16.2,63.34,PayPal,2023,12,December,4,198.84,0.31854757594045463,0.08147254073627036,0.0,198.84,182.64000000000001,Medium,Profitable,No Discount
ORD-11770,2023-12-06,Lucas Li,Corporate,India,Asia Pacific,Furniture,Corner L-Shaped Desk,3,216.54,0,649.62,16.39,243.46,Credit Card,2023,12,December,4,649.62,0.374772944182753,0.02523013454019273,0.0,649.62,633.23,Medium,Profitable,No Discount
ORD-10189,2023-12-07,William Miller,Corporate,India,Asia Pacific,Office Supplies,Premium Notebook Set A5,4,17.57,15,59.74,18.73,9.38,Credit Card,2023,12,December,4,59.74,0.15701372614663542,0.31352527619685305,10.542,70.28,41.010000000000005,Medium,Profitable,Medium
ORD-10779,2023-12-07,Wei Hassan,Corporate,India,Asia Pacific,Clothing & Accessories,Travel Backpack 30L,2,68.14,25,102.21,10.95,23.12,Credit Card,2023,12,December,4,102.21,0.22620095881029256,0.1071323745230408,34.07,136.28,91.25999999999999,Low,Profitable,High
ORD-11597,2023-12-07,Olivia Laurent,Consumer,Canada,North America,Office Supplies,Highlighters Neon Pack 6,1,9.23,0,9.23,6.44,-1.36,Bank Transfer,2023,12,December,4,9.23,-0.14734561213434452,0.6977248104008668,0.0,9.23,2.79,Low,Loss-Making,No Discount
ORD-11641,2023-12-07,Raj Khan,Home Office,United States,North America,Office Supplies,Ballpoint Pen Pack 12,1,9.6,5,9.12,5.52,-0.72,Credit Card,2023,12,December,4,9.12,-0.07894736842105264,0.6052631578947368,0.48,9.6,3.5999999999999996,Low,Loss-Making,Low
ORD-11708,2023-12-07,Ava Garcia,Consumer,Mexico,North America,Clothing & Accessories,Travel Backpack 30L,2,57.77,5,109.76,9.89,42.1,Credit Card,2023,12,December,4,109.76,0.383564139941691,0.09010568513119534,5.777000000000001,115.54,99.87,Low,Profitable,Low
ORD-11825,2023-12-07,Wei Fischer,Consumer,Mexico,North America,Office Supplies,Premium Notebook Set A5,2,24.03,10,43.25,9.26,12.36,Cash on Delivery,2023,12,December,4,43.25,0.2857803468208092,0.21410404624277457,4.806000000000001,48.06,33.99,Low,Profitable,Low
ORD-11891,2023-12-07,Ayumi Kumar,Corporate,Mexico,North America,Clothing & Accessories,Sports Water Bottle 750ml,3,21.32,15,54.37,7.01,15.38,Credit Card,2023,12,December,4,54.37,0.2828765863527681,0.1289313959904359,9.594,63.96,47.36,Medium,Profitable,Medium
ORD-10220,2023-12-08,Elizabeth Weber,Consumer,Italy,Europe,Furniture,Monitor Riser Wood,7,67.53,10,425.44,12.11,129.7,Bank Transfer,2023,12,December,4,425.44,0.3048608499435878,0.028464648364046632,47.27100000000001,472.71000000000004,413.33,High,Profitable,Low
ORD-11953,2023-12-08,Liam Costa,Consumer,Colombia,South America,Office Supplies,Paper Clips Box 500pc,1,9.18,5,8.72,11.53,-6.94,PayPal,2023,12,December,4,8.72,-0.7958715596330275,1.3222477064220182,0.459,9.18,-2.8099999999999987,Low,Loss-Making,Low
ORD-10183,2023-12-09,Sarah Thompson,Consumer,United Kingdom,Europe,Furniture,Mesh Back Task Chair,5,152.95,5,726.51,18.94,248.72,Bank Transfer,2023,12,December,4,726.51,0.3423490385541837,0.026069840745481826,38.237500000000004,764.75,707.5699999999999,Medium,Profitable,Low
ORD-10488,2023-12-09,Elizabeth Dubois,Consumer,Japan,Asia Pacific,Furniture,Desk Organizer Set,4,52.21,5,198.4,16.48,56.62,PayPal,2023,12,December,4,198.4,0.285383064516129,0.08306451612903226,10.442,208.84,181.92000000000002,Medium,Profitable,Low
ORD-11110,2023-12-09,Robert Dubois,Corporate,United States,North America,Technology,USB-C Hub Multiport Adapter,1,58.09,15,49.38,6.23,11.2,Bank Transfer,2023,12,December,4,49.38,0.2268124746861077,0.12616443904414743,8.7135,58.09,43.150000000000006,Low,Profitable,Medium
ORD-11393,2023-12-09,Liam Rossi,Corporate,Australia,Asia Pacific,Office Supplies,Ballpoint Pen Pack 12,3,9.96,15,25.4,15.0,-3.05,Bank Transfer,2023,12,December,4,25.4,-0.12007874015748031,0.5905511811023623,4.482,29.880000000000003,10.399999999999999,Medium,Loss-Making,Medium
ORD-10632,2023-12-10,David White,Home Office,Mexico,North America,Office Supplies,Premium Notebook Set A5,1,15.07,5,14.32,6.62,0.92,Credit Card,2023,12,December,4,14.32,0.06424581005586592,0.4622905027932961,0.7535000000000001,15.07,7.7,Low,Profitable,Low
ORD-11262,2023-12-10,Oscar Martinez,Corporate,Mexico,North America,Clothing & Accessories,Canvas Messenger Bag,10,38.59,10,347.31,26.11,128.25,Credit Card,2023,12,December,4,347.31,0.36926664939103393,0.07517779505341049,38.59,385.90000000000003,321.2,High,Profitable,Low
ORD-10199,2023-12-11,Hans Robinson,Consumer,Canada,North America,Office Supplies,Stapler Full-Size,5,16.65,5,79.09,8.63,33.0,Credit Card,2023,12,December,4,79.09,0.4172461752433936,0.10911619673789355,4.1625000000000005,83.25,70.46000000000001,Medium,Profitable,Low
ORD-10454,2023-12-11,Carlos Ali,Consumer,Canada,North America,Office Supplies,Tape Dispenser Heavy Duty,1,10.81,10,9.73,5.77,-0.9,Bank Transfer,2023,12,December,4,9.73,-0.09249743062692703,0.593011305241521,1.0810000000000002,10.81,3.960000000000001,Low,Loss-Making,Low
ORD-10658,2023-12-11,Isabella Johansson,Consumer,Nigeria,Middle East & Africa,Clothing & Accessories,Cotton Formal Shirt,3,44.11,0,132.33,13.52,52.65,Cash on Delivery,2023,12,December,4,132.33,0.39786896395375193,0.10216882037330914,0.0,132.32999999999998,118.81000000000002,Medium,Profitable,No Discount
ORD-11649,2023-12-11,Ava Li,Corporate,Argentina,South America,Office Supplies,Paper Clips Box 500pc,3,6.13,5,17.47,16.06,-6.87,Cash on Delivery,2023,12,December,4,17.47,-0.3932455638236978,0.9192902117916428,0.9195000000000001,18.39,1.4100000000000001,Medium,Loss-Making,Low
ORD-11811,2023-12-11,Noah Chen,Consumer,Germany,Europe,Technology,Laptop Stand Adjustable,5,30.27,0,151.35,13.59,54.52,Credit Card,2023,12,December,4,151.35,0.3602246448629006,0.08979187314172449,0.0,151.35,137.76,Medium,Profitable,No Discount
ORD-11847,2023-12-11,Giulia Williams,Corporate,United Kingdom,Europe,Clothing & Accessories,Polarized Sunglasses,3,43.37,15,110.59,14.43,31.11,Bank Transfer,2023,12,December,4,110.59,0.2813093408083913,0.13048196039424903,19.516499999999997,130.10999999999999,96.16,Medium,Profitable,Medium
ORD-11936,2023-12-11,Wei Santos,Consumer,Australia,Asia Pacific,Clothing & Accessories,Business Casual Blazer,3,126.07,0,378.21,16.14,172.96,Bank Transfer,2023,12,December,4,378.21,0.4573120753020809,0.0426747045292298,0.0,378.21,362.07,Medium,Profitable,No Discount
ORD-11986,2023-12-11,Sophie Miller,Home Office,United States,North America,Office Supplies,Whiteboard Markers Set 8,2,19.32,0,38.64,9.47,11.78,PayPal,2023,12,December,4,38.64,0.3048654244306418,0.24508281573498966,0.0,38.64,29.17,Low,Profitable,No Discount
ORD-11964,2023-12-13,Linda Martin,Consumer,United States,North America,Furniture,Floating Wall Shelves Set,3,47.08,10,127.12,11.82,30.56,Bank Transfer,2023,12,December,4,127.12,0.24040276903713026,0.09298300818124607,14.124000000000002,141.24,115.30000000000001,Medium,Profitable,Low
ORD-11968,2023-12-13,Karen Smith,Consumer,Spain,Europe,Furniture,Filing Cabinet 3-Drawer,5,109.55,10,492.98,16.35,147.98,Credit Card,2023,12,December,4,492.98,0.30017444926771875,0.03316564566513855,54.775000000000006,547.75,476.63,Medium,Profitable,Low
ORD-10508,2023-12-14,William Chen,Consumer,France,Europe,Technology,Webcam HD 1080p,4,32.24,5,122.51,13.12,38.46,PayPal,2023,12,December,4,122.51,0.3139335564443719,0.10709329850624438,6.448,128.96,109.39,Medium,Profitable,Low
ORD-11337,2023-12-14,Diego Anderson,Consumer,Nigeria,Middle East & Africa,Clothing & Accessories,Leather Wallet Minimalist,1,32.68,5,31.05,13.1,1.61,Credit Card,2023,12,December,4,31.05,0.05185185185185185,0.4219001610305958,1.6340000000000001,32.68,17.950000000000003,Low,Profitable,Low
ORD-11463,2023-12-16,Ingrid Zhang,Corporate,Australia,Asia Pacific,Technology,Mechanical Gaming Keyboard,8,85.21,15,579.43,13.75,190.76,PayPal,2023,12,December,4,579.43,0.32922009561120413,0.02373021762766857,102.252,681.68,565.68,High,Profitable,Medium
ORD-11449,2023-12-17,Giulia Johnson,Corporate,South Korea,Asia Pacific,Technology,Wireless Bluetooth Headphones,3,166.63,0,499.89,14.84,210.11,Bank Transfer,2023,12,December,4,499.89,0.4203124687431235,0.0296865310368281,0.0,499.89,485.05,Medium,Profitable,No Discount
ORD-10474,2023-12-18,Kenji Schmidt,Consumer,Canada,North America,Office Supplies,Sticky Notes Multicolor 6-Pack,10,9.33,15,79.3,10.95,26.36,Credit Card,2023,12,December,4,79.3,0.3324085750315259,0.13808322824716268,13.995,93.3,68.35,High,Profitable,Medium
ORD-10495,2023-12-18,Mary Laurent,Consumer,Canada,North America,Clothing & Accessories,Sports Water Bottle 750ml,5,8.1,20,32.4,16.7,-4.55,Cash on Delivery,2023,12,December,4,32.4,-0.1404320987654321,0.5154320987654321,8.1,40.5,15.7,Medium,Loss-Making,Medium
ORD-11233,2023-12-18,Maria Miller,Corporate,Canada,North America,Office Supplies,Whiteboard Markers Set 8,3,17.75,15,45.26,10.14,11.16,Credit Card,2023,12,December,4,45.26,0.24657534246575344,0.22403888643393727,7.9875,53.25,35.12,Medium,Profitable,Medium
ORD-11248,2023-12-18,Amina Taylor,Home Office,Germany,Europe,Furniture,Folding Table Portable,4,59.95,5,227.81,13.86,70.07,PayPal,2023,12,December,4,227.81,0.30758087880251084,0.06084017382906808,11.990000000000002,239.8,213.95,Medium,Profitable,Low
ORD-11998,2023-12-18,Zara Smith,Corporate,United States,North America,Office Supplies,Paper Clips Box 500pc,4,3.66,20,11.71,13.72,-8.6,Credit Card,2023,12,December,4,11.71,-0.7344150298889837,1.1716481639624252,2.9280000000000004,14.64,-2.01,Medium,Loss-Making,Medium
ORD-10126,2023-12-20,Diego Thomas,Consumer,Nigeria,Middle East & Africa,Clothing & Accessories,Leather Wallet Minimalist,6,64.86,20,311.33,25.84,90.91,PayPal,2023,12,December,4,311.33,0.29200526772235247,0.08299874730992837,77.832,389.15999999999997,285.49,High,Profitable,Medium
ORD-11345,2023-12-20,Isabella Johnson,Consumer,Saudi Arabia,Middle East & Africa,Furniture,Floating Wall Shelves Set,4,94.69,10,340.88,14.7,98.92,Credit Card,2023,12,December,4,340.88,0.29019009622154424,0.043123679887350386,37.876,378.76,326.18,Medium,Profitable,Low
ORD-11967,2023-12-20,Elizabeth Harris,Home Office,Australia,Asia Pacific,Technology,Webcam HD 1080p,1,36.01,5,34.21,9.7,4.7,Credit Card,2023,12,December,4,34.21,0.1373867290266004,0.28354282373574974,1.8005,36.01,24.51,Low,Profitable,Low
ORD-10197,2023-12-21,Sarah Rossi,Consumer,Mexico,North America,Office Supplies,Highlighters Neon Pack 6,1,6.89,15,5.86,6.74,-3.98,Cash on Delivery,2023,12,December,4,5.86,-0.6791808873720137,1.1501706484641638,1.0334999999999999,6.89,-0.8799999999999999,Low,Loss-Making,Medium
ORD-11579,2023-12-21,Felix Davis,Home Office,Mexico,North America,Technology,Portable External SSD 1TB,1,98.38,0,98.38,6.62,37.65,PayPal,2023,12,December,4,98.38,0.382699735718642,0.06729009961374263,0.0,98.38,91.75999999999999,Low,Profitable,No Discount
ORD-10237,2023-12-22,Hans Rossi,Home Office,India,Asia Pacific,Technology,Tablet Stand Holder,5,27.72,5,131.67,17.42,38.02,Bank Transfer,2023,12,December,4,131.67,0.28875218348902565,0.1323004480899218,6.93,138.6,114.24999999999999,Medium,Profitable,Low
ORD-10587,2023-12-22,James Ferrari,Consumer,Colombia,South America,Furniture,Corner L-Shaped Desk,3,371.61,15,947.61,15.39,263.32,Credit Card,2023,12,December,4,947.61,0.2778780299912411,0.01624085858106183,167.22449999999998,1114.83,932.22,Medium,Profitable,Medium
ORD-10724,2023-12-22,Joseph Martinez,Consumer,South Korea,Asia Pacific,Furniture,Ergonomic Office Chair,2,288.74,20,461.98,11.82,103.67,Bank Transfer,2023,12,December,4,461.98,0.22440365383782848,0.025585523182821767,115.49600000000001,577.48,450.16,Low,Profitable,Medium
ORD-10127,2023-12-23,David Leroy,Corporate,Saudi Arabia,Middle East & Africa,Office Supplies,Tape Dispenser Heavy Duty,12,11.81,15,120.46,22.68,34.01,PayPal,2023,12,December,4,120.46,0.2823343848580442,0.18827826664452932,21.258,141.72,97.78,High,Profitable,Medium
ORD-10230,2023-12-23,Ava Yamamoto,Corporate,India,Asia Pacific,Technology,Smart LED Desk Lamp,3,67.73,10,182.87,11.07,60.05,Credit Card,2023,12,December,4,182.87,0.328375348608301,0.06053480614644283,20.319000000000003,203.19,171.8,Medium,Profitable,Low
ORD-10318,2023-12-23,Priya Costa,Corporate,South Korea,Asia Pacific,Furniture,Mesh Back Task Chair,4,166.71,20,533.47,15.13,118.24,Credit Card,2023,12,December,4,533.47,0.22164320392899317,0.02836148237014265,133.36800000000002,666.84,518.34,Medium,Profitable,Medium
ORD-10827,2023-12-24,Priya Martin,Home Office,Mexico,North America,Technology,Tablet Stand Holder,1,41.24,10,37.12,5.87,8.57,PayPal,2023,12,December,4,37.12,0.23087284482758624,0.15813577586206898,4.1240000000000006,41.24,31.249999999999996,Low,Profitable,Low
ORD-11663,2023-12-24,Olivia Patel,Home Office,France,Europe,Technology,Portable External SSD 1TB,5,81.1,10,364.95,17.85,124.07,Credit Card,2023,12,December,4,364.95,0.33996437868201124,0.0489108096999589,40.550000000000004,405.5,347.09999999999997,Medium,Profitable,Low
ORD-10149,2023-12-25,Barbara Sharma,Corporate,United Kingdom,Europe,Furniture,Bookshelf 5-Tier,1,190.75,20,152.6,9.08,29.07,Credit Card,2023,12,December,4,152.6,0.19049803407601573,0.059501965923984275,38.15,190.75,143.51999999999998,Low,Profitable,Medium
ORD-11020,2023-12-25,Liam Romano,Home Office,France,Europe,Technology,Laptop Stand Adjustable,1,69.13,15,58.76,7.83,12.91,Credit Card,2023,12,December,4,58.76,0.21970728386657593,0.13325391422736557,10.369499999999999,69.13,50.93,Low,Profitable,Medium
ORD-10218,2023-12-26,Olga Davis,Consumer,India,Asia Pacific,Technology,USB-C Hub Multiport Adapter,1,51.57,20,41.26,10.55,2.35,Bank Transfer,2023,12,December,4,41.26,0.05695588948133786,0.2556955889481338,10.314,51.57,30.709999999999997,Low,Profitable,Medium
ORD-10409,2023-12-26,Noah Ali,Consumer,Japan,Asia Pacific,Technology,Webcam HD 1080p,3,85.34,5,243.22,10.71,91.7,Credit Card,2023,12,December,4,243.22,0.37702491571416824,0.044034207713181485,12.801,256.02,232.51,Medium,Profitable,Low
ORD-10439,2023-12-26,Ayumi Tanaka,Corporate,Colombia,South America,Office Supplies,Binder Clips Assorted 48pc,4,11.72,5,44.54,14.16,9.28,Bank Transfer,2023,12,December,4,44.54,0.20835204310731925,0.3179164795689268,2.3440000000000003,46.88,30.38,Medium,Profitable,Low
ORD-10591,2023-12-26,Isabella Anderson,Corporate,South Korea,Asia Pacific,Technology,USB-C Hub Multiport Adapter,1,53.57,25,40.18,11.21,-0.49,Cash on Delivery,2023,12,December,4,40.18,-0.012195121951219513,0.27899452463912394,13.3925,53.57,28.97,Low,Loss-Making,High
ORD-10825,2023-12-26,Raj Singh,Consumer,South Korea,Asia Pacific,Office Supplies,Paper Clips Box 500pc,2,8.93,0,17.86,10.04,-0.22,Credit Card,2023,12,December,4,17.86,-0.012318029115341547,0.5621500559910414,0.0,17.86,7.82,Low,Loss-Making,No Discount
ORD-11187,2023-12-26,Ali Weber,Corporate,China,Asia Pacific,Clothing & Accessories,Canvas Messenger Bag,5,57.59,5,273.55,16.19,113.38,PayPal,2023,12,December,4,273.55,0.4144763297386218,0.059184792542496804,14.397500000000003,287.95000000000005,257.36,Medium,Profitable,Low
ORD-11830,2023-12-26,John Miller,Home Office,Canada,North America,Technology,Tablet Stand Holder,3,25.88,15,65.99,6.99,16.3,Credit Card,2023,12,December,4,65.99,0.2470071222912563,0.10592514017275347,11.645999999999999,77.64,58.99999999999999,Medium,Profitable,Medium
ORD-11418,2023-12-27,Ahmed Jackson,Consumer,Argentina,South America,Furniture,Floating Wall Shelves Set,2,85.83,15,145.91,13.6,29.31,PayPal,2023,12,December,4,145.91,0.20087725310122678,0.09320814200534576,25.749,171.66,132.31,Low,Profitable,Medium
ORD-11457,2023-12-27,Hanna Dubois,Corporate,Australia,Asia Pacific,Furniture,Bookshelf 5-Tier,2,139.67,15,237.44,13.84,56.0,Credit Card,2023,12,December,4,237.44,0.2358490566037736,0.058288409703504046,41.900999999999996,279.34,223.6,Low,Profitable,Medium
ORD-11996,2023-12-27,Priya Li,Consumer,Colombia,South America,Office Supplies,Highlighters Neon Pack 6,5,8.83,0,44.15,19.01,5.27,Bank Transfer,2023,12,December,4,44.15,0.11936579841449603,0.4305775764439412,0.0,44.15,25.139999999999997,Medium,Profitable,No Discount
ORD-11147,2023-12-28,Priya Johansson,Consumer,India,Asia Pacific,Furniture,Filing Cabinet 3-Drawer,1,172.7,0,172.7,11.33,57.75,Bank Transfer,2023,12,December,4,172.7,0.33439490445859876,0.06560509554140127,0.0,172.7,161.36999999999998,Low,Profitable,No Discount
ORD-11437,2023-12-31,Sarah Johnson,Consumer,Germany,Europe,Furniture,Bookshelf 5-Tier,1,162.05,5,153.95,9.38,47.34,PayPal,2023,12,December,4,153.95,0.3075024358557974,0.060928873010717775,8.102500000000001,162.05,144.57,Low,Profitable,Low
ORD-10010,2024-01-01,James Li,Home Office,Mexico,North America,Technology,Portable External SSD 1TB,3,135.75,0,407.25,8.74,174.52,Credit Card,2024,1,January,1,407.25,0.4285328422344997,0.021461019030079805,0.0,407.25,398.51,Medium,Profitable,No Discount
ORD-11510,2024-01-01,Olga Pereira,Consumer,Italy,Europe,Clothing & Accessories,Cotton Formal Shirt,2,50.45,0,100.9,10.54,39.91,PayPal,2024,1,January,1,100.9,0.3955401387512388,0.10445986124876114,0.0,100.9,90.36000000000001,Low,Profitable,No Discount
ORD-10052,2024-01-03,Ali Miller,Home Office,Canada,North America,Office Supplies,Desk Calendar 2025,11,9.84,10,97.42,25.84,22.87,Credit Card,2024,1,January,1,97.42,0.23475672346540752,0.26524327653459245,10.824,108.24,71.58,High,Profitable,Low
ORD-10430,2024-01-04,Chen Johansson,Corporate,Colombia,South America,Furniture,Corner L-Shaped Desk,1,246.96,10,222.26,10.51,63.57,PayPal,2024,1,January,1,222.26,0.2860163772158733,0.04728696121659318,24.696,246.96,211.75,Low,Profitable,Low
ORD-11467,2024-01-04,Jamal Patel,Consumer,United Kingdom,Europe,Office Supplies,Stapler Full-Size,2,17.17,5,32.62,10.14,7.03,Bank Transfer,2024,1,January,1,32.62,0.21551195585530353,0.3108522378908645,1.7170000000000003,34.34,22.479999999999997,Low,Profitable,Low
ORD-11720,2024-01-04,Diego Nilsson,Consumer,Italy,Europe,Office Supplies,Stapler Full-Size,1,11.89,0,11.89,7.53,-0.99,Bank Transfer,2024,1,January,1,11.89,-0.0832632464255677,0.6333052985702271,0.0,11.89,4.36,Low,Loss-Making,No Discount
ORD-10673,2024-01-06,Jessica Kim,Corporate,Brazil,South America,Office Supplies,Premium Notebook Set A5,5,17.43,0,87.15,13.79,34.14,Credit Card,2024,1,January,1,87.15,0.39173838209982786,0.1582329317269076,0.0,87.15,73.36000000000001,Medium,Profitable,No Discount
ORD-10709,2024-01-07,Olga Ahmed,Consumer,Italy,Europe,Clothing & Accessories,Leather Belt Classic,3,22.55,10,60.89,12.39,14.67,Credit Card,2024,1,January,1,60.89,0.24092626046969945,0.20348168829035967,6.765000000000001,67.65,48.5,Medium,Profitable,Low
ORD-10323,2024-01-08,Hans Costa,Consumer,Mexico,North America,Furniture,Bookshelf 5-Tier,2,161.39,5,306.64,8.36,104.61,Credit Card,2024,1,January,1,306.64,0.3411492303678581,0.02726324028176363,16.139,322.78,298.28,Low,Profitable,Low
ORD-10650,2024-01-08,Carlos Ahmed,Consumer,Canada,North America,Technology,Tablet Stand Holder,1,47.57,0,47.57,5.87,15.54,Bank Transfer,2024,1,January,1,47.57,0.3266764767710742,0.12339709901198234,0.0,47.57,41.7,Low,Profitable,No Discount
ORD-10718,2024-01-08,Ivan Li,Consumer,United States,North America,Furniture,Corner L-Shaped Desk,4,259.86,5,987.47,13.35,350.46,Credit Card,2024,1,January,1,987.47,0.3549069845159853,0.01351939805766251,51.97200000000001,1039.44,974.12,Medium,Profitable,Low
ORD-10962,2024-01-09,Ayumi Suzuki,Corporate,Colombia,South America,Clothing & Accessories,Sports Water Bottle 750ml,6,12.29,5,70.05,13.2,19.98,Bank Transfer,2024,1,January,1,70.05,0.2852248394004283,0.18843683083511778,3.687,73.74,56.849999999999994,High,Profitable,Low
ORD-11993,2024-01-09,Hanna Taylor,Home Office,Mexico,North America,Furniture,Ergonomic Office Chair,3,192.53,0,577.59,10.09,220.95,Credit Card,2024,1,January,1,577.59,0.3825377863190152,0.017469139008639344,0.0,577.59,567.5,Medium,Profitable,No Discount
ORD-10925,2024-01-10,Linda Müller,Corporate,Canada,North America,Office Supplies,Sticky Notes Multicolor 6-Pack,4,6.51,5,24.74,14.84,-1.82,Credit Card,2024,1,January,1,24.74,-0.07356507679870655,0.5998383185125303,1.302,26.04,9.899999999999999,Medium,Loss-Making,Low
ORD-11362,2024-01-10,Priya Smith,Consumer,Spain,Europe,Technology,Wireless Ergonomic Mouse,1,32.02,5,30.42,8.28,4.53,Cash on Delivery,2024,1,January,1,30.42,0.14891518737672585,0.272189349112426,1.6010000000000002,32.02,22.14,Low,Profitable,Low
ORD-11372,2024-01-10,William Ahmed,Home Office,Mexico,North America,Technology,Wireless Bluetooth Headphones,2,155.87,15,264.98,6.43,87.09,PayPal,2024,1,January,1,264.98,0.32866631443882555,0.02426598233828968,46.761,311.74,258.55,Low,Profitable,Medium
ORD-11551,2024-01-11,Nadia Martin,Home Office,China,Asia Pacific,Technology,Wireless Ergonomic Mouse,5,62.1,0,310.5,11.64,128.08,Bank Transfer,2024,1,January,1,310.5,0.4124959742351047,0.03748792270531401,0.0,310.5,298.86,Medium,Profitable,No Discount
ORD-10476,2024-01-13,Jennifer Khan,Corporate,France,Europe,Office Supplies,Whiteboard Markers Set 8,1,21.65,10,19.48,9.45,0.29,PayPal,2024,1,January,1,19.48,0.0148870636550308,0.48511293634496916,2.165,21.65,10.030000000000001,Low,Profitable,Low
ORD-11431,2024-01-13,Karen Wang,Home Office,Colombia,South America,Clothing & Accessories,Polarized Sunglasses,1,21.54,15,18.31,12.49,-4.95,Credit Card,2024,1,January,1,18.31,-0.27034407427635176,0.6821409066084108,3.231,21.54,5.8199999999999985,Low,Loss-Making,Medium
ORD-11861,2024-01-13,Maria Khan,Home Office,South Africa,Middle East & Africa,Technology,Portable External SSD 1TB,2,75.67,0,151.34,12.13,55.97,Credit Card,2024,1,January,1,151.34,0.36982952292850535,0.08015065415620458,0.0,151.34,139.21,Low,Profitable,No Discount
ORD-11992,2024-01-13,Olivia Miller,Consumer,Mexico,North America,Clothing & Accessories,Cotton Formal Shirt,6,51.47,20,247.06,17.98,74.67,Bank Transfer,2024,1,January,1,247.06,0.3022342750748806,0.07277584392455275,61.764,308.82,229.08,High,Profitable,Medium
ORD-10152,2024-01-14,Ivan Dubois,Consumer,United Kingdom,Europe,Furniture,Filing Cabinet 3-Drawer,2,81.16,5,154.2,9.07,47.74,Credit Card,2024,1,January,1,154.2,0.30959792477302206,0.05881971465629054,8.116,162.32,145.13,Low,Profitable,Low
ORD-10672,2024-01-14,Thomas Miller,Consumer,South Korea,Asia Pacific,Office Supplies,Binder Clips Assorted 48pc,3,11.12,15,28.36,13.43,-0.08,PayPal,2024,1,January,1,28.36,-0.0028208744710860366,0.4735543018335684,5.004,33.36,14.93,Medium,Loss-Making,Medium
ORD-10880,2024-01-16,Barbara Davis,Home Office,United States,North America,Office Supplies,Premium Notebook Set A5,5,21.03,0,105.15,11.25,46.58,Credit Card,2024,1,January,1,105.15,0.4429862101759391,0.10699001426533523,0.0,105.15,93.9,Medium,Profitable,No Discount
ORD-11107,2024-01-16,Ayumi Martinez,Consumer,South Africa,Middle East & Africa,Furniture,Floating Wall Shelves Set,7,34.67,10,218.42,22.52,50.29,Bank Transfer,2024,1,January,1,218.42,0.2302444831059427,0.10310411134511492,24.269000000000002,242.69,195.89999999999998,High,Profitable,Low
ORD-11424,2024-01-17,Felix Taylor,Home Office,Mexico,North America,Office Supplies,Highlighters Neon Pack 6,2,11.84,10,21.31,9.87,0.78,Credit Card,2024,1,January,1,21.31,0.036602534021586114,0.4631628343500704,2.368,23.68,11.44,Low,Profitable,Low
ORD-11592,2024-01-17,Mia Clark,Consumer,Japan,Asia Pacific,Technology,Smart LED Desk Lamp,4,27.55,20,88.16,14.39,13.16,Bank Transfer,2024,1,January,1,88.16,0.14927404718693285,0.16322595281306718,22.040000000000003,110.2,73.77,Medium,Profitable,Medium
ORD-10695,2024-01-18,William Kim,Consumer,South Korea,Asia Pacific,Office Supplies,Paper Clips Box 500pc,1,9.96,15,8.47,9.9,-5.91,Bank Transfer,2024,1,January,1,8.47,-0.6977567886658795,1.1688311688311688,1.494,9.96,-1.4299999999999997,Low,Loss-Making,Medium
ORD-10116,2024-01-19,Ivan Smith,Corporate,Canada,North America,Technology,Webcam HD 1080p,3,34.06,10,91.96,12.43,23.33,PayPal,2024,1,January,1,91.96,0.2536972596781209,0.13516746411483255,10.218000000000002,102.18,79.53,Medium,Profitable,Low
ORD-10775,2024-01-19,Susan Zhang,Consumer,Canada,North America,Furniture,Floating Wall Shelves Set,2,61.68,20,98.69,6.34,18.33,PayPal,2024,1,January,1,98.69,0.18573310365791873,0.06424156449488297,24.672,123.36,92.35,Low,Profitable,Medium
ORD-11033,2024-01-19,Yuki Chen,Consumer,China,Asia Pacific,Office Supplies,Sticky Notes Multicolor 6-Pack,4,5.79,10,20.84,15.81,-5.39,PayPal,2024,1,January,1,20.84,-0.25863723608445294,0.758637236084453,2.3160000000000003,23.16,5.029999999999999,Medium,Loss-Making,Low
ORD-10866,2024-01-20,Jamal Jones,Home Office,Mexico,North America,Technology,Wireless Ergonomic Mouse,1,36.55,5,34.72,5.81,8.81,Credit Card,2024,1,January,1,34.72,0.2537442396313364,0.16733870967741934,1.8275,36.55,28.91,Low,Profitable,Low
ORD-11159,2024-01-20,James Kumar,Corporate,Mexico,North America,Technology,Smart LED Desk Lamp,4,35.55,5,135.09,11.22,45.66,Credit Card,2024,1,January,1,135.09,0.33799689096158114,0.0830557406173662,7.109999999999999,142.2,123.87,Medium,Profitable,Low
ORD-10471,2024-01-21,Zara Müller,Corporate,Japan,Asia Pacific,Furniture,Standing Desk Converter,1,197.67,25,148.25,9.65,20.0,Credit Card,2024,1,January,1,148.25,0.13490725126475547,0.06509274873524452,49.4175,197.67,138.6,Low,Profitable,High
ORD-10549,2024-01-21,Thomas Rodriguez,Consumer,United States,North America,Technology,USB-C Hub Multiport Adapter,2,49.24,10,88.63,9.16,25.31,Credit Card,2024,1,January,1,88.63,0.28556922035428184,0.10335100981608937,9.848,98.48,79.47,Low,Profitable,Low
ORD-11273,2024-01-21,Richard Rodriguez,Corporate,United Kingdom,Europe,Clothing & Accessories,Canvas Messenger Bag,3,74.46,20,178.7,12.62,54.39,PayPal,2024,1,January,1,178.7,0.30436485730274204,0.0706211527700056,44.676,223.38,166.07999999999998,Medium,Profitable,Medium
ORD-10067,2024-01-22,Noah Leroy,Corporate,France,Europe,Technology,Smart LED Desk Lamp,5,36.68,0,183.4,16.95,65.58,Bank Transfer,2024,1,January,1,183.4,0.3575790621592148,0.09242093784078516,0.0,183.4,166.45000000000002,Medium,Profitable,No Discount
ORD-10498,2024-01-22,Kenji White,Corporate,Canada,North America,Clothing & Accessories,Leather Wallet Minimalist,2,61.95,0,123.9,8.7,53.25,PayPal,2024,1,January,1,123.9,0.4297820823244552,0.07021791767554479,0.0,123.9,115.2,Low,Profitable,No Discount
ORD-10265,2024-01-24,Nadia Zhang,Consumer,South Korea,Asia Pacific,Office Supplies,Tape Dispenser Heavy Duty,3,18.85,20,45.24,12.65,7.14,Credit Card,2024,1,January,1,45.24,0.15782493368700265,0.27961980548187443,11.310000000000002,56.550000000000004,32.59,Medium,Profitable,Medium
ORD-10662,2024-01-24,Liam Tanaka,Corporate,United States,North America,Clothing & Accessories,Wool Blend Scarf,5,49.71,25,186.41,8.76,53.37,PayPal,2024,1,January,1,186.41,0.28630438281208087,0.04699318706078,62.1375,248.55,177.65,Medium,Profitable,High
ORD-11015,2024-01-27,Clara Rodriguez,Corporate,United States,North America,Clothing & Accessories,Travel Backpack 30L,3,59.07,20,141.77,11.25,41.92,Credit Card,2024,1,January,1,141.77,0.29569020244057276,0.07935388305001058,35.442,177.21,130.52,Medium,Profitable,Medium
ORD-11782,2024-01-27,Oscar Pereira,Corporate,China,Asia Pacific,Office Supplies,Premium Notebook Set A5,2,21.61,15,36.74,13.06,4.23,Bank Transfer,2024,1,January,1,36.74,0.1151333696243876,0.35547087642896025,6.483,43.22,23.68,Low,Profitable,Medium
ORD-10032,2024-01-28,Oscar Khan,Consumer,United States,North America,Clothing & Accessories,Leather Belt Classic,2,39.62,5,75.28,6.0,29.66,Credit Card,2024,1,January,1,75.28,0.39399574920297553,0.07970244420828905,3.9619999999999997,79.24,69.28,Low,Profitable,Low
ORD-10004,2024-01-29,Amir Garcia,Corporate,South Africa,Middle East & Africa,Technology,Mechanical Gaming Keyboard,12,150.5,20,1444.8,37.8,413.7,Credit Card,2024,1,January,1,1444.8,0.2863372093023256,0.026162790697674417,361.20000000000005,1806.0,1407.0,High,Profitable,Medium
ORD-10051,2024-01-30,Chen Thompson,Consumer,Mexico,North America,Office Supplies,Desk Calendar 2025,5,8.68,0,43.4,13.4,10.47,Bank Transfer,2024,1,January,1,43.4,0.24124423963133643,0.3087557603686636,0.0,43.4,30.0,Medium,Profitable,No Discount
ORD-10878,2024-01-31,Clara Sato,Home Office,Japan,Asia Pacific,Furniture,Monitor Riser Wood,2,29.62,5,56.28,10.79,9.95,PayPal,2024,1,January,1,56.28,0.17679459843638948,0.19171997157071782,2.962,59.24,45.49,Low,Profitable,Low
ORD-11208,2024-01-31,Thomas Suzuki,Corporate,United States,North America,Technology,Mechanical Gaming Keyboard,2,96.97,15,164.85,9.27,48.91,Bank Transfer,2024,1,January,1,164.85,0.29669396420988775,0.056232939035486804,29.090999999999998,193.94,155.57999999999998,Low,Profitable,Medium
ORD-11547,2024-01-31,Mary Russo,Home Office,Argentina,South America,Office Supplies,Binder Clips Assorted 48pc,1,15.66,0,15.66,10.77,-2.16,Credit Card,2024,1,January,1,15.66,-0.13793103448275862,0.6877394636015325,0.0,15.66,4.890000000000001,Low,Loss-Making,No Discount
ORD-10100,2024-02-02,Fatima Jones,Corporate,Mexico,North America,Furniture,Bookshelf 5-Tier,1,93.08,5,88.43,6.7,25.88,Bank Transfer,2024,2,February,1,88.43,0.29266086169851857,0.0757661427117494,4.654,93.08,81.73,Low,Profitable,Low
ORD-10110,2024-02-02,Ayumi White,Corporate,Italy,Europe,Clothing & Accessories,Leather Wallet Minimalist,2,38.08,10,68.54,10.11,20.35,Cash on Delivery,2024,2,February,1,68.54,0.2969069156696819,0.1475051065071491,7.616,76.16,58.43000000000001,Low,Profitable,Low
ORD-10928,2024-02-03,Olga Pereira,Home Office,Australia,Asia Pacific,Office Supplies,Highlighters Neon Pack 6,1,13.92,5,13.22,10.04,-3.08,PayPal,2024,2,February,1,13.22,-0.2329803328290469,0.7594553706505294,0.6960000000000001,13.92,3.1800000000000015,Low,Loss-Making,Low
ORD-11928,2024-02-03,Kenji Dubois,Home Office,Spain,Europe,Furniture,Mesh Back Task Chair,2,297.8,0,595.6,11.67,226.57,PayPal,2024,2,February,1,595.6,0.38040631296171923,0.019593687038280724,0.0,595.6,583.9300000000001,Low,Profitable,No Discount
ORD-10440,2024-02-04,Marco Sharma,Corporate,Germany,Europe,Office Supplies,Desk Calendar 2025,1,10.39,0,10.39,7.64,-1.93,PayPal,2024,2,February,1,10.39,-0.1857555341674687,0.7353224254090471,0.0,10.39,2.750000000000001,Low,Loss-Making,No Discount
ORD-11047,2024-02-04,Yuki Ferrari,Corporate,United States,North America,Furniture,Filing Cabinet 3-Drawer,2,214.42,20,343.07,6.04,79.73,Credit Card,2024,2,February,1,343.07,0.23240155070393798,0.017605736438627687,85.768,428.84,337.03,Low,Profitable,Medium
ORD-11456,2024-02-04,Ahmed Singh,Corporate,United States,North America,Technology,Portable External SSD 1TB,4,96.59,0,386.36,8.86,165.0,PayPal,2024,2,February,1,386.36,0.42706284294440416,0.022931980536287398,0.0,386.36,377.5,Medium,Profitable,No Discount
ORD-10297,2024-02-07,Hans Patel,Corporate,South Korea,Asia Pacific,Clothing & Accessories,Canvas Messenger Bag,12,54.17,0,650.04,38.1,286.92,Bank Transfer,2024,2,February,1,650.04,0.44138822226324537,0.05861177773675467,0.0,650.04,611.9399999999999,High,Profitable,No Discount
ORD-11139,2024-02-07,Priya Laurent,Consumer,Spain,Europe,Clothing & Accessories,Business Casual Blazer,4,90.04,5,342.15,13.31,148.76,Bank Transfer,2024,2,February,1,342.15,0.43478006722197865,0.03890106678357446,18.008000000000003,360.16,328.84,Medium,Profitable,Low
ORD-11704,2024-02-07,Clara Miller,Consumer,Italy,Europe,Technology,Webcam HD 1080p,2,33.73,15,57.34,11.05,9.19,Credit Card,2024,2,February,1,57.34,0.16027206138821065,0.19271014998256017,10.118999999999998,67.46,46.290000000000006,Low,Profitable,Medium
ORD-10031,2024-02-08,Yuki Martin,Consumer,Spain,Europe,Technology,Webcam HD 1080p,4,67.39,0,269.56,16.2,105.1,PayPal,2024,2,February,1,269.56,0.3898946431221249,0.06009793737943315,0.0,269.56,253.36,Medium,Profitable,No Discount
ORD-10923,2024-02-08,Hans Martinez,Consumer,Japan,Asia Pacific,Furniture,Ergonomic Office Chair,6,443.99,15,2264.35,18.29,647.7,Credit Card,2024,2,February,1,2264.35,0.28604235210987705,0.008077373197606376,399.591,2663.94,2246.06,High,Profitable,Medium
ORD-10958,2024-02-10,John Zhang,Home Office,United Kingdom,Europe,Technology,Wireless Bluetooth Headphones,1,216.25,5,205.44,7.52,78.98,PayPal,2024,2,February,1,205.44,0.3844431464174455,0.03660436137071651,10.8125,216.25,197.92,Low,Profitable,Low
ORD-11599,2024-02-10,Nadia Martin,Consumer,South Korea,Asia Pacific,Clothing & Accessories,Business Casual Blazer,2,89.21,15,151.66,13.6,48.85,Credit Card,2024,2,February,1,151.66,0.32210207042067784,0.08967427139654491,26.762999999999998,178.42,138.06,Low,Profitable,Medium
ORD-11625,2024-02-11,Jennifer Ali,Corporate,Argentina,South America,Furniture,Corner L-Shaped Desk,8,180.57,10,1300.1,17.58,415.78,Credit Card,2024,2,February,1,1300.1,0.3198061687562495,0.013522036766402583,144.456,1444.56,1282.52,High,Profitable,Low
ORD-11705,2024-02-11,Jennifer Martinez,Corporate,UAE,Middle East & Africa,Technology,Wireless Ergonomic Mouse,2,22.02,5,41.84,13.18,4.44,Cash on Delivery,2024,2,February,1,41.84,0.10611854684512428,0.3150095602294455,2.202,44.04,28.660000000000004,Low,Profitable,Low
ORD-10346,2024-02-12,Marco Hassan,Consumer,Mexico,North America,Office Supplies,Tape Dispenser Heavy Duty,5,10.97,5,52.11,14.23,13.2,PayPal,2024,2,February,1,52.11,0.2533103051237766,0.27307618499328346,2.7425,54.85,37.879999999999995,Medium,Profitable,Low
ORD-10338,2024-02-13,Maria Zhang,Corporate,Argentina,South America,Technology,Portable External SSD 1TB,1,78.61,5,74.68,11.74,19.7,Credit Card,2024,2,February,1,74.68,0.26379217996786286,0.1572040707016604,3.9305000000000003,78.61,62.940000000000005,Low,Profitable,Low
ORD-10935,2024-02-13,Patricia Khan,Consumer,Spain,Europe,Office Supplies,Highlighters Neon Pack 6,1,12.56,0,12.56,8.15,-1.24,PayPal,2024,2,February,1,12.56,-0.09872611464968152,0.6488853503184714,0.0,12.56,4.41,Low,Loss-Making,No Discount
ORD-11263,2024-02-14,Susan Zhang,Consumer,Saudi Arabia,Middle East & Africa,Clothing & Accessories,Business Casual Blazer,4,108.96,0,435.84,18.91,199.01,Cash on Delivery,2024,2,February,1,435.84,0.45661251835535976,0.043387481644640236,0.0,435.84,416.92999999999995,Medium,Profitable,No Discount
ORD-11724,2024-02-14,Lucas Rodriguez,Consumer,United States,North America,Furniture,Desk Organizer Set,4,40.58,5,154.2,13.86,42.95,PayPal,2024,2,February,1,154.2,0.2785343709468224,0.08988326848249027,8.116,162.32,140.33999999999997,Medium,Profitable,Low
ORD-11580,2024-02-15,Chen Garcia,Consumer,China,Asia Pacific,Technology,Smart LED Desk Lamp,1,28.43,0,28.43,11.31,1.48,Cash on Delivery,2024,2,February,1,28.43,0.05205768554344003,0.3978192050650721,0.0,28.43,17.119999999999997,Low,Profitable,No Discount
ORD-10292,2024-02-16,Omar Costa,Corporate,Saudi Arabia,Middle East & Africa,Office Supplies,Whiteboard Markers Set 8,1,20.74,15,17.63,13.45,-5.15,Credit Card,2024,2,February,1,17.63,-0.292115711854793,0.7629041406693137,3.1109999999999998,20.74,4.18,Low,Loss-Making,Medium
ORD-11565,2024-02-17,Omar Williams,Consumer,South Korea,Asia Pacific,Clothing & Accessories,Leather Belt Classic,5,48.34,25,181.28,14.29,46.14,Credit Card,2024,2,February,1,181.28,0.2545233892321271,0.07882833186231245,60.425000000000004,241.70000000000002,166.99,Medium,Profitable,High
ORD-10413,2024-02-18,Li Laurent,Consumer,United States,North America,Furniture,Ergonomic Office Chair,7,429.66,0,3007.62,13.26,1189.79,PayPal,2024,2,February,1,3007.62,0.3955918633337988,0.004408801643824686,0.0,3007.6200000000003,2994.3599999999997,High,Profitable,No Discount
ORD-10503,2024-02-18,Elizabeth Singh,Corporate,Australia,Asia Pacific,Furniture,Floating Wall Shelves Set,2,48.32,20,77.31,12.19,7.14,Cash on Delivery,2024,2,February,1,77.31,0.09235545207605743,0.15767688526710644,19.328000000000003,96.64,65.12,Low,Profitable,Medium
ORD-10510,2024-02-18,Olivia Anderson,Corporate,Italy,Europe,Clothing & Accessories,Cotton Formal Shirt,3,62.02,5,176.76,8.79,74.94,Cash on Delivery,2024,2,February,1,176.76,0.4239646978954515,0.04972844534962661,9.303,186.06,167.97,Medium,Profitable,Low
ORD-10165,2024-02-21,Hanna Leroy,Corporate,France,Europe,Technology,Wireless Ergonomic Mouse,1,62.36,15,53.01,7.88,10.83,Credit Card,2024,2,February,1,53.01,0.20430107526881722,0.1486511978871911,9.354,62.36,45.129999999999995,Low,Profitable,Medium
ORD-10529,2024-02-21,Chen Santos,Corporate,Mexico,North America,Clothing & Accessories,Canvas Messenger Bag,3,43.72,0,131.16,11.64,53.94,PayPal,2024,2,February,1,131.16,0.4112534309240622,0.0887465690759378,0.0,131.16,119.52,Medium,Profitable,No Discount
ORD-10819,2024-02-21,Oscar Wang,Home Office,United Kingdom,Europe,Clothing & Accessories,Sports Water Bottle 750ml,5,13.07,0,65.35,13.22,19.45,Bank Transfer,2024,2,February,1,65.35,0.297628156082632,0.2022953328232594,0.0,65.35,52.129999999999995,Medium,Profitable,No Discount
ORD-11638,2024-02-21,Maria Ferrari,Corporate,United States,North America,Furniture,Standing Desk Converter,1,246.49,10,221.84,6.91,67.04,Credit Card,2024,2,February,1,221.84,0.3021997836278399,0.031148575549945906,24.649,246.49,214.93,Low,Profitable,Low
ORD-11671,2024-02-23,Jennifer Tanaka,Consumer,Canada,North America,Clothing & Accessories,Sports Water Bottle 750ml,7,23.26,5,154.68,15.24,58.03,Credit Card,2024,2,February,1,154.68,0.3751616239979312,0.09852598913886734,8.141000000000002,162.82000000000002,139.44,High,Profitable,Low
ORD-10156,2024-02-25,Karen Anderson,Consumer,United Kingdom,Europe,Furniture,Floating Wall Shelves Set,1,61.18,0,61.18,8.33,16.14,PayPal,2024,2,February,1,61.18,0.2638117031709709,0.13615560640732266,0.0,61.18,52.85,Low,Profitable,No Discount
ORD-10708,2024-02-27,Susan Li,Corporate,France,Europe,Technology,Portable External SSD 1TB,4,78.35,20,250.72,12.16,66.19,PayPal,2024,2,February,1,250.72,0.2639996809189534,0.048500319081046586,62.68,313.4,238.56,Medium,Profitable,Medium
ORD-11059,2024-02-27,Patricia Clark,Consumer,South Africa,Middle East & Africa,Office Supplies,Whiteboard Markers Set 8,2,13.33,15,22.66,15.68,-5.02,PayPal,2024,2,February,1,22.66,-0.22153574580759045,0.6919682259488085,3.9989999999999997,26.66,6.98,Low,Loss-Making,Medium
ORD-11676,2024-02-27,Giulia Anderson,Consumer,United States,North America,Office Supplies,Sticky Notes Multicolor 6-Pack,1,14.7,15,12.49,7.42,-1.54,Credit Card,2024,2,February,1,12.49,-0.12329863891112891,0.5940752602081665,2.2049999999999996,14.7,5.07,Low,Loss-Making,Medium
ORD-11280,2024-03-02,John Robinson,Corporate,France,Europe,Office Supplies,Highlighters Neon Pack 6,4,10.51,5,39.94,13.17,7.85,Credit Card,2024,3,March,1,39.94,0.19654481722583875,0.3297446169253881,2.102,42.04,26.769999999999996,Medium,Profitable,Low
ORD-10947,2024-03-03,Kenji Davis,Home Office,Italy,Europe,Furniture,Mesh Back Task Chair,5,131.71,10,592.7,10.75,186.82,Cash on Delivery,2024,3,March,1,592.7,0.3152016197064282,0.01813733760755863,65.855,658.5500000000001,581.95,Medium,Profitable,Low
ORD-10869,2024-03-04,Priya Nilsson,Corporate,Australia,Asia Pacific,Office Supplies,Sticky Notes Multicolor 6-Pack,5,5.0,0,25.0,13.15,0.6,Cash on Delivery,2024,3,March,1,25.0,0.024,0.526,0.0,25.0,11.85,Medium,Profitable,No Discount
ORD-10005,2024-03-05,Chen Patel,Home Office,Canada,North America,Office Supplies,Ballpoint Pen Pack 12,1,12.92,10,11.63,5.83,-0.01,Credit Card,2024,3,March,1,11.63,-0.0008598452278589853,0.5012897678417885,1.292,12.92,5.800000000000001,Low,Loss-Making,Low
ORD-10951,2024-03-05,Sarah Chen,Consumer,Mexico,North America,Office Supplies,Whiteboard Markers Set 8,6,15.88,5,90.52,10.1,37.54,PayPal,2024,3,March,1,90.52,0.4147149801148917,0.11157755192222714,4.764,95.28,80.42,High,Profitable,Low
ORD-11594,2024-03-05,Michael Garcia,Consumer,United States,North America,Clothing & Accessories,Cotton Formal Shirt,5,32.04,5,152.19,8.49,63.6,Bank Transfer,2024,3,March,1,152.19,0.41789867928247587,0.05578553124383994,8.01,160.2,143.7,Medium,Profitable,Low
ORD-11835,2024-03-05,Noah Clark,Corporate,UAE,Middle East & Africa,Technology,Wireless Bluetooth Headphones,3,187.55,15,478.25,15.41,153.38,Cash on Delivery,2024,3,March,1,478.25,0.3207109252483011,0.03222164140094093,84.39750000000001,562.6500000000001,462.84,Medium,Profitable,Medium
ORD-10706,2024-03-06,Priya Rodriguez,Consumer,China,Asia Pacific,Technology,Webcam HD 1080p,11,67.96,5,710.18,35.32,263.7,Cash on Delivery,2024,3,March,1,710.18,0.3713143146807852,0.049733870286406266,37.378,747.56,674.8599999999999,High,Profitable,Low
ORD-11277,2024-03-06,Sakura Smith,Corporate,Brazil,South America,Furniture,Folding Table Portable,1,127.07,0,127.07,10.8,40.03,Credit Card,2024,3,March,1,127.07,0.315023215550484,0.08499252380577635,0.0,127.07,116.27,Low,Profitable,No Discount
ORD-10437,2024-03-07,Nadia Harris,Corporate,China,Asia Pacific,Clothing & Accessories,Business Casual Blazer,5,110.65,0,553.25,13.18,263.44,Credit Card,2024,3,March,1,553.25,0.476168097605061,0.023822864889290557,0.0,553.25,540.07,Medium,Profitable,No Discount
ORD-10841,2024-03-07,Carlos Martinez,Consumer,Colombia,South America,Technology,Tablet Stand Holder,2,27.57,0,55.14,12.15,12.66,PayPal,2024,3,March,1,55.14,0.2295973884657236,0.22034820457018497,0.0,55.14,42.99,Low,Profitable,No Discount
ORD-10883,2024-03-07,Fatima Williams,Home Office,China,Asia Pacific,Furniture,Monitor Riser Wood,4,36.41,10,131.08,17.64,26.06,Bank Transfer,2024,3,March,1,131.08,0.19880988709185227,0.13457430576747023,14.564,145.64,113.44000000000001,Medium,Profitable,Low
ORD-10273,2024-03-08,Clara Johnson,Consumer,China,Asia Pacific,Office Supplies,Desk Calendar 2025,4,7.72,15,26.25,14.0,-1.65,PayPal,2024,3,March,1,26.25,-0.06285714285714285,0.5333333333333333,4.632,30.88,12.25,Medium,Loss-Making,Medium
ORD-10893,2024-03-08,Elizabeth Sharma,Consumer,United Kingdom,Europe,Technology,Smart LED Desk Lamp,2,57.7,0,115.4,9.55,42.38,Bank Transfer,2024,3,March,1,115.4,0.36724436741767763,0.08275563258232235,0.0,115.4,105.85000000000001,Low,Profitable,No Discount
ORD-11361,2024-03-08,Olivia Sato,Consumer,United States,North America,Technology,Wireless Ergonomic Mouse,3,69.59,20,167.02,10.17,42.03,Cash on Delivery,2024,3,March,1,167.02,0.2516465094000718,0.0608909112681116,41.754000000000005,208.77,156.85000000000002,Medium,Profitable,Medium
ORD-10309,2024-03-09,William Clark,Consumer,India,Asia Pacific,Office Supplies,Tape Dispenser Heavy Duty,1,10.42,10,9.38,10.01,-5.32,Credit Card,2024,3,March,1,9.38,-0.5671641791044776,1.0671641791044775,1.042,10.42,-0.629999999999999,Low,Loss-Making,Low
ORD-10531,2024-03-10,William Smith,Consumer,Nigeria,Middle East & Africa,Office Supplies,Stapler Full-Size,1,10.33,0,10.33,12.17,-6.49,Credit Card,2024,3,March,1,10.33,-0.6282671829622459,1.1781219748305904,0.0,10.33,-1.8399999999999999,Low,Loss-Making,No Discount
ORD-10537,2024-03-10,Maria Costa,Consumer,France,Europe,Clothing & Accessories,Sports Water Bottle 750ml,1,24.87,20,19.9,7.99,-0.53,PayPal,2024,3,March,1,19.9,-0.02663316582914573,0.4015075376884423,4.974,24.87,11.909999999999998,Low,Loss-Making,Medium
ORD-11284,2024-03-10,Emma Moreau,Consumer,Germany,Europe,Technology,Laptop Stand Adjustable,5,73.85,0,369.25,19.4,146.76,Cash on Delivery,2024,3,March,1,369.25,0.3974542992552471,0.052538930264048746,0.0,369.25,349.85,Medium,Profitable,No Discount
ORD-11143,2024-03-13,Layla Park,Corporate,Mexico,North America,Office Supplies,Ballpoint Pen Pack 12,8,16.12,10,116.06,20.61,37.42,Credit Card,2024,3,March,1,116.06,0.3224194382216095,0.1775805617783905,12.896,128.96,95.45,High,Profitable,Low
ORD-11742,2024-03-13,James Wang,Home Office,China,Asia Pacific,Technology,Smart LED Desk Lamp,4,74.64,0,298.56,12.03,122.32,PayPal,2024,3,March,1,298.56,0.4096998928188639,0.04029340836012862,0.0,298.56,286.53000000000003,Medium,Profitable,No Discount
ORD-11961,2024-03-13,Nadia Johansson,Home Office,Nigeria,Middle East & Africa,Furniture,Mesh Back Task Chair,4,119.66,10,430.78,18.85,124.75,PayPal,2024,3,March,1,430.78,0.2895909745113515,0.04375783462556294,47.864000000000004,478.64,411.92999999999995,Medium,Profitable,Low
ORD-11956,2024-03-16,Hanna Müller,Consumer,Saudi Arabia,Middle East & Africa,Technology,Noise Cancelling Earbuds,3,187.16,0,561.48,15.51,237.16,Cash on Delivery,2024,3,March,1,561.48,0.42238370022084487,0.02762342380850609,0.0,561.48,545.97,Medium,Profitable,No Discount
ORD-10573,2024-03-17,Hanna Brown,Home Office,France,Europe,Office Supplies,Premium Notebook Set A5,2,10.08,15,17.14,9.67,-1.6,PayPal,2024,3,March,1,17.14,-0.09334889148191365,0.5641773628938156,3.024,20.16,7.470000000000001,Low,Loss-Making,Medium
ORD-11179,2024-03-17,Noah Müller,Consumer,Colombia,South America,Furniture,Folding Table Portable,2,115.3,5,219.07,13.43,67.28,Cash on Delivery,2024,3,March,1,219.07,0.3071164467978272,0.06130460583375177,11.530000000000001,230.6,205.64,Low,Profitable,Low
ORD-11997,2024-03-17,Barbara Sato,Consumer,United States,North America,Furniture,Mesh Back Task Chair,3,185.09,0,555.27,9.37,212.74,Credit Card,2024,3,March,1,555.27,0.38312892826913036,0.01687467358222126,0.0,555.27,545.9,Medium,Profitable,No Discount
ORD-10084,2024-03-18,Wei Jones,Home Office,South Korea,Asia Pacific,Technology,USB-C Hub Multiport Adapter,3,55.49,5,158.15,16.4,50.19,Cash on Delivery,2024,3,March,1,158.15,0.3173569396142902,0.10369901991779955,8.323500000000001,166.47,141.75,Medium,Profitable,Low
ORD-11941,2024-03-18,Ivan Patel,Consumer,Italy,Europe,Furniture,Monitor Riser Wood,1,53.47,0,53.47,8.83,12.56,PayPal,2024,3,March,1,53.47,0.23489807368617918,0.1651393304656817,0.0,53.47,44.64,Low,Profitable,No Discount
ORD-11174,2024-03-19,Fatima Singh,Corporate,Australia,Asia Pacific,Clothing & Accessories,Cotton Formal Shirt,3,24.44,25,54.99,12.17,6.16,PayPal,2024,3,March,1,54.99,0.11202036733951627,0.22131296599381706,18.330000000000002,73.32000000000001,42.82,Medium,Profitable,High
ORD-11802,2024-03-19,Giulia Nilsson,Consumer,Japan,Asia Pacific,Clothing & Accessories,Sports Water Bottle 750ml,11,15.11,10,149.59,21.86,44.63,Credit Card,2024,3,March,1,149.59,0.298348820108296,0.1461327628852196,16.621,166.20999999999998,127.73,High,Profitable,Low
ORD-11979,2024-03-19,Nadia Romano,Corporate,United Kingdom,Europe,Office Supplies,Sticky Notes Multicolor 6-Pack,2,4.03,5,7.66,10.73,-6.7,Cash on Delivery,2024,3,March,1,7.66,-0.8746736292428199,1.4007832898172323,0.403,8.06,-3.0700000000000003,Low,Loss-Making,Low
ORD-10425,2024-03-21,Amir Khan,Consumer,Japan,Asia Pacific,Clothing & Accessories,Business Casual Blazer,4,123.28,5,468.46,13.33,208.57,PayPal,2024,3,March,1,468.46,0.44522477906331387,0.028454937454638604,24.656000000000002,493.12,455.13,Medium,Profitable,Low
ORD-10040,2024-03-27,Ava Clark,Corporate,Nigeria,Middle East & Africa,Technology,Wireless Ergonomic Mouse,2,21.45,15,36.46,13.62,-0.76,Credit Card,2024,3,March,1,36.46,-0.020844761382336808,0.3735600658255622,6.435,42.9,22.840000000000003,Low,Loss-Making,Medium
ORD-10705,2024-03-27,Chen Dubois,Corporate,France,Europe,Technology,Laptop Stand Adjustable,1,34.41,5,32.69,7.58,6.18,Credit Card,2024,3,March,1,32.69,0.1890486387274396,0.23187519118996636,1.7205,34.41,25.11,Low,Profitable,Low
ORD-11101,2024-03-27,Hans Harris,Consumer,United States,North America,Technology,Portable External SSD 1TB,6,99.17,15,505.77,13.35,165.16,Credit Card,2024,3,March,1,505.77,0.3265515945983352,0.026395397117266742,89.253,595.02,492.41999999999996,High,Profitable,Medium
ORD-11914,2024-03-27,Xiao Ali,Corporate,Saudi Arabia,Middle East & Africa,Furniture,Filing Cabinet 3-Drawer,7,140.89,15,838.3,16.01,230.55,PayPal,2024,3,March,1,838.3,0.2750208755815341,0.01909817487772874,147.93449999999999,986.2299999999999,822.29,High,Profitable,Medium
ORD-10154,2024-03-28,Jessica Patel,Home Office,Mexico,North America,Technology,USB-C Hub Multiport Adapter,12,40.47,5,461.36,27.85,166.41,Cash on Delivery,2024,3,March,1,461.36,0.36069446852783077,0.060365007803017165,24.282,485.64,433.51,High,Profitable,Low
ORD-11326,2024-03-28,Patricia Rossi,Consumer,Argentina,South America,Furniture,Folding Table Portable,1,42.6,15,36.21,11.24,-0.59,Bank Transfer,2024,3,March,1,36.21,-0.016293841480254073,0.31041148853907763,6.39,42.6,24.97,Low,Loss-Making,Medium
ORD-10379,2024-03-30,Felix Müller,Corporate,Japan,Asia Pacific,Office Supplies,Desk Calendar 2025,1,7.85,10,7.06,9.6,-6.07,Credit Card,2024,3,March,1,7.06,-0.859773371104816,1.3597733711048159,0.785,7.85,-2.54,Low,Loss-Making,Low
ORD-10754,2024-03-30,Chen Patel,Corporate,Germany,Europe,Furniture,Filing Cabinet 3-Drawer,6,203.47,10,1098.74,13.13,353.12,Credit Card,2024,3,March,1,1098.74,0.3213863152338133,0.011950051877605257,122.082,1220.82,1085.61,High,Profitable,Low
ORD-10394,2024-03-31,Oscar Kim,Home Office,Argentina,South America,Clothing & Accessories,Silk Tie Collection,8,14.51,20,92.86,27.87,6.95,PayPal,2024,3,March,1,92.86,0.07484385095843205,0.3001292267930218,23.216,116.08,64.99,High,Profitable,Medium
ORD-10464,2024-03-31,Ivan Zhang,Home Office,Canada,North America,Office Supplies,Desk Calendar 2025,7,18.79,5,124.95,9.12,56.64,Cash on Delivery,2024,3,March,1,124.95,0.45330132052821126,0.07298919567827131,6.5765,131.53,115.83,High,Profitable,Low
ORD-11428,2024-03-31,Mary Weber,Consumer,France,Europe,Office Supplies,Tape Dispenser Heavy Duty,1,18.75,0,18.75,9.22,1.09,PayPal,2024,3,March,1,18.75,0.058133333333333335,0.49173333333333336,0.0,18.75,9.53,Low,Profitable,No Discount
ORD-11969,2024-03-31,Nadia Laurent,Consumer,Australia,Asia Pacific,Technology,Noise Cancelling Earbuds,4,130.45,0,521.8,18.51,216.3,PayPal,2024,3,March,1,521.8,0.41452663855883487,0.0354733614411652,0.0,521.8,503.28999999999996,Medium,Profitable,No Discount
ORD-11981,2024-04-01,Fatima Fischer,Home Office,Spain,Europe,Technology,Wireless Bluetooth Headphones,1,231.11,10,208.0,8.87,72.02,PayPal,2024,4,April,2,208.0,0.34625,0.04264423076923077,23.111000000000004,231.11,199.13,Low,Profitable,Low
ORD-10660,2024-04-03,Sarah Moreau,Corporate,France,Europe,Clothing & Accessories,Travel Backpack 30L,2,35.17,25,52.76,10.97,6.62,Bank Transfer,2024,4,April,2,52.76,0.12547384382107657,0.20792266868840031,17.585,70.34,41.79,Low,Profitable,High
ORD-10768,2024-04-03,Jessica Costa,Consumer,Japan,Asia Pacific,Technology,Wireless Bluetooth Headphones,13,73.44,15,811.51,34.33,252.08,Credit Card,2024,4,April,2,811.51,0.3106307993740065,0.04230385331049525,143.208,954.72,777.18,High,Profitable,Medium
ORD-11299,2024-04-03,Isabella Yamamoto,Corporate,Italy,Europe,Office Supplies,Sticky Notes Multicolor 6-Pack,2,9.1,0,18.2,9.66,0.35,PayPal,2024,4,April,2,18.2,0.019230769230769232,0.5307692307692308,0.0,18.2,8.54,Low,Profitable,No Discount
ORD-10295,2024-04-04,Ayumi Miller,Corporate,South Korea,Asia Pacific,Office Supplies,Tape Dispenser Heavy Duty,3,14.61,15,37.26,14.68,2.86,PayPal,2024,4,April,2,37.26,0.07675791733762748,0.3939881910896404,6.5745,43.83,22.58,Medium,Profitable,Medium
ORD-10832,2024-04-04,Karen Tanaka,Corporate,Japan,Asia Pacific,Office Supplies,Stapler Full-Size,5,15.19,10,68.36,12.71,21.47,Cash on Delivery,2024,4,April,2,68.36,0.314072557050907,0.18592744294909305,7.595000000000001,75.95,55.65,Medium,Profitable,Low
ORD-11250,2024-04-04,Emma Kim,Consumer,India,Asia Pacific,Technology,Portable External SSD 1TB,1,116.53,10,104.88,10.52,30.27,PayPal,2024,4,April,2,104.88,0.2886155606407323,0.10030511060259344,11.653,116.53,94.36,Low,Profitable,Low
ORD-11581,2024-04-04,Mia Smith,Consumer,France,Europe,Clothing & Accessories,Canvas Messenger Bag,5,45.28,25,169.8,12.55,44.05,Credit Card,2024,4,April,2,169.8,0.25942285041224966,0.07391048292108363,56.6,226.4,157.25,Medium,Profitable,High
ORD-10064,2024-04-05,Ahmed Clark,Corporate,Japan,Asia Pacific,Clothing & Accessories,Cotton Formal Shirt,1,43.07,20,34.46,10.5,2.43,Bank Transfer,2024,4,April,2,34.46,0.07051654091700522,0.3047011027278003,8.614,43.07,23.96,Low,Profitable,Medium
ORD-10665,2024-04-05,Noah Martinez,Home Office,Mexico,North America,Office Supplies,Premium Notebook Set A5,5,23.69,15,100.68,14.77,32.61,Credit Card,2024,4,April,2,100.68,0.3238974970202622,0.14670242352006355,17.7675,118.45,85.91000000000001,Medium,Profitable,Medium
ORD-10687,2024-04-05,Jennifer Ferrari,Consumer,Mexico,North America,Technology,Webcam HD 1080p,3,80.36,20,192.86,9.04,51.23,Credit Card,2024,4,April,2,192.86,0.26563310173182614,0.04687337965363475,48.216,241.07999999999998,183.82000000000002,Medium,Profitable,Medium
ORD-10806,2024-04-06,Sakura Thomas,Consumer,France,Europe,Technology,USB-C Hub Multiport Adapter,3,39.53,15,100.8,9.02,26.56,Credit Card,2024,4,April,2,100.8,0.2634920634920635,0.08948412698412699,17.7885,118.59,91.78,Medium,Profitable,Medium
ORD-10813,2024-04-06,Raj Li,Consumer,Mexico,North America,Office Supplies,Binder Clips Assorted 48pc,5,10.25,15,43.56,9.78,10.72,Cash on Delivery,2024,4,April,2,43.56,0.2460973370064279,0.22451790633608812,7.6875,51.25,33.78,Medium,Profitable,Medium
ORD-10956,2024-04-06,Sakura Rodriguez,Consumer,United States,North America,Office Supplies,Ballpoint Pen Pack 12,2,14.32,10,25.78,7.0,5.89,Credit Card,2024,4,April,2,25.78,0.22847168347556243,0.27152831652443754,2.8640000000000003,28.64,18.78,Low,Profitable,Low
ORD-11558,2024-04-06,Chen Martin,Consumer,Germany,Europe,Office Supplies,Paper Clips Box 500pc,8,9.0,0,72.0,16.77,22.83,Credit Card,2024,4,April,2,72.0,0.31708333333333333,0.23291666666666666,0.0,72.0,55.230000000000004,High,Profitable,No Discount
ORD-10078,2024-04-07,Olivia Nilsson,Consumer,Brazil,South America,Clothing & Accessories,Polarized Sunglasses,5,77.97,5,370.36,20.41,155.03,Credit Card,2024,4,April,2,370.36,0.4185927205961767,0.05510854303920509,19.492500000000003,389.85,349.95,Medium,Profitable,Low
ORD-11634,2024-04-07,Olivia Robinson,Consumer,Japan,Asia Pacific,Clothing & Accessories,Travel Backpack 30L,3,70.34,10,189.92,14.67,69.74,Credit Card,2024,4,April,2,189.92,0.36720724515585507,0.07724304970513901,21.102000000000004,211.02,175.25,Medium,Profitable,Low
ORD-10092,2024-04-08,Susan Hassan,Home Office,France,Europe,Clothing & Accessories,Sports Water Bottle 750ml,6,29.44,10,158.98,17.71,52.95,Credit Card,2024,4,April,2,158.98,0.33306076236004534,0.11139766008302933,17.664,176.64000000000001,141.26999999999998,High,Profitable,Low
ORD-10964,2024-04-08,Richard Kumar,Consumer,South Korea,Asia Pacific,Clothing & Accessories,Leather Belt Classic,9,36.63,5,313.19,17.14,131.21,Credit Card,2024,4,April,2,313.19,0.4189469651010569,0.054727162425364795,16.483500000000003,329.67,296.05,High,Profitable,Low
ORD-11344,2024-04-08,Amir Wang,Consumer,United States,North America,Office Supplies,Desk Calendar 2025,1,13.3,15,11.3,5.8,-0.48,Credit Card,2024,4,April,2,11.3,-0.04247787610619468,0.5132743362831858,1.995,13.3,5.500000000000001,Low,Loss-Making,Medium
ORD-10991,2024-04-09,Marco Weber,Consumer,United States,North America,Furniture,Standing Desk Converter,5,184.93,5,878.42,7.7,315.93,PayPal,2024,4,April,2,878.42,0.35965711163224884,0.008765738485007172,46.23250000000001,924.6500000000001,870.7199999999999,Medium,Profitable,Low
ORD-11785,2024-04-09,Michael Sharma,Home Office,United States,North America,Clothing & Accessories,Wool Blend Scarf,1,53.29,10,47.96,6.39,14.93,Credit Card,2024,4,April,2,47.96,0.31130108423686403,0.13323603002502085,5.329000000000001,53.29,41.57,Low,Profitable,Low
ORD-10250,2024-04-10,Richard Garcia,Corporate,Nigeria,Middle East & Africa,Office Supplies,Binder Clips Assorted 48pc,2,14.0,10,25.2,15.47,-2.87,PayPal,2024,4,April,2,25.2,-0.1138888888888889,0.6138888888888889,2.8000000000000003,28.0,9.729999999999999,Low,Loss-Making,Low
ORD-11053,2024-04-10,Wei Müller,Consumer,India,Asia Pacific,Technology,Noise Cancelling Earbuds,4,43.88,10,157.97,14.83,46.6,Credit Card,2024,4,April,2,157.97,0.29499272013673483,0.09387858454136862,17.552000000000003,175.52,143.14,Medium,Profitable,Low
ORD-11489,2024-04-10,Olga Anderson,Home Office,China,Asia Pacific,Technology,Noise Cancelling Earbuds,1,198.87,15,169.04,10.72,48.94,Credit Card,2024,4,April,2,169.04,0.2895172740179839,0.06341694273544723,29.8305,198.87,158.32,Low,Profitable,Medium
ORD-11767,2024-04-10,Robert Schmidt,Consumer,United Kingdom,Europe,Technology,Wireless Ergonomic Mouse,3,53.25,5,151.76,11.26,52.64,PayPal,2024,4,April,2,151.76,0.34686346863468637,0.07419609910384818,7.987500000000001,159.75,140.5,Medium,Profitable,Low
ORD-10305,2024-04-11,Michael Taylor,Corporate,South Korea,Asia Pacific,Clothing & Accessories,Polarized Sunglasses,4,42.06,10,151.42,11.14,56.16,PayPal,2024,4,April,2,151.42,0.3708889182406551,0.07357020208691059,16.824,168.24,140.27999999999997,Medium,Profitable,Low
ORD-11106,2024-04-13,Sakura Oliveira,Consumer,United Kingdom,Europe,Technology,USB-C Hub Multiport Adapter,4,24.16,0,96.64,9.63,33.86,Cash on Delivery,2024,4,April,2,96.64,0.35037251655629137,0.09964817880794703,0.0,96.64,87.01,Medium,Profitable,No Discount
ORD-10006,2024-04-14,Hans Kumar,Consumer,Japan,Asia Pacific,Clothing & Accessories,Wool Blend Scarf,1,33.05,20,26.44,10.63,-0.71,Bank Transfer,2024,4,April,2,26.44,-0.02685325264750378,0.40204236006051436,6.609999999999999,33.05,15.81,Low,Loss-Making,Medium
ORD-11141,2024-04-14,Hans Müller,Consumer,UAE,Middle East & Africa,Office Supplies,Stapler Full-Size,2,10.3,5,19.57,12.16,-1.86,Cash on Delivery,2024,4,April,2,19.57,-0.09504343382728667,0.6213592233009708,1.03,20.6,7.41,Low,Loss-Making,Low
ORD-11434,2024-04-14,Clara Singh,Consumer,Australia,Asia Pacific,Office Supplies,Highlighters Neon Pack 6,2,10.57,5,20.08,11.11,-0.54,PayPal,2024,4,April,2,20.08,-0.026892430278884466,0.5532868525896415,1.0570000000000002,21.14,8.969999999999999,Low,Loss-Making,Low
ORD-10463,2024-04-15,Ahmed Johansson,Corporate,Brazil,South America,Technology,Noise Cancelling Earbuds,14,118.27,10,1490.2,40.44,539.08,Credit Card,2024,4,April,2,1490.2,0.36175010065762986,0.027137297007113138,165.578,1655.78,1449.76,High,Profitable,Low
ORD-11290,2024-04-15,Wei Johnson,Home Office,Australia,Asia Pacific,Technology,Smart LED Desk Lamp,9,38.81,5,331.83,21.13,118.59,Credit Card,2024,4,April,2,331.83,0.3573817918813851,0.06367718410029231,17.4645,349.29,310.7,High,Profitable,Low
ORD-10075,2024-04-16,Michael Ferrari,Corporate,South Africa,Middle East & Africa,Office Supplies,Whiteboard Markers Set 8,1,9.5,5,9.03,13.01,-8.26,Bank Transfer,2024,4,April,2,9.03,-0.9147286821705427,1.4407530454042083,0.47500000000000003,9.5,-3.9800000000000004,Low,Loss-Making,Low
ORD-10460,2024-04-16,Kenji Romano,Corporate,France,Europe,Office Supplies,Whiteboard Markers Set 8,1,9.64,10,8.68,7.9,-3.56,Cash on Delivery,2024,4,April,2,8.68,-0.41013824884792627,0.9101382488479264,0.9640000000000001,9.64,0.7799999999999994,Low,Loss-Making,Low
ORD-11887,2024-04-16,Zara Chen,Corporate,Germany,Europe,Office Supplies,Tape Dispenser Heavy Duty,2,10.28,10,18.5,11.36,-2.11,Cash on Delivery,2024,4,April,2,18.5,-0.11405405405405404,0.614054054054054,2.056,20.56,7.140000000000001,Low,Loss-Making,Low
ORD-10171,2024-04-18,Michael Kim,Consumer,Mexico,North America,Technology,USB-C Hub Multiport Adapter,3,20.41,5,58.17,10.21,14.28,PayPal,2024,4,April,2,58.17,0.24548736462093862,0.1755200275055871,3.0615000000000006,61.230000000000004,47.96,Medium,Profitable,Low
ORD-10354,2024-04-18,Amina Clark,Consumer,France,Europe,Office Supplies,Tape Dispenser Heavy Duty,2,14.35,10,25.83,9.58,3.33,Credit Card,2024,4,April,2,25.83,0.12891986062717772,0.37088656600851727,2.87,28.7,16.25,Low,Profitable,Low
ORD-11171,2024-04-18,Robert Chen,Consumer,China,Asia Pacific,Furniture,Ergonomic Office Chair,2,221.74,25,332.61,10.29,56.23,PayPal,2024,4,April,2,332.61,0.16905685337181683,0.03093713357986831,110.87,443.48,322.32,Low,Profitable,High
ORD-10332,2024-04-19,Ali Thomas,Consumer,South Korea,Asia Pacific,Office Supplies,Premium Notebook Set A5,4,14.12,25,42.36,11.69,5.25,Credit Card,2024,4,April,2,42.36,0.12393767705382436,0.2759678942398489,14.12,56.48,30.67,Medium,Profitable,High
ORD-10420,2024-04-19,Layla Kumar,Corporate,Australia,Asia Pacific,Clothing & Accessories,Leather Belt Classic,4,49.44,25,148.32,14.14,35.3,PayPal,2024,4,April,2,148.32,0.23799892125134842,0.09533441208198491,49.44,197.76,134.18,Medium,Profitable,High
ORD-11259,2024-04-20,Karen Nilsson,Consumer,South Korea,Asia Pacific,Technology,Mechanical Gaming Keyboard,7,67.05,15,398.95,24.08,116.73,Bank Transfer,2024,4,April,2,398.95,0.29259305677403186,0.06035844090738188,70.40249999999999,469.34999999999997,374.87,High,Profitable,Medium
ORD-11678,2024-04-20,Mia Martin,Home Office,France,Europe,Office Supplies,Tape Dispenser Heavy Duty,2,20.62,15,35.05,11.25,5.24,PayPal,2024,4,April,2,35.05,0.1495007132667618,0.3209700427960057,6.186,41.24,23.799999999999997,Low,Profitable,Medium
ORD-10236,2024-04-21,Priya Brown,Home Office,France,Europe,Clothing & Accessories,Cotton Formal Shirt,1,32.39,10,29.15,9.08,3.87,Bank Transfer,2024,4,April,2,29.15,0.13276157804459693,0.31149228130360207,3.2390000000000003,32.39,20.07,Low,Profitable,Low
ORD-10407,2024-04-21,Isabella Laurent,Corporate,Germany,Europe,Office Supplies,Sticky Notes Multicolor 6-Pack,1,4.02,15,3.42,7.74,-6.13,Bank Transfer,2024,4,April,2,3.42,-1.7923976608187135,2.263157894736842,0.6029999999999999,4.02,-4.32,Low,Loss-Making,Medium
ORD-10575,2024-04-21,Barbara Nilsson,Corporate,Australia,Asia Pacific,Clothing & Accessories,Wool Blend Scarf,10,39.34,20,314.72,28.72,89.3,PayPal,2024,4,April,2,314.72,0.2837442806304016,0.09125571936959836,78.68,393.40000000000003,286.0,High,Profitable,Medium
ORD-11315,2024-04-21,Ahmed Santos,Home Office,Japan,Asia Pacific,Technology,Smart LED Desk Lamp,2,69.72,20,111.55,10.18,24.68,Credit Card,2024,4,April,2,111.55,0.22124607799193188,0.09125952487673689,27.888,139.44,101.37,Low,Profitable,Medium
ORD-11548,2024-04-21,Fatima Williams,Home Office,United States,North America,Clothing & Accessories,Travel Backpack 30L,4,32.79,5,124.6,8.07,50.95,Credit Card,2024,4,April,2,124.6,0.408908507223114,0.06476725521669342,6.558,131.16,116.53,Medium,Profitable,Low
ORD-11607,2024-04-21,Sophie White,Corporate,Argentina,South America,Furniture,Standing Desk Converter,2,123.37,20,197.39,14.52,34.83,Credit Card,2024,4,April,2,197.39,0.17645270783727646,0.07355995744465273,49.348000000000006,246.74,182.86999999999998,Low,Profitable,Medium
ORD-11675,2024-04-22,Karen Sato,Corporate,Brazil,South America,Furniture,Corner L-Shaped Desk,8,363.39,10,2616.41,27.16,844.98,Credit Card,2024,4,April,2,2616.41,0.32295397128125947,0.010380636062390834,290.712,2907.12,2589.25,High,Profitable,Low
ORD-10057,2024-04-23,Ali Wang,Consumer,UAE,Middle East & Africa,Clothing & Accessories,Travel Backpack 30L,8,82.89,5,629.96,23.71,274.69,PayPal,2024,4,April,2,629.96,0.4360435583211632,0.03763731030541621,33.156,663.12,606.25,High,Profitable,Low
ORD-10438,2024-04-23,Omar Fischer,Corporate,South Korea,Asia Pacific,Furniture,Mesh Back Task Chair,1,189.66,20,151.73,9.52,28.41,Cash on Delivery,2024,4,April,2,151.73,0.18724049298095302,0.06274303038291702,37.932,189.66,142.20999999999998,Low,Profitable,Medium
ORD-10616,2024-04-23,Felix White,Consumer,Australia,Asia Pacific,Furniture,Floating Wall Shelves Set,4,83.03,5,315.51,17.34,98.9,Credit Card,2024,4,April,2,315.51,0.31346074609362623,0.05495863839497956,16.606,332.12,298.17,Medium,Profitable,Low
ORD-11373,2024-04-23,Layla Li,Consumer,Brazil,South America,Technology,Laptop Stand Adjustable,3,79.82,5,227.49,13.83,81.96,PayPal,2024,4,April,2,227.49,0.36027957272847155,0.06079388104971647,11.972999999999999,239.45999999999998,213.66,Medium,Profitable,Low
ORD-11546,2024-04-24,Kenji Sharma,Corporate,Brazil,South America,Technology,Portable External SSD 1TB,2,128.49,20,205.58,11.38,52.86,Bank Transfer,2024,4,April,2,205.58,0.2571261795894542,0.055355579336511335,51.39600000000001,256.98,194.20000000000002,Low,Profitable,Medium
ORD-11871,2024-04-24,Ethan Li,Home Office,Mexico,North America,Technology,Smart LED Desk Lamp,3,57.54,20,138.1,9.71,33.45,Credit Card,2024,4,April,2,138.1,0.24221578566256338,0.07031136857349747,34.524,172.62,128.39,Medium,Profitable,Medium
ORD-11999,2024-04-25,Linda Sato,Corporate,Mexico,North America,Furniture,Monitor Riser Wood,1,74.6,10,67.14,6.8,15.58,Credit Card,2024,4,April,2,67.14,0.23205242776288354,0.1012809055704498,7.46,74.6,60.34,Low,Profitable,Low
ORD-10034,2024-04-26,Ali Dubois,Corporate,Japan,Asia Pacific,Office Supplies,Sticky Notes Multicolor 6-Pack,1,12.87,0,12.87,11.47,-4.39,PayPal,2024,4,April,2,12.87,-0.3411033411033411,0.8912198912198913,0.0,12.87,1.3999999999999986,Low,Loss-Making,No Discount
ORD-11583,2024-04-26,Wei Li,Consumer,South Africa,Middle East & Africa,Furniture,Mesh Back Task Chair,15,107.45,5,1531.16,23.4,540.71,Credit Card,2024,4,April,2,1531.16,0.35313749053005566,0.015282530891611587,80.5875,1611.75,1507.76,High,Profitable,Low
ORD-11734,2024-04-26,Clara Romano,Consumer,United Kingdom,Europe,Technology,Webcam HD 1080p,3,72.81,10,196.59,11.86,64.59,Credit Card,2024,4,April,2,196.59,0.32855180833206166,0.060328602675619306,21.843000000000004,218.43,184.73000000000002,Medium,Profitable,Low
ORD-10082,2024-04-28,Priya Williams,Corporate,Canada,North America,Clothing & Accessories,Cotton Formal Shirt,2,69.05,25,103.57,8.58,25.94,Credit Card,2024,4,April,2,103.57,0.25045862701554505,0.08284252196582022,34.525,138.1,94.99,Low,Profitable,High
ORD-10361,2024-04-28,Lucas Brown,Home Office,United States,North America,Office Supplies,Whiteboard Markers Set 8,5,6.24,10,28.08,11.46,2.58,Credit Card,2024,4,April,2,28.08,0.09188034188034189,0.40811965811965817,3.1200000000000006,31.200000000000003,16.619999999999997,Medium,Profitable,Low
ORD-10515,2024-04-28,Oscar Thompson,Home Office,India,Asia Pacific,Furniture,Standing Desk Converter,1,137.49,15,116.87,10.12,24.26,PayPal,2024,4,April,2,116.87,0.20758107298707967,0.08659193976212885,20.6235,137.49,106.75,Low,Profitable,Medium
ORD-10640,2024-04-28,Wei Rodriguez,Consumer,China,Asia Pacific,Furniture,Mesh Back Task Chair,2,242.25,10,436.05,10.98,134.37,Credit Card,2024,4,April,2,436.05,0.3081527347781218,0.02518059855521156,48.45,484.5,425.07,Low,Profitable,Low
ORD-11108,2024-04-28,Carlos Robinson,Corporate,Brazil,South America,Technology,Mechanical Gaming Keyboard,1,128.34,15,109.09,11.04,27.46,Bank Transfer,2024,4,April,2,109.09,0.251718764323036,0.10120084334036115,19.251,128.34,98.05000000000001,Low,Profitable,Medium
ORD-11297,2024-04-28,Jessica Martin,Consumer,India,Asia Pacific,Furniture,Floating Wall Shelves Set,4,34.76,15,118.18,17.86,16.9,PayPal,2024,4,April,2,118.18,0.14300220003384664,0.15112540192926044,20.855999999999998,139.04,100.32000000000001,Medium,Profitable,Medium
ORD-10804,2024-04-29,Jamal Khan,Corporate,Colombia,South America,Technology,USB-C Hub Multiport Adapter,2,52.77,30,73.88,14.69,1.14,Credit Card,2024,4,April,2,73.88,0.015430427720628045,0.19883595018949649,31.662,105.54,59.19,Low,Profitable,High
ORD-10342,2024-04-30,Lucas Russo,Home Office,Canada,North America,Technology,Tablet Stand Holder,1,28.72,5,27.28,6.34,5.14,Bank Transfer,2024,4,April,2,27.28,0.18841642228739,0.23240469208211142,1.436,28.72,20.94,Low,Profitable,Low
ORD-10366,2024-05-04,Amir Li,Consumer,Canada,North America,Furniture,Standing Desk Converter,3,264.57,5,754.02,9.64,268.15,PayPal,2024,5,May,2,754.02,0.3556271716930585,0.01278480676905122,39.685500000000005,793.71,744.38,Medium,Profitable,Low
ORD-10456,2024-05-04,Wei Martinez,Corporate,Italy,Europe,Clothing & Accessories,Travel Backpack 30L,3,85.33,15,217.59,12.17,77.42,Credit Card,2024,5,May,2,217.59,0.35580679259157133,0.05593087917643274,38.3985,255.99,205.42000000000002,Medium,Profitable,Medium
ORD-10732,2024-05-04,Lucas Russo,Home Office,Italy,Europe,Technology,Tablet Stand Holder,10,39.28,10,353.52,31.89,105.59,Credit Card,2024,5,May,2,353.52,0.2986818284679792,0.09020706042090972,39.28,392.8,321.63,High,Profitable,Low
ORD-11025,2024-05-04,Patricia Weber,Consumer,Mexico,North America,Office Supplies,Paper Clips Box 500pc,2,6.14,0,12.28,9.0,-2.25,Bank Transfer,2024,5,May,2,12.28,-0.18322475570032573,0.7328990228013029,0.0,12.28,3.2799999999999994,Low,Loss-Making,No Discount
ORD-11198,2024-05-04,Olivia Williams,Consumer,India,Asia Pacific,Technology,Mechanical Gaming Keyboard,5,77.16,5,366.51,19.79,134.53,Credit Card,2024,5,May,2,366.51,0.3670568333742599,0.05399579820468746,19.29,385.79999999999995,346.71999999999997,Medium,Profitable,Low
ORD-10167,2024-05-05,Amina Harris,Corporate,Australia,Asia Pacific,Office Supplies,Paper Clips Box 500pc,3,5.66,10,15.28,12.07,-4.43,PayPal,2024,5,May,2,15.28,-0.28992146596858637,0.7899214659685865,1.6980000000000002,16.98,3.209999999999999,Medium,Loss-Making,Low
ORD-10355,2024-05-05,Nadia Costa,Consumer,Canada,North America,Furniture,Folding Table Portable,4,112.68,0,450.72,12.94,167.35,Bank Transfer,2024,5,May,2,450.72,0.3712948171813986,0.028709620163294283,0.0,450.72,437.78000000000003,Medium,Profitable,No Discount
ORD-11414,2024-05-05,Amir Yamamoto,Consumer,United Kingdom,Europe,Technology,Portable External SSD 1TB,2,72.3,10,130.14,11.95,38.66,Credit Card,2024,5,May,2,130.14,0.29706469955432613,0.09182418933456278,14.46,144.6,118.18999999999998,Low,Profitable,Low
ORD-10056,2024-05-06,Wei Patel,Consumer,China,Asia Pacific,Technology,Laptop Stand Adjustable,2,33.61,10,60.5,11.88,11.65,Credit Card,2024,5,May,2,60.5,0.1925619834710744,0.19636363636363638,6.722,67.22,48.62,Low,Profitable,Low
ORD-10373,2024-05-07,Oscar Kim,Corporate,South Africa,Middle East & Africa,Office Supplies,Sticky Notes Multicolor 6-Pack,3,8.13,15,20.73,14.66,-4.91,PayPal,2024,5,May,2,20.73,-0.23685479980704294,0.7071876507477086,3.6585,24.39,6.07,Medium,Loss-Making,Medium
ORD-10728,2024-05-07,Layla Thomas,Corporate,Japan,Asia Pacific,Technology,Tablet Stand Holder,3,37.59,15,95.85,10.77,23.06,Credit Card,2024,5,May,2,95.85,0.24058424621804902,0.11236306729264477,16.9155,112.77000000000001,85.08,Medium,Profitable,Medium
ORD-10072,2024-05-08,Maria Anderson,Consumer,Australia,Asia Pacific,Furniture,Folding Table Portable,3,52.88,0,158.64,12.03,51.43,Credit Card,2024,5,May,2,158.64,0.32419314170448815,0.0758320726172466,0.0,158.64000000000001,146.60999999999999,Medium,Profitable,No Discount
ORD-10049,2024-05-09,Priya Leroy,Consumer,Brazil,South America,Office Supplies,Highlighters Neon Pack 6,1,9.55,5,9.07,11.92,-7.15,PayPal,2024,5,May,2,9.07,-0.7883131201764058,1.3142227122381478,0.47750000000000004,9.55,-2.8499999999999996,Low,Loss-Making,Low
ORD-11626,2024-05-09,Kenji Anderson,Corporate,Australia,Asia Pacific,Clothing & Accessories,Business Casual Blazer,10,99.39,0,993.9,21.95,475.0,Cash on Delivery,2024,5,May,2,993.9,0.4779152832276889,0.022084716772311098,0.0,993.9,971.9499999999999,High,Profitable,No Discount
ORD-10147,2024-05-11,Raj Rodriguez,Consumer,China,Asia Pacific,Technology,Noise Cancelling Earbuds,1,76.11,0,76.11,10.16,24.09,PayPal,2024,5,May,2,76.11,0.3165155695703587,0.1334909998686112,0.0,76.11,65.95,Low,Profitable,No Discount
ORD-10721,2024-05-11,Sarah Robinson,Consumer,Nigeria,Middle East & Africa,Technology,Mechanical Gaming Keyboard,1,57.26,20,45.81,12.91,1.41,Credit Card,2024,5,May,2,45.81,0.030779305828421737,0.281816197336826,11.452,57.26,32.900000000000006,Low,Profitable,Medium
ORD-11448,2024-05-11,Jessica Yamamoto,Corporate,China,Asia Pacific,Clothing & Accessories,Canvas Messenger Bag,2,42.93,5,81.57,13.52,25.12,Cash on Delivery,2024,5,May,2,81.57,0.3079563565036166,0.16574721098443057,4.293,85.86,68.05,Low,Profitable,Low
ORD-11817,2024-05-11,Ava Harris,Consumer,Italy,Europe,Technology,Tablet Stand Holder,4,37.01,0,148.04,12.78,53.84,Credit Card,2024,5,May,2,148.04,0.36368549040799786,0.08632801945420157,0.0,148.04,135.26,Medium,Profitable,No Discount
ORD-11735,2024-05-12,James Ahmed,Corporate,United States,North America,Clothing & Accessories,Leather Wallet Minimalist,5,57.38,0,286.9,10.15,133.3,Cash on Delivery,2024,5,May,2,286.9,0.46462181944928554,0.03537818055071454,0.0,286.90000000000003,276.75,Medium,Profitable,No Discount
ORD-10900,2024-05-14,Olga Thompson,Consumer,Spain,Europe,Clothing & Accessories,Sports Water Bottle 750ml,1,20.52,5,19.49,7.58,1.65,PayPal,2024,5,May,2,19.49,0.08465879938429964,0.38891739353514626,1.026,20.52,11.909999999999998,Low,Profitable,Low
ORD-11104,2024-05-14,Zara White,Consumer,UAE,Middle East & Africa,Office Supplies,Ballpoint Pen Pack 12,5,10.88,5,51.68,16.95,10.25,Credit Card,2024,5,May,2,51.68,0.1983359133126935,0.3279798761609907,2.7200000000000006,54.400000000000006,34.730000000000004,Medium,Profitable,Low
ORD-11572,2024-05-15,Priya Kumar,Consumer,United Kingdom,Europe,Clothing & Accessories,Cotton Formal Shirt,3,66.48,0,199.44,9.05,90.67,PayPal,2024,5,May,2,199.44,0.4546229442438829,0.045377055756117134,0.0,199.44,190.39,Medium,Profitable,No Discount
ORD-11924,2024-05-15,Ethan Kumar,Corporate,Mexico,North America,Technology,Tablet Stand Holder,8,32.31,15,219.71,18.9,58.65,Credit Card,2024,5,May,2,219.71,0.26694278822083656,0.08602248418369668,38.772,258.48,200.81,High,Profitable,Medium
ORD-10835,2024-05-16,Ingrid Müller,Corporate,United States,North America,Office Supplies,Binder Clips Assorted 48pc,4,12.42,15,42.23,13.37,6.5,Credit Card,2024,5,May,2,42.23,0.15391901491830454,0.3165995737627279,7.452,49.68,28.86,Medium,Profitable,Medium
ORD-11432,2024-05-16,Mia Sharma,Consumer,Italy,Europe,Technology,Laptop Stand Adjustable,2,54.24,10,97.63,9.97,28.0,Credit Card,2024,5,May,2,97.63,0.28679709105807644,0.10212024992317936,10.848,108.48,87.66,Low,Profitable,Low
ORD-11877,2024-05-16,Karen Ferrari,Consumer,United States,North America,Furniture,Desk Organizer Set,1,49.78,15,42.31,6.63,5.81,PayPal,2024,5,May,2,42.31,0.13731978255731503,0.15670054360671234,7.467,49.78,35.68,Low,Profitable,Medium
ORD-10224,2024-05-17,Sophie Schmidt,Consumer,Brazil,South America,Technology,Smart LED Desk Lamp,3,26.2,10,70.74,15.66,11.85,Credit Card,2024,5,May,2,70.74,0.16751484308736217,0.22137404580152673,7.859999999999999,78.6,55.08,Medium,Profitable,Low
ORD-11144,2024-05-17,Sakura Smith,Corporate,Mexico,North America,Clothing & Accessories,Business Casual Blazer,8,50.94,15,346.39,11.7,130.93,Credit Card,2024,5,May,2,346.39,0.37798435289702365,0.033776956609601894,61.12799999999999,407.52,334.69,High,Profitable,Medium
ORD-10169,2024-05-18,Hanna Robinson,Consumer,Italy,Europe,Furniture,Desk Organizer Set,6,26.58,20,127.58,17.7,14.19,PayPal,2024,5,May,2,127.58,0.1112243298322621,0.13873647907195485,31.896,159.48,109.88,High,Profitable,Medium
ORD-10396,2024-05-18,John Laurent,Consumer,United Kingdom,Europe,Furniture,Mesh Back Task Chair,1,296.6,5,281.77,9.03,94.78,Cash on Delivery,2024,5,May,2,281.77,0.33637363807360615,0.03204741455797282,14.830000000000002,296.6,272.74,Low,Profitable,Low
ORD-11152,2024-05-18,Jessica Russo,Home Office,India,Asia Pacific,Furniture,Mesh Back Task Chair,6,151.62,0,909.72,15.6,348.29,Cash on Delivery,2024,5,May,2,909.72,0.382854064987029,0.017148133491623797,0.0,909.72,894.12,High,Profitable,No Discount
ORD-11650,2024-05-18,Mary Garcia,Home Office,United States,North America,Clothing & Accessories,Cotton Formal Shirt,3,34.37,10,92.8,11.23,30.02,PayPal,2024,5,May,2,92.8,0.32349137931034483,0.12101293103448277,10.311,103.10999999999999,81.57,Medium,Profitable,Low
ORD-10582,2024-05-19,Robert Thompson,Corporate,Japan,Asia Pacific,Office Supplies,Desk Calendar 2025,2,10.26,0,20.52,12.54,-1.25,Credit Card,2024,5,May,2,20.52,-0.06091617933723197,0.611111111111111,0.0,20.52,7.98,Low,Loss-Making,No Discount
ORD-11696,2024-05-20,Sophie Martin,Corporate,Canada,North America,Technology,Mechanical Gaming Keyboard,5,128.41,30,449.43,13.49,82.81,Credit Card,2024,5,May,2,449.43,0.18425561266493115,0.030015797788309637,192.61499999999998,642.05,435.94,Medium,Profitable,High
ORD-10796,2024-05-21,David Smith,Consumer,UAE,Middle East & Africa,Technology,Wireless Ergonomic Mouse,3,21.23,5,60.51,18.06,7.42,Credit Card,2024,5,May,2,60.51,0.12262435960998182,0.29846306395637084,3.1845,63.69,42.45,Medium,Profitable,Low
ORD-11791,2024-05-21,Mia Jones,Corporate,India,Asia Pacific,Office Supplies,Binder Clips Assorted 48pc,3,5.26,5,14.99,12.25,-4.36,Credit Card,2024,5,May,2,14.99,-0.29086057371581053,0.8172114743162108,0.789,15.78,2.74,Medium,Loss-Making,Low
ORD-10104,2024-05-22,Olivia Wang,Consumer,Japan,Asia Pacific,Office Supplies,Highlighters Neon Pack 6,4,9.24,5,35.11,18.34,0.14,Credit Card,2024,5,May,2,35.11,0.003987467957846768,0.5223583024779265,1.848,36.96,16.77,Medium,Profitable,Low
ORD-10291,2024-05-23,Emma Dubois,Home Office,Spain,Europe,Technology,Webcam HD 1080p,2,88.23,0,176.46,9.65,69.76,Bank Transfer,2024,5,May,2,176.46,0.3953303864898561,0.054686614530205145,0.0,176.46,166.81,Low,Profitable,No Discount
ORD-10016,2024-05-24,Richard Brown,Consumer,United Kingdom,Europe,Technology,Noise Cancelling Earbuds,2,111.78,0,223.56,9.0,91.6,Cash on Delivery,2024,5,May,2,223.56,0.409733404902487,0.040257648953301126,0.0,223.56,214.56,Low,Profitable,No Discount
ORD-10359,2024-05-24,Marco Santos,Consumer,Mexico,North America,Furniture,Corner L-Shaped Desk,13,201.56,0,2620.28,30.62,1017.49,Credit Card,2024,5,May,2,2620.28,0.3883134626833773,0.011685774039415635,0.0,2620.28,2589.6600000000003,High,Profitable,No Discount
ORD-10989,2024-05-24,David Laurent,Consumer,United States,North America,Clothing & Accessories,Leather Belt Classic,1,48.43,20,38.74,6.96,7.57,Credit Card,2024,5,May,2,38.74,0.19540526587506454,0.17965926690758904,9.686,48.43,31.78,Low,Profitable,Medium
ORD-11568,2024-05-24,James Brown,Consumer,Italy,Europe,Office Supplies,Binder Clips Assorted 48pc,3,9.99,10,26.97,8.52,4.96,PayPal,2024,5,May,2,26.97,0.1839080459770115,0.31590656284760843,2.997,29.97,18.45,Medium,Profitable,Low
ORD-11021,2024-05-25,Oscar Anderson,Corporate,India,Asia Pacific,Clothing & Accessories,Leather Belt Classic,1,51.37,0,51.37,11.26,14.42,PayPal,2024,5,May,2,51.37,0.28070858477710725,0.2191940821491143,0.0,51.37,40.11,Low,Profitable,No Discount
ORD-11160,2024-05-25,Clara Romano,Consumer,India,Asia Pacific,Office Supplies,Ballpoint Pen Pack 12,2,14.19,10,25.54,10.01,2.76,Credit Card,2024,5,May,2,25.54,0.10806577916992952,0.39193422083007046,2.838,28.38,15.53,Low,Profitable,Low
ORD-11462,2024-05-25,Amina Russo,Corporate,India,Asia Pacific,Clothing & Accessories,Business Casual Blazer,4,59.09,5,224.54,11.63,94.73,Cash on Delivery,2024,5,May,2,224.54,0.4218847421394852,0.05179478044001069,11.818000000000001,236.36,212.91,Medium,Profitable,Low
ORD-10631,2024-05-26,Michael Ferrari,Consumer,China,Asia Pacific,Furniture,Filing Cabinet 3-Drawer,1,114.0,0,114.0,9.53,36.07,Bank Transfer,2024,5,May,2,114.0,0.31640350877192985,0.08359649122807017,0.0,114.0,104.47,Low,Profitable,No Discount
ORD-10936,2024-05-26,Jamal Williams,Corporate,Italy,Europe,Technology,Tablet Stand Holder,1,38.44,0,38.44,8.19,9.11,PayPal,2024,5,May,2,38.44,0.23699271592091573,0.21305931321540061,0.0,38.44,30.25,Low,Profitable,No Discount
ORD-11287,2024-05-26,James White,Corporate,UAE,Middle East & Africa,Technology,Wireless Bluetooth Headphones,8,171.31,10,1233.43,22.94,456.73,Cash on Delivery,2024,5,May,2,1233.43,0.3702925986882109,0.018598542276416174,137.048,1370.48,1210.49,High,Profitable,Low
ORD-10059,2024-05-27,William Ferrari,Consumer,France,Europe,Technology,Mechanical Gaming Keyboard,6,175.05,10,945.27,21.41,346.19,Cash on Delivery,2024,5,May,2,945.27,0.3662339860568938,0.022649613337988088,105.03000000000003,1050.3000000000002,923.86,High,Profitable,Low
ORD-10335,2024-05-27,Olivia Davis,Home Office,Colombia,South America,Office Supplies,Binder Clips Assorted 48pc,5,11.19,15,47.56,22.11,0.27,PayPal,2024,5,May,2,47.56,0.0056770395290159795,0.4648864592094196,8.392499999999998,55.949999999999996,25.450000000000003,Medium,Profitable,Medium
ORD-10595,2024-05-27,Richard Johnson,Consumer,South Africa,Middle East & Africa,Technology,Wireless Ergonomic Mouse,2,31.92,0,63.84,13.33,15.4,Bank Transfer,2024,5,May,2,63.84,0.2412280701754386,0.2088032581453634,0.0,63.84,50.510000000000005,Low,Profitable,No Discount
ORD-10614,2024-05-27,Lucas Williams,Corporate,France,Europe,Furniture,Monitor Riser Wood,3,35.49,0,106.47,13.63,28.96,Bank Transfer,2024,5,May,2,106.47,0.27200150277073354,0.12801728186343572,0.0,106.47,92.84,Medium,Profitable,No Discount
ORD-10790,2024-05-27,Emma Nilsson,Corporate,China,Asia Pacific,Technology,Noise Cancelling Earbuds,2,71.92,5,136.65,13.71,43.83,PayPal,2024,5,May,2,136.65,0.32074643249176726,0.10032930845225027,7.192,143.84,122.94,Low,Profitable,Low
ORD-11173,2024-05-27,Barbara Ali,Home Office,Japan,Asia Pacific,Office Supplies,Tape Dispenser Heavy Duty,9,20.69,0,186.21,22.07,80.35,Credit Card,2024,5,May,2,186.21,0.43150206755813325,0.1185220987057623,0.0,186.21,164.14000000000001,High,Profitable,No Discount
ORD-11324,2024-05-27,Omar Nilsson,Consumer,Spain,Europe,Technology,Portable External SSD 1TB,15,142.85,10,1928.48,22.72,727.25,Cash on Delivery,2024,5,May,2,1928.48,0.3771104704223015,0.011781299261594623,214.275,2142.75,1905.76,High,Profitable,Low
ORD-10364,2024-05-28,Yuki Johnson,Corporate,Germany,Europe,Clothing & Accessories,Leather Wallet Minimalist,3,50.33,10,135.89,11.44,48.95,PayPal,2024,5,May,2,135.89,0.36021782323938484,0.08418573846493488,15.099000000000002,150.99,124.44999999999999,Medium,Profitable,Low
ORD-10445,2024-05-28,Giulia Miller,Consumer,Mexico,North America,Office Supplies,Premium Notebook Set A5,1,23.24,10,20.92,7.37,3.09,PayPal,2024,5,May,2,20.92,0.1477055449330784,0.3522944550669216,2.324,23.24,13.55,Low,Profitable,Low
ORD-10584,2024-05-28,Fatima Smith,Consumer,Argentina,South America,Clothing & Accessories,Polarized Sunglasses,6,79.95,0,479.7,23.09,216.76,Credit Card,2024,5,May,2,479.7,0.451865749426725,0.048134250573274966,0.0,479.70000000000005,456.61,High,Profitable,No Discount
ORD-11658,2024-05-29,Hanna Kim,Consumer,Saudi Arabia,Middle East & Africa,Office Supplies,Desk Calendar 2025,1,14.73,0,14.73,12.36,-4.26,Credit Card,2024,5,May,2,14.73,-0.2892057026476578,0.8391038696537677,0.0,14.73,2.370000000000001,Low,Loss-Making,No Discount
ORD-11765,2024-05-29,Emma Weber,Corporate,Colombia,South America,Office Supplies,Whiteboard Markers Set 8,4,15.35,10,55.26,13.12,14.51,Cash on Delivery,2024,5,May,2,55.26,0.2625769091567137,0.23742309084328628,6.140000000000001,61.4,42.14,Medium,Profitable,Low
ORD-10441,2024-05-30,Susan Kumar,Consumer,Canada,North America,Technology,Wireless Bluetooth Headphones,1,171.98,10,154.78,7.29,52.9,Credit Card,2024,5,May,2,154.78,0.34177542318128956,0.047099108411939525,17.198,171.98,147.49,Low,Profitable,Low
ORD-10898,2024-05-31,Diego Schmidt,Consumer,South Africa,Middle East & Africa,Furniture,Monitor Riser Wood,1,67.18,0,67.18,12.09,14.78,PayPal,2024,5,May,2,67.18,0.2200059541530217,0.17996427508186957,0.0,67.18,55.09,Low,Profitable,No Discount
ORD-11164,2024-05-31,Sophie Weber,Consumer,United States,North America,Technology,Wireless Ergonomic Mouse,5,27.93,15,118.7,14.98,26.91,PayPal,2024,5,May,2,118.7,0.22670598146588036,0.1262005054759899,20.9475,139.65,103.72,Medium,Profitable,Medium
ORD-11588,2024-06-01,Joseph Martinez,Consumer,Australia,Asia Pacific,Office Supplies,Whiteboard Markers Set 8,2,8.62,15,14.65,10.07,-3.18,Credit Card,2024,6,June,2,14.65,-0.21706484641638227,0.6873720136518772,2.586,17.24,4.58,Low,Loss-Making,Medium
ORD-11686,2024-06-02,Li Khan,Home Office,Germany,Europe,Furniture,Floating Wall Shelves Set,7,77.63,15,461.9,11.64,124.21,Credit Card,2024,6,June,2,461.9,0.26891101970123404,0.02520025979649275,81.5115,543.41,450.26,High,Profitable,Medium
ORD-10117,2024-06-03,Nadia Pereira,Consumer,India,Asia Pacific,Office Supplies,Whiteboard Markers Set 8,2,18.62,10,33.52,12.51,4.25,Bank Transfer,2024,6,June,2,33.52,0.12678997613365153,0.3732100238663484,3.724,37.24,21.010000000000005,Low,Profitable,Low
ORD-11074,2024-06-03,Wei Taylor,Home Office,Japan,Asia Pacific,Furniture,Standing Desk Converter,2,205.48,5,390.41,12.79,131.04,Credit Card,2024,6,June,2,390.41,0.3356471401859583,0.03276043134141031,20.548000000000002,410.96,377.62,Low,Profitable,Low
ORD-10345,2024-06-04,Michael Yamamoto,Consumer,United States,North America,Furniture,Standing Desk Converter,2,212.46,5,403.67,8.24,140.48,Cash on Delivery,2024,6,June,2,403.67,0.34800703544974854,0.02041271335496817,21.246000000000002,424.92,395.43,Low,Profitable,Low
ORD-11815,2024-06-04,Joseph Johansson,Consumer,Mexico,North America,Furniture,Mesh Back Task Chair,2,232.65,0,465.3,6.74,179.38,Credit Card,2024,6,June,2,465.3,0.38551472168493445,0.014485278315065549,0.0,465.3,458.56,Low,Profitable,No Discount
ORD-10157,2024-06-05,Xiao Kumar,Home Office,Australia,Asia Pacific,Clothing & Accessories,Silk Tie Collection,1,33.98,5,32.28,9.63,5.66,Cash on Delivery,2024,6,June,2,32.28,0.17534076827757125,0.2983271375464684,1.6989999999999998,33.98,22.65,Low,Profitable,Low
ORD-11803,2024-06-07,Wei Costa,Home Office,Argentina,South America,Clothing & Accessories,Polarized Sunglasses,1,47.83,20,38.26,10.96,3.38,Credit Card,2024,6,June,2,38.26,0.08834291688447465,0.2864610559330894,9.566,47.83,27.299999999999997,Low,Profitable,Medium
ORD-10734,2024-06-08,Elizabeth Taylor,Corporate,Italy,Europe,Office Supplies,Highlighters Neon Pack 6,1,10.5,0,10.5,8.64,-2.87,Credit Card,2024,6,June,2,10.5,-0.2733333333333333,0.822857142857143,0.0,10.5,1.8599999999999994,Low,Loss-Making,No Discount
ORD-10302,2024-06-09,Emma Tanaka,Home Office,Argentina,South America,Furniture,Monitor Riser Wood,3,26.36,15,67.22,14.59,5.18,PayPal,2024,6,June,2,67.22,0.07706039869086581,0.21704849747099078,11.862,79.08,52.629999999999995,Medium,Profitable,Medium
ORD-11365,2024-06-09,Olga Romano,Consumer,Canada,North America,Clothing & Accessories,Cotton Formal Shirt,3,63.86,5,182.0,10.77,75.44,PayPal,2024,6,June,2,182.0,0.4145054945054945,0.05917582417582418,9.578999999999999,191.57999999999998,171.23,Medium,Profitable,Low
ORD-11759,2024-06-09,Amir Hassan,Consumer,United States,North America,Clothing & Accessories,Canvas Messenger Bag,3,29.47,10,79.57,12.1,23.26,Credit Card,2024,6,June,2,79.57,0.2923212265929371,0.15206736207113233,8.841,88.41,67.47,Medium,Profitable,Low
ORD-11750,2024-06-10,Olga Robinson,Consumer,United States,North America,Clothing & Accessories,Cotton Formal Shirt,1,26.54,5,25.21,6.91,5.03,Cash on Delivery,2024,6,June,2,25.21,0.19952399841332805,0.27409758032526776,1.327,26.54,18.3,Low,Profitable,Low
ORD-10557,2024-06-12,Joseph Russo,Consumer,Australia,Asia Pacific,Clothing & Accessories,Wool Blend Scarf,5,49.62,10,223.29,20.46,78.78,Cash on Delivery,2024,6,June,2,223.29,0.35281472524519686,0.09162971919924762,24.810000000000002,248.1,202.82999999999998,Medium,Profitable,Low
ORD-10897,2024-06-12,Karen Smith,Consumer,Colombia,South America,Technology,Tablet Stand Holder,3,44.11,0,132.33,13.19,46.36,Credit Card,2024,6,June,2,132.33,0.3503362805108441,0.09967505478727423,0.0,132.32999999999998,119.14000000000001,Medium,Profitable,No Discount
ORD-11738,2024-06-12,Chen Tanaka,Corporate,China,Asia Pacific,Technology,Wireless Ergonomic Mouse,4,65.92,15,224.13,12.79,66.32,PayPal,2024,6,June,2,224.13,0.2958997010663454,0.05706509614955606,39.552,263.68,211.34,Medium,Profitable,Medium
ORD-11737,2024-06-14,Sarah Jackson,Corporate,South Africa,Middle East & Africa,Technology,Noise Cancelling Earbuds,2,187.45,15,318.66,15.26,97.21,Cash on Delivery,2024,6,June,2,318.66,0.3050586832360509,0.047888031130358374,56.23499999999999,374.9,303.40000000000003,Low,Profitable,Medium
ORD-10547,2024-06-15,Olivia Pereira,Home Office,United States,North America,Clothing & Accessories,Cotton Formal Shirt,1,41.69,5,39.61,5.53,13.23,PayPal,2024,6,June,2,39.61,0.33400656399899015,0.13961120929058318,2.0845,41.69,34.08,Low,Profitable,Low
ORD-10882,2024-06-15,Yuki Thompson,Home Office,Canada,North America,Office Supplies,Paper Clips Box 500pc,2,3.65,5,6.93,9.09,-5.45,PayPal,2024,6,June,2,6.93,-0.7864357864357865,1.3116883116883118,0.365,7.3,-2.16,Low,Loss-Making,Low
ORD-11303,2024-06-15,Ahmed Singh,Corporate,Mexico,North America,Technology,Noise Cancelling Earbuds,5,190.99,5,907.2,14.34,367.64,Bank Transfer,2024,6,June,2,907.2,0.4052469135802469,0.015806878306878307,47.7475,954.95,892.86,Medium,Profitable,Low
ORD-11882,2024-06-16,Liam Kim,Consumer,Italy,Europe,Furniture,Floating Wall Shelves Set,2,50.55,0,101.1,11.26,29.18,PayPal,2024,6,June,2,101.1,0.28862512363996046,0.11137487636003957,0.0,101.1,89.83999999999999,Low,Profitable,No Discount
ORD-10227,2024-06-18,Linda Suzuki,Corporate,Canada,North America,Clothing & Accessories,Polarized Sunglasses,5,61.44,5,291.84,10.22,128.02,Credit Card,2024,6,June,2,291.84,0.43866502192982465,0.03501918859649123,15.36,307.2,281.61999999999995,Medium,Profitable,Low
ORD-10556,2024-06-18,Pierre Jackson,Corporate,Argentina,South America,Furniture,Bookshelf 5-Tier,6,84.46,10,456.08,22.68,129.34,Credit Card,2024,6,June,2,456.08,0.2835905981406771,0.04972811787405718,50.676,506.76,433.4,High,Profitable,Low
ORD-10884,2024-06-18,Barbara Dubois,Corporate,Canada,North America,Technology,Laptop Stand Adjustable,4,53.44,10,192.38,10.74,64.07,Credit Card,2024,6,June,2,192.38,0.3330387774196902,0.05582700904459923,21.376,213.76,181.64,Medium,Profitable,Low
ORD-11188,2024-06-19,Xiao Johnson,Consumer,Mexico,North America,Clothing & Accessories,Polarized Sunglasses,2,39.41,5,74.88,8.06,27.41,PayPal,2024,6,June,2,74.88,0.36605235042735046,0.10763888888888891,3.941,78.82,66.82,Low,Profitable,Low
ORD-11340,2024-06-19,Carlos Thompson,Consumer,Argentina,South America,Technology,Wireless Bluetooth Headphones,1,214.3,5,203.59,11.22,74.5,Credit Card,2024,6,June,2,203.59,0.36593152905348986,0.055110761825237,10.715000000000002,214.3,192.37,Low,Profitable,Low
ORD-11325,2024-06-20,Olga Suzuki,Consumer,Canada,North America,Technology,Portable External SSD 1TB,6,88.33,5,503.48,13.32,198.67,PayPal,2024,6,June,2,503.48,0.39459362834670686,0.026455867164534838,26.499000000000002,529.98,490.16,High,Profitable,Low
ORD-11447,2024-06-20,Ali Sato,Corporate,Canada,North America,Clothing & Accessories,Canvas Messenger Bag,2,73.45,5,139.56,6.29,59.82,Cash on Delivery,2024,6,June,2,139.56,0.4286328460877042,0.045070220693608484,7.345000000000001,146.9,133.27,Low,Profitable,Low
ORD-10822,2024-06-21,Ethan Johnson,Home Office,India,Asia Pacific,Clothing & Accessories,Travel Backpack 30L,1,47.32,10,42.59,10.74,8.19,Cash on Delivery,2024,6,June,2,42.59,0.1922986616576661,0.2521718713312984,4.732,47.32,31.85,Low,Profitable,Low
ORD-11747,2024-06-21,Ava Patel,Home Office,Nigeria,Middle East & Africa,Clothing & Accessories,Cotton Formal Shirt,2,34.14,5,64.87,13.94,16.79,PayPal,2024,6,June,2,64.87,0.25882534299367965,0.21489132110374592,3.414,68.28,50.93000000000001,Low,Profitable,Low
ORD-11084,2024-06-22,Sakura Müller,Corporate,Spain,Europe,Furniture,Bookshelf 5-Tier,1,141.5,0,141.5,7.9,48.7,Credit Card,2024,6,June,2,141.5,0.3441696113074205,0.05583038869257951,0.0,141.5,133.6,Low,Profitable,No Discount
ORD-10983,2024-06-23,Nadia Zhang,Consumer,India,Asia Pacific,Furniture,Desk Organizer Set,9,55.5,5,474.52,19.93,154.89,Cash on Delivery,2024,6,June,2,474.52,0.3264140605243193,0.0420003371828374,24.975,499.5,454.59,High,Profitable,Low
ORD-11777,2024-06-23,Nadia Anderson,Consumer,Spain,Europe,Office Supplies,Highlighters Neon Pack 6,3,8.11,15,20.68,14.26,-4.53,PayPal,2024,6,June,2,20.68,-0.2190522243713733,0.6895551257253385,3.6494999999999997,24.33,6.42,Medium,Loss-Making,Medium
ORD-10278,2024-06-24,Marco Sharma,Consumer,Argentina,South America,Furniture,Standing Desk Converter,7,303.29,15,1804.58,18.54,512.22,PayPal,2024,6,June,2,1804.58,0.2838444402575669,0.010273858737213091,318.4545,2123.03,1786.04,High,Profitable,Medium
ORD-11466,2024-06-24,Oscar Miller,Corporate,Saudi Arabia,Middle East & Africa,Technology,Webcam HD 1080p,1,68.39,20,54.71,12.38,4.72,Bank Transfer,2024,6,June,2,54.71,0.08627307622006945,0.22628404313653813,13.678,68.39,42.33,Low,Profitable,Medium
ORD-11816,2024-06-24,Omar Russo,Consumer,China,Asia Pacific,Office Supplies,Binder Clips Assorted 48pc,2,9.72,10,17.5,12.92,-4.17,PayPal,2024,6,June,2,17.5,-0.2382857142857143,0.7382857142857143,1.9440000000000002,19.44,4.58,Low,Loss-Making,Low
ORD-10144,2024-06-25,Carlos Schmidt,Home Office,France,Europe,Office Supplies,Sticky Notes Multicolor 6-Pack,2,14.53,5,27.61,11.77,2.76,Cash on Delivery,2024,6,June,2,27.61,0.09996378123868163,0.4262948207171315,1.453,29.06,15.84,Low,Profitable,Low
ORD-10012,2024-06-26,Thomas Rodriguez,Corporate,Brazil,South America,Furniture,Folding Table Portable,1,78.08,10,70.27,11.96,11.46,Credit Card,2024,6,June,2,70.27,0.16308524263554863,0.1702006546179024,7.808,78.08,58.309999999999995,Low,Profitable,Low
ORD-11415,2024-06-26,Nadia Davis,Home Office,Mexico,North America,Office Supplies,Stapler Full-Size,5,9.54,0,47.7,11.65,14.59,Credit Card,2024,6,June,2,47.7,0.30587002096436056,0.2442348008385744,0.0,47.699999999999996,36.050000000000004,Medium,Profitable,No Discount
ORD-11265,2024-06-28,Maria Hassan,Consumer,France,Europe,Furniture,Mesh Back Task Chair,3,122.5,0,367.5,9.35,137.65,Credit Card,2024,6,June,2,367.5,0.37455782312925173,0.025442176870748297,0.0,367.5,358.15,Medium,Profitable,No Discount
ORD-11311,2024-06-28,Sophie Li,Consumer,Japan,Asia Pacific,Furniture,Monitor Riser Wood,2,33.34,0,66.68,11.35,15.32,Credit Card,2024,6,June,2,66.68,0.22975404919016196,0.17021595680863824,0.0,66.68,55.330000000000005,Low,Profitable,No Discount
ORD-11688,2024-06-29,Hans Schmidt,Consumer,Mexico,North America,Office Supplies,Binder Clips Assorted 48pc,8,14.05,0,112.4,18.76,43.06,PayPal,2024,6,June,2,112.4,0.38309608540925266,0.16690391459074733,0.0,112.4,93.64,High,Profitable,No Discount
ORD-10121,2024-06-30,Maria Weber,Corporate,Spain,Europe,Clothing & Accessories,Polarized Sunglasses,3,22.89,20,54.94,11.77,8.83,Credit Card,2024,6,June,2,54.94,0.16072078631234074,0.21423370950127413,13.734000000000002,68.67,43.17,Medium,Profitable,Medium
ORD-11099,2024-06-30,Priya Robinson,Consumer,Mexico,North America,Clothing & Accessories,Wool Blend Scarf,1,52.83,10,47.55,6.13,15.0,Credit Card,2024,6,June,2,47.55,0.3154574132492114,0.12891692954784437,5.283,52.83,41.419999999999995,Low,Profitable,Low
ORD-11660,2024-07-01,Fatima Robinson,Corporate,France,Europe,Technology,Wireless Ergonomic Mouse,2,28.41,10,51.14,9.34,10.55,Credit Card,2024,7,July,3,51.14,0.20629644114196324,0.1826359014470082,5.682,56.82,41.8,Low,Profitable,Low
ORD-11768,2024-07-01,Joseph Singh,Consumer,Italy,Europe,Clothing & Accessories,Sports Water Bottle 750ml,1,23.88,5,22.69,9.01,1.74,Credit Card,2024,7,July,3,22.69,0.07668576465403261,0.3970912296165711,1.194,23.88,13.680000000000001,Low,Profitable,Low
ORD-10513,2024-07-02,Maria Rossi,Consumer,Australia,Asia Pacific,Clothing & Accessories,Sports Water Bottle 750ml,6,25.8,20,123.84,23.22,23.22,Bank Transfer,2024,7,July,3,123.84,0.18749999999999997,0.18749999999999997,30.960000000000004,154.8,100.62,High,Profitable,Medium
ORD-11850,2024-07-02,Omar Williams,Consumer,Mexico,North America,Furniture,Standing Desk Converter,7,157.04,0,1099.28,10.12,429.59,Credit Card,2024,7,July,3,1099.28,0.3907921548650025,0.009206025762317152,0.0,1099.28,1089.16,High,Profitable,No Discount
ORD-11411,2024-07-03,Raj Weber,Consumer,Spain,Europe,Office Supplies,Whiteboard Markers Set 8,2,21.15,0,42.3,9.48,13.78,PayPal,2024,7,July,3,42.3,0.3257683215130024,0.22411347517730498,0.0,42.3,32.81999999999999,Low,Profitable,No Discount
ORD-11498,2024-07-03,Omar Rodriguez,Corporate,Australia,Asia Pacific,Office Supplies,Desk Calendar 2025,2,16.71,10,30.08,13.99,1.05,Credit Card,2024,7,July,3,30.08,0.034906914893617025,0.46509308510638303,3.3420000000000005,33.42,16.089999999999996,Low,Profitable,Low
ORD-11352,2024-07-04,Ayumi Moreau,Consumer,Spain,Europe,Office Supplies,Highlighters Neon Pack 6,4,4.42,5,16.8,13.49,-4.65,Credit Card,2024,7,July,3,16.8,-0.2767857142857143,0.8029761904761905,0.884,17.68,3.3100000000000005,Medium,Loss-Making,Low
ORD-10257,2024-07-05,Sarah Clark,Home Office,France,Europe,Office Supplies,Stapler Full-Size,1,15.39,0,15.39,9.15,-0.69,Bank Transfer,2024,7,July,3,15.39,-0.04483430799220273,0.594541910331384,0.0,15.39,6.24,Low,Loss-Making,No Discount
ORD-10261,2024-07-05,Li Oliveira,Consumer,United States,North America,Office Supplies,Tape Dispenser Heavy Duty,5,8.34,15,35.45,7.59,9.1,Cash on Delivery,2024,7,July,3,35.45,0.2566995768688293,0.21410437235543017,6.255,41.7,27.860000000000003,Medium,Profitable,Medium
ORD-10581,2024-07-05,Pierre Weber,Corporate,United Kingdom,Europe,Technology,Wireless Ergonomic Mouse,1,47.66,0,47.66,8.77,12.68,Cash on Delivery,2024,7,July,3,47.66,0.26605119597146454,0.18401174989509023,0.0,47.66,38.89,Low,Profitable,No Discount
ORD-10691,2024-07-05,Felix Ahmed,Consumer,Germany,Europe,Technology,Wireless Ergonomic Mouse,2,52.81,0,105.62,10.99,36.54,Credit Card,2024,7,July,3,105.62,0.34595720507479644,0.10405226282900966,0.0,105.62,94.63000000000001,Low,Profitable,No Discount
ORD-11189,2024-07-05,Clara Tanaka,Corporate,United States,North America,Furniture,Desk Organizer Set,1,31.63,5,30.05,5.84,5.23,PayPal,2024,7,July,3,30.05,0.17404326123128122,0.19434276206322795,1.5815000000000001,31.63,24.21,Low,Profitable,Low
ORD-10275,2024-07-06,Mary Clark,Consumer,Mexico,North America,Office Supplies,Desk Calendar 2025,7,11.86,5,78.87,17.15,24.36,Credit Card,2024,7,July,3,78.87,0.30886268543172307,0.21744643083555215,4.151,83.02,61.720000000000006,High,Profitable,Low
ORD-11450,2024-07-06,Li Rossi,Corporate,Spain,Europe,Technology,USB-C Hub Multiport Adapter,1,24.66,20,19.73,8.64,-2.47,Credit Card,2024,7,July,3,19.73,-0.12519006588950837,0.43791180942726815,4.932,24.66,11.09,Low,Loss-Making,Medium
ORD-11559,2024-07-06,Felix Smith,Consumer,Mexico,North America,Office Supplies,Desk Calendar 2025,8,19.36,10,139.39,9.27,60.42,Credit Card,2024,7,July,3,139.39,0.4334600760456274,0.06650405337542148,15.488,154.88,130.11999999999998,High,Profitable,Low
ORD-11225,2024-07-07,Christopher Brown,Corporate,Canada,North America,Technology,Wireless Ergonomic Mouse,3,42.03,10,113.48,6.85,37.28,Cash on Delivery,2024,7,July,3,113.48,0.3285160380683821,0.06036305956996827,12.609000000000002,126.09,106.63000000000001,Medium,Profitable,Low
ORD-11636,2024-07-07,Ingrid Davis,Consumer,Argentina,South America,Technology,Tablet Stand Holder,5,17.3,15,73.52,16.43,9.51,Cash on Delivery,2024,7,July,3,73.52,0.1293525571273123,0.2234766050054407,12.975,86.5,57.089999999999996,Medium,Profitable,Medium
ORD-11706,2024-07-08,Priya Oliveira,Consumer,United Kingdom,Europe,Furniture,Ergonomic Office Chair,10,305.38,5,2901.11,14.57,1054.26,Credit Card,2024,7,July,3,2901.11,0.3633988369968736,0.005022215634705337,152.69000000000003,3053.8,2886.54,High,Profitable,Low
ORD-10222,2024-07-09,Hanna White,Consumer,France,Europe,Clothing & Accessories,Travel Backpack 30L,3,59.82,20,143.57,9.58,44.26,Bank Transfer,2024,7,July,3,143.57,0.3082816744445218,0.06672703210977224,35.892,179.46,133.98999999999998,Medium,Profitable,Medium
ORD-10385,2024-07-09,Michael Schmidt,Corporate,Canada,North America,Office Supplies,Whiteboard Markers Set 8,1,19.83,20,15.86,6.8,0.14,Credit Card,2024,7,July,3,15.86,0.008827238335435058,0.4287515762925599,3.9659999999999997,19.83,9.059999999999999,Low,Profitable,Medium
ORD-11508,2024-07-09,Ivan Ahmed,Home Office,United States,North America,Clothing & Accessories,Canvas Messenger Bag,2,86.73,10,156.11,9.75,59.63,Credit Card,2024,7,July,3,156.11,0.38197424892703863,0.06245596054064441,17.346,173.46,146.36,Low,Profitable,Low
ORD-10641,2024-07-10,Sophie Clark,Consumer,Germany,Europe,Clothing & Accessories,Leather Wallet Minimalist,11,19.0,5,198.55,16.19,77.86,PayPal,2024,7,July,3,198.55,0.39214303701838327,0.08154117350793251,10.450000000000001,209.0,182.36,High,Profitable,Low
ORD-11587,2024-07-10,Amina Clark,Home Office,Canada,North America,Clothing & Accessories,Canvas Messenger Bag,5,28.49,15,121.08,15.04,34.82,PayPal,2024,7,July,3,121.08,0.28757846052196895,0.12421539478031053,21.367499999999996,142.45,106.03999999999999,Medium,Profitable,Medium
ORD-10095,2024-07-11,Karen Anderson,Corporate,United States,North America,Furniture,Mesh Back Task Chair,2,191.99,5,364.78,9.02,125.37,Credit Card,2024,7,July,3,364.78,0.34368660562530845,0.02472723285267833,19.199,383.98,355.76,Low,Profitable,Low
ORD-11444,2024-07-11,Hans Fischer,Consumer,Australia,Asia Pacific,Office Supplies,Stapler Full-Size,3,9.42,0,28.26,15.8,-0.26,PayPal,2024,7,July,3,28.26,-0.009200283085633403,0.5590941259731068,0.0,28.259999999999998,12.46,Medium,Loss-Making,No Discount
ORD-11549,2024-07-11,Priya Jones,Consumer,Australia,Asia Pacific,Technology,Mechanical Gaming Keyboard,2,70.74,15,120.26,13.36,29.09,PayPal,2024,7,July,3,120.26,0.24189256610676865,0.11109263262930316,21.221999999999998,141.48,106.9,Low,Profitable,Medium
ORD-10516,2024-07-12,Olga Suzuki,Corporate,United States,North America,Technology,Portable External SSD 1TB,2,131.07,10,235.93,8.58,83.17,Credit Card,2024,7,July,3,235.93,0.35251981519942355,0.03636671894205908,26.214,262.14,227.35,Low,Profitable,Low
ORD-10586,2024-07-13,Olivia Patel,Consumer,Australia,Asia Pacific,Technology,Webcam HD 1080p,3,50.5,10,136.35,10.6,42.42,PayPal,2024,7,July,3,136.35,0.3111111111111111,0.07774110744407774,15.15,151.5,125.75,Medium,Profitable,Low
ORD-10664,2024-07-14,John Ferrari,Consumer,United Kingdom,Europe,Clothing & Accessories,Travel Backpack 30L,6,68.26,5,389.08,18.45,165.85,Credit Card,2024,7,July,3,389.08,0.42626195126966177,0.047419553819265964,20.478000000000005,409.56000000000006,370.63,High,Profitable,Low
ORD-11142,2024-07-14,Ayumi Harris,Consumer,United Kingdom,Europe,Furniture,Floating Wall Shelves Set,1,95.79,15,81.42,8.97,14.98,Bank Transfer,2024,7,July,3,81.42,0.18398427904691722,0.11016949152542374,14.368500000000001,95.79,72.45,Low,Profitable,Medium
ORD-10824,2024-07-15,Pierre Rodriguez,Home Office,Mexico,North America,Technology,Mechanical Gaming Keyboard,2,150.27,10,270.49,6.15,99.04,Credit Card,2024,7,July,3,270.49,0.3661503197900107,0.022736515213131723,30.054000000000002,300.54,264.34000000000003,Low,Profitable,Low
ORD-11343,2024-07-15,Amina Romano,Corporate,UAE,Middle East & Africa,Clothing & Accessories,Leather Belt Classic,1,25.15,20,20.12,13.22,-5.67,Cash on Delivery,2024,7,July,3,20.12,-0.2818091451292246,0.6570576540755467,5.03,25.15,6.9,Low,Loss-Making,Medium
ORD-11639,2024-07-15,Mia White,Corporate,Canada,North America,Furniture,Bookshelf 5-Tier,3,153.49,25,345.35,8.01,61.06,Credit Card,2024,7,July,3,345.35,0.1768061386998697,0.0231938613001303,115.1175,460.47,337.34000000000003,Medium,Profitable,High
ORD-10131,2024-07-16,Ali Oliveira,Consumer,Mexico,North America,Technology,Portable External SSD 1TB,1,115.3,10,103.77,6.68,33.67,PayPal,2024,7,July,3,103.77,0.3244675725161415,0.06437313289004529,11.530000000000001,115.3,97.09,Low,Profitable,Low
ORD-10253,2024-07-19,David Garcia,Consumer,France,Europe,Furniture,Ergonomic Office Chair,4,425.29,5,1616.1,12.36,583.04,PayPal,2024,7,July,3,1616.1,0.36076975434688446,0.007648041581585298,85.058,1701.16,1603.74,Medium,Profitable,Low
ORD-11402,2024-07-19,Li Davis,Home Office,United States,North America,Technology,Smart LED Desk Lamp,1,44.59,0,44.59,7.24,12.83,Cash on Delivery,2024,7,July,3,44.59,0.28773267548777753,0.16236824400089706,0.0,44.59,37.35,Low,Profitable,No Discount
ORD-11398,2024-07-21,Mary Rodriguez,Consumer,United States,North America,Clothing & Accessories,Leather Belt Classic,1,23.76,10,21.38,6.5,3.0,Cash on Delivery,2024,7,July,3,21.38,0.14031805425631433,0.304022450888681,2.3760000000000003,23.76,14.879999999999999,Low,Profitable,Low
ORD-11857,2024-07-23,Mia Romano,Corporate,Japan,Asia Pacific,Technology,Wireless Bluetooth Headphones,3,215.99,10,583.17,14.33,212.46,PayPal,2024,7,July,3,583.17,0.3643191522197644,0.024572594612205706,64.79700000000001,647.97,568.8399999999999,Medium,Profitable,Low
ORD-11690,2024-07-24,William Chen,Corporate,France,Europe,Office Supplies,Sticky Notes Multicolor 6-Pack,6,13.61,5,77.58,20.53,20.3,PayPal,2024,7,July,3,77.58,0.2616653776746584,0.2646300592936324,4.083,81.66,57.05,High,Profitable,Low
ORD-10909,2024-07-25,Clara Leroy,Consumer,Australia,Asia Pacific,Furniture,Desk Organizer Set,4,43.36,10,156.1,16.06,35.98,PayPal,2024,7,July,3,156.1,0.23049327354260088,0.10288276745675848,17.344,173.44,140.04,Medium,Profitable,Low
ORD-10138,2024-07-26,Ali Jones,Consumer,Spain,Europe,Clothing & Accessories,Travel Backpack 30L,1,84.43,25,63.32,8.29,12.81,Bank Transfer,2024,7,July,3,63.32,0.20230574857864814,0.13092229943145925,21.1075,84.43,55.03,Low,Profitable,High
ORD-11165,2024-07-26,Wei Sato,Consumer,Canada,North America,Technology,Wireless Bluetooth Headphones,5,142.01,0,710.05,12.04,307.48,Credit Card,2024,7,July,3,710.05,0.4330399267657208,0.016956552355467926,0.0,710.05,698.01,Medium,Profitable,No Discount
ORD-10340,2024-07-27,Priya Weber,Consumer,South Korea,Asia Pacific,Furniture,Folding Table Portable,3,51.54,5,146.89,16.14,37.98,Credit Card,2024,7,July,3,146.89,0.2585608278303492,0.10987814010484037,7.731000000000001,154.62,130.75,Medium,Profitable,Low
ORD-10388,2024-07-27,Linda Patel,Consumer,United Kingdom,Europe,Technology,Webcam HD 1080p,4,83.83,0,335.32,12.06,138.83,Cash on Delivery,2024,7,July,3,335.32,0.4140224263390195,0.03596564475724681,0.0,335.32,323.26,Medium,Profitable,No Discount
ORD-10868,2024-07-27,Sakura Jones,Corporate,United States,North America,Technology,Tablet Stand Holder,5,19.09,10,85.91,15.16,18.25,Credit Card,2024,7,July,3,85.91,0.21243161448027006,0.17646374112443255,9.545,95.45,70.75,Medium,Profitable,Low
ORD-11918,2024-07-27,Robert Khan,Consumer,Canada,North America,Technology,USB-C Hub Multiport Adapter,1,42.3,20,33.84,5.91,4.67,Credit Card,2024,7,July,3,33.84,0.13800236406619384,0.17464539007092197,8.459999999999999,42.3,27.930000000000003,Low,Profitable,Medium
ORD-10590,2024-07-28,Hans White,Home Office,Brazil,South America,Furniture,Folding Table Portable,1,58.82,15,50.0,11.29,3.42,Cash on Delivery,2024,7,July,3,50.0,0.0684,0.22579999999999997,8.823,58.82,38.71,Low,Profitable,Medium
ORD-11153,2024-07-28,Sarah Chen,Consumer,Germany,Europe,Furniture,Mesh Back Task Chair,11,296.08,5,3094.04,23.46,1116.45,Bank Transfer,2024,7,July,3,3094.04,0.3608389031816008,0.007582319556308258,162.844,3256.8799999999997,3070.58,High,Profitable,Low
ORD-11654,2024-07-29,Christopher Schmidt,Consumer,Canada,North America,Furniture,Mesh Back Task Chair,1,264.5,25,198.38,7.24,32.44,Credit Card,2024,7,July,3,198.38,0.16352454884564976,0.036495614477265854,66.125,264.5,191.14,Low,Profitable,High
ORD-11982,2024-07-29,William Moreau,Consumer,United States,North America,Furniture,Floating Wall Shelves Set,1,43.48,0,43.48,6.89,10.5,Bank Transfer,2024,7,July,3,43.48,0.24149034038638456,0.15846366145354185,0.0,43.48,36.589999999999996,Low,Profitable,No Discount
ORD-10263,2024-08-01,Felix Romano,Consumer,France,Europe,Technology,Laptop Stand Adjustable,2,51.5,0,103.0,9.3,37.05,Credit Card,2024,8,August,3,103.0,0.35970873786407764,0.09029126213592234,0.0,103.0,93.7,Low,Profitable,No Discount
ORD-10066,2024-08-02,Hanna Ali,Home Office,United Kingdom,Europe,Office Supplies,Stapler Full-Size,4,14.54,15,49.44,12.57,10.7,PayPal,2024,8,August,3,49.44,0.21642394822006472,0.254247572815534,8.723999999999998,58.16,36.87,Medium,Profitable,Medium
ORD-10799,2024-08-03,Susan Schmidt,Consumer,United Kingdom,Europe,Furniture,Folding Table Portable,3,75.05,0,225.15,12.4,77.66,PayPal,2024,8,August,3,225.15,0.3449256051521208,0.05507439484787919,0.0,225.14999999999998,212.75,Medium,Profitable,No Discount
ORD-11203,2024-08-03,Amir Ali,Consumer,India,Asia Pacific,Clothing & Accessories,Travel Backpack 30L,4,39.58,5,150.4,11.02,60.22,PayPal,2024,8,August,3,150.4,0.4003989361702127,0.07327127659574467,7.916,158.32,139.38,Medium,Profitable,Low
ORD-11849,2024-08-04,Christopher Leroy,Consumer,United States,North America,Technology,Portable External SSD 1TB,7,102.39,5,680.89,13.51,273.18,PayPal,2024,8,August,3,680.89,0.4012101807927859,0.01984167780405058,35.8365,716.73,667.38,High,Profitable,Low
ORD-10867,2024-08-05,Hans Hassan,Corporate,Argentina,South America,Clothing & Accessories,Polarized Sunglasses,2,54.24,15,92.21,12.61,25.36,Credit Card,2024,8,August,3,92.21,0.27502440082420565,0.13675306365903916,16.272,108.48,79.6,Low,Profitable,Medium
ORD-11698,2024-08-05,Layla Zhang,Corporate,United States,North America,Office Supplies,Stapler Full-Size,2,7.92,0,15.84,8.07,0.64,PayPal,2024,8,August,3,15.84,0.04040404040404041,0.509469696969697,0.0,15.84,7.77,Low,Profitable,No Discount
ORD-10213,2024-08-06,Sarah Harris,Consumer,Mexico,North America,Office Supplies,Premium Notebook Set A5,4,22.41,5,85.16,11.14,33.68,PayPal,2024,8,August,3,85.16,0.3954908407703147,0.1308125880695162,4.482,89.64,74.02,Medium,Profitable,Low
ORD-10311,2024-08-06,Noah Hassan,Consumer,Japan,Asia Pacific,Office Supplies,Sticky Notes Multicolor 6-Pack,2,7.5,10,13.5,11.22,-4.47,PayPal,2024,8,August,3,13.5,-0.3311111111111111,0.8311111111111111,1.5,15.0,2.2799999999999994,Low,Loss-Making,Low
ORD-11049,2024-08-06,Priya Schmidt,Consumer,Australia,Asia Pacific,Technology,USB-C Hub Multiport Adapter,1,34.53,0,34.53,10.15,5.39,PayPal,2024,8,August,3,34.53,0.1560961482768607,0.29394729220967275,0.0,34.53,24.380000000000003,Low,Profitable,No Discount
ORD-10018,2024-08-07,Amir Smith,Home Office,Canada,North America,Furniture,Floating Wall Shelves Set,3,76.33,0,228.99,7.81,83.79,Credit Card,2024,8,August,3,228.99,0.3659111751604874,0.034106292851216205,0.0,228.99,221.18,Medium,Profitable,No Discount
ORD-10475,2024-08-07,Chen Anderson,Corporate,Mexico,North America,Technology,USB-C Hub Multiport Adapter,4,57.77,15,196.42,8.23,61.1,Credit Card,2024,8,August,3,196.42,0.3110681193361165,0.041900010182262505,34.662,231.08,188.19,Medium,Profitable,Medium
ORD-11726,2024-08-08,Raj Patel,Corporate,Canada,North America,Office Supplies,Stapler Full-Size,2,10.66,5,20.25,8.06,2.6,Credit Card,2024,8,August,3,20.25,0.12839506172839507,0.3980246913580247,1.066,21.32,12.19,Low,Profitable,Low
ORD-11892,2024-08-08,Mary Oliveira,Consumer,South Korea,Asia Pacific,Clothing & Accessories,Travel Backpack 30L,3,40.65,5,115.85,13.02,41.86,PayPal,2024,8,August,3,115.85,0.3613293051359517,0.11238670694864049,6.0975,121.94999999999999,102.83,Medium,Profitable,Low
ORD-10294,2024-08-09,Christopher Brown,Corporate,United States,North America,Office Supplies,Desk Calendar 2025,4,17.75,5,67.45,13.03,22.47,Credit Card,2024,8,August,3,67.45,0.3331356560415122,0.19318013343217197,3.5500000000000003,71.0,54.42,Medium,Profitable,Low
ORD-10910,2024-08-09,Felix White,Home Office,Italy,Europe,Clothing & Accessories,Leather Wallet Minimalist,7,22.85,5,151.95,10.55,61.42,Bank Transfer,2024,8,August,3,151.95,0.40421191181309646,0.0694307337940112,7.997500000000001,159.95000000000002,141.39999999999998,High,Profitable,Low
ORD-10714,2024-08-10,Hans Johnson,Consumer,France,Europe,Technology,Smart LED Desk Lamp,4,59.34,20,189.89,12.93,46.41,Cash on Delivery,2024,8,August,3,189.89,0.24440465532676814,0.06809205329401233,47.47200000000001,237.36,176.95999999999998,Medium,Profitable,Medium
ORD-10716,2024-08-10,Ivan Martinez,Home Office,South Korea,Asia Pacific,Furniture,Standing Desk Converter,3,167.77,5,478.14,12.09,164.06,Cash on Delivery,2024,8,August,3,478.14,0.34312126155519307,0.02528548123980424,25.165500000000005,503.31000000000006,466.05,Medium,Profitable,Low
ORD-10810,2024-08-12,Nadia Wang,Consumer,Saudi Arabia,Middle East & Africa,Technology,Tablet Stand Holder,3,24.66,10,66.58,14.37,11.52,PayPal,2024,8,August,3,66.58,0.17302493241213576,0.21583057975367978,7.398000000000001,73.98,52.21,Medium,Profitable,Low
ORD-10786,2024-08-13,Jessica Suzuki,Corporate,India,Asia Pacific,Technology,Wireless Bluetooth Headphones,4,147.28,10,530.21,12.2,193.99,Cash on Delivery,2024,8,August,3,530.21,0.36587389902114253,0.02300975085343543,58.912000000000006,589.12,518.01,Medium,Profitable,Low
ORD-10919,2024-08-13,Priya Ferrari,Consumer,Mexico,North America,Technology,Webcam HD 1080p,4,63.81,5,242.48,12.73,89.37,PayPal,2024,8,August,3,242.48,0.3685664797096668,0.05249917518970637,12.762,255.24,229.75,Medium,Profitable,Low
ORD-11751,2024-08-13,Elizabeth Singh,Home Office,Mexico,North America,Office Supplies,Whiteboard Markers Set 8,1,9.65,10,8.69,5.86,-1.51,PayPal,2024,8,August,3,8.69,-0.17376294591484465,0.6743383199079402,0.9650000000000001,9.65,2.829999999999999,Low,Loss-Making,Low
ORD-10058,2024-08-14,Raj Santos,Consumer,Canada,North America,Furniture,Corner L-Shaped Desk,4,347.26,20,1111.23,11.0,266.81,PayPal,2024,8,August,3,1111.23,0.24010330894594278,0.009898940813332974,277.808,1389.04,1100.23,Medium,Profitable,Medium
ORD-11383,2024-08-14,Thomas Wang,Home Office,United States,North America,Furniture,Desk Organizer Set,1,53.78,5,51.09,6.42,12.4,Bank Transfer,2024,8,August,3,51.09,0.24270894499902132,0.12566059894304168,2.689,53.78,44.67,Low,Profitable,Low
ORD-11622,2024-08-14,Zara Anderson,Corporate,United Kingdom,Europe,Technology,Noise Cancelling Earbuds,3,104.66,0,313.98,9.55,131.74,Credit Card,2024,8,August,3,313.98,0.41958086502324987,0.030415950060513407,0.0,313.98,304.43,Medium,Profitable,No Discount
ORD-11976,2024-08-14,Jennifer Anderson,Corporate,Mexico,North America,Office Supplies,Ballpoint Pen Pack 12,5,8.93,20,35.72,9.26,6.37,PayPal,2024,8,August,3,35.72,0.17833146696528557,0.25923852183650614,8.93,44.65,26.46,Medium,Profitable,Medium
ORD-11301,2024-08-15,Emma Suzuki,Consumer,South Korea,Asia Pacific,Office Supplies,Ballpoint Pen Pack 12,2,17.94,0,35.88,12.85,6.88,Cash on Delivery,2024,8,August,3,35.88,0.19175027870680042,0.35813823857302113,0.0,35.88,23.03,Low,Profitable,No Discount
ORD-11719,2024-08-15,Sarah Patel,Home Office,United States,North America,Furniture,Standing Desk Converter,3,305.72,10,825.44,9.96,265.18,PayPal,2024,8,August,3,825.44,0.32125896491568134,0.012066291917038187,91.71600000000001,917.1600000000001,815.48,Medium,Profitable,Low
ORD-10448,2024-08-16,Lucas Moreau,Home Office,Italy,Europe,Office Supplies,Desk Calendar 2025,10,13.76,10,123.84,17.98,43.94,Credit Card,2024,8,August,3,123.84,0.354812661498708,0.14518733850129198,13.76,137.6,105.86,High,Profitable,Low
ORD-10748,2024-08-16,Richard Patel,Consumer,Japan,Asia Pacific,Clothing & Accessories,Silk Tie Collection,3,20.47,5,58.34,11.67,15.97,PayPal,2024,8,August,3,58.34,0.27374014398354474,0.20003428179636612,3.0705,61.41,46.67,Medium,Profitable,Low
ORD-11186,2024-08-16,Karen Hassan,Consumer,South Korea,Asia Pacific,Office Supplies,Paper Clips Box 500pc,3,4.11,0,12.33,14.51,-7.73,PayPal,2024,8,August,3,12.33,-0.626926196269262,1.1768045417680455,0.0,12.330000000000002,-2.1799999999999997,Medium,Loss-Making,No Discount
ORD-11446,2024-08-16,Wei Suzuki,Consumer,Argentina,South America,Clothing & Accessories,Travel Backpack 30L,6,98.0,15,499.8,20.34,185.46,Credit Card,2024,8,August,3,499.8,0.37106842737094836,0.04069627851140456,88.2,588.0,479.46000000000004,High,Profitable,Medium
ORD-11697,2024-08-16,Thomas Yamamoto,Consumer,United States,North America,Technology,Wireless Ergonomic Mouse,1,66.5,10,59.85,6.99,16.28,Credit Card,2024,8,August,3,59.85,0.2720133667502089,0.11679197994987468,6.65,66.5,52.86,Low,Profitable,Low
ORD-10315,2024-08-18,Jamal Sharma,Corporate,Germany,Europe,Technology,Noise Cancelling Earbuds,2,121.67,10,219.01,10.65,74.52,Bank Transfer,2024,8,August,3,219.01,0.3402584356878681,0.048627916533491626,24.334000000000003,243.34,208.35999999999999,Low,Profitable,Low
ORD-11942,2024-08-18,Lucas Laurent,Consumer,Colombia,South America,Technology,Smart LED Desk Lamp,4,63.57,0,254.28,18.63,95.8,Credit Card,2024,8,August,3,254.28,0.3767500393267264,0.07326569136385087,0.0,254.28,235.65,Medium,Profitable,No Discount
ORD-11094,2024-08-19,Xiao Romano,Corporate,Mexico,North America,Office Supplies,Sticky Notes Multicolor 6-Pack,4,10.58,5,40.2,14.1,7.06,Bank Transfer,2024,8,August,3,40.2,0.17562189054726365,0.3507462686567164,2.116,42.32,26.1,Medium,Profitable,Low
ORD-10248,2024-08-20,Amina Thomas,Consumer,Mexico,North America,Clothing & Accessories,Leather Wallet Minimalist,2,57.19,5,108.66,7.96,43.51,PayPal,2024,8,August,3,108.66,0.4004233388551445,0.07325602797717652,5.719,114.38,100.7,Low,Profitable,Low
ORD-11240,2024-08-20,Olga Li,Corporate,South Korea,Asia Pacific,Office Supplies,Paper Clips Box 500pc,2,9.18,15,15.61,12.05,-4.7,PayPal,2024,8,August,3,15.61,-0.30108904548366433,0.7719410634208841,2.754,18.36,3.5599999999999987,Low,Loss-Making,Medium
ORD-10818,2024-08-22,Kenji Wang,Consumer,Spain,Europe,Clothing & Accessories,Silk Tie Collection,2,32.02,10,57.64,10.01,15.61,Credit Card,2024,8,August,3,57.64,0.27081887578070785,0.17366412213740456,6.404000000000001,64.04,47.63,Low,Profitable,Low
ORD-11132,2024-08-24,Jamal Nilsson,Consumer,Argentina,South America,Office Supplies,Binder Clips Assorted 48pc,8,9.6,15,65.28,27.55,3.17,PayPal,2024,8,August,3,65.28,0.048560049019607844,0.42202818627450983,11.52,76.8,37.730000000000004,High,Profitable,Medium
ORD-10608,2024-08-25,Sophie Williams,Corporate,South Korea,Asia Pacific,Office Supplies,Whiteboard Markers Set 8,4,9.95,5,37.81,12.01,7.89,PayPal,2024,8,August,3,37.81,0.20867495371594813,0.31764083575773605,1.99,39.8,25.800000000000004,Medium,Profitable,Low
ORD-10629,2024-08-25,Ahmed Anderson,Home Office,China,Asia Pacific,Technology,Smart LED Desk Lamp,4,33.42,0,133.68,13.19,46.97,PayPal,2024,8,August,3,133.68,0.351361460203471,0.09866846199880311,0.0,133.68,120.49000000000001,Medium,Profitable,No Discount
ORD-11246,2024-08-25,Felix Schmidt,Corporate,Canada,North America,Technology,Mechanical Gaming Keyboard,1,132.41,10,119.17,6.65,39.69,Credit Card,2024,8,August,3,119.17,0.33305362087773766,0.055802634891331714,13.241,132.41,112.52,Low,Profitable,Low
ORD-10245,2024-08-26,Hans Anderson,Consumer,Japan,Asia Pacific,Technology,Portable External SSD 1TB,1,145.65,0,145.65,10.25,55.29,Bank Transfer,2024,8,August,3,145.65,0.3796086508753862,0.07037418468932372,0.0,145.65,135.4,Low,Profitable,No Discount
ORD-10613,2024-08-26,Ingrid Martin,Corporate,United Kingdom,Europe,Clothing & Accessories,Sports Water Bottle 750ml,1,20.03,5,19.03,7.96,1.06,Credit Card,2024,8,August,3,19.03,0.05570152390961639,0.41828691539674195,1.0015,20.03,11.07,Low,Profitable,Low
ORD-11635,2024-08-26,Yuki Kim,Corporate,United States,North America,Clothing & Accessories,Polarized Sunglasses,3,74.99,0,224.97,11.37,101.12,Credit Card,2024,8,August,3,224.97,0.44948215317597906,0.050540072009601276,0.0,224.96999999999997,213.6,Medium,Profitable,No Discount
ORD-10108,2024-08-28,Diego Thomas,Consumer,United States,North America,Clothing & Accessories,Cotton Formal Shirt,3,45.38,10,122.53,9.66,44.8,PayPal,2024,8,August,3,122.53,0.36562474496041786,0.0788378356320901,13.614000000000003,136.14000000000001,112.87,Medium,Profitable,Low
ORD-10563,2024-08-28,Karen Rossi,Consumer,South Korea,Asia Pacific,Furniture,Floating Wall Shelves Set,4,91.15,5,346.37,13.75,113.86,Bank Transfer,2024,8,August,3,346.37,0.3287236192510899,0.039697433380489075,18.23,364.6,332.62,Medium,Profitable,Low
ORD-11347,2024-08-28,Amina Wang,Consumer,United States,North America,Technology,Smart LED Desk Lamp,2,64.84,20,103.74,6.94,25.48,PayPal,2024,8,August,3,103.74,0.2456140350877193,0.06689801426643532,25.936000000000003,129.68,96.8,Low,Profitable,Medium
ORD-11480,2024-08-29,Richard Costa,Consumer,Mexico,North America,Furniture,Standing Desk Converter,3,277.81,15,708.42,9.76,198.6,PayPal,2024,8,August,3,708.42,0.28034216989921235,0.013777137856074081,125.0145,833.4300000000001,698.66,Medium,Profitable,Medium
ORD-11823,2024-08-29,Oscar Johansson,Consumer,China,Asia Pacific,Office Supplies,Stapler Full-Size,4,15.31,15,52.05,17.07,7.42,Bank Transfer,2024,8,August,3,52.05,0.1425552353506244,0.3279538904899136,9.186,61.24,34.98,Medium,Profitable,Medium
ORD-11613,2024-08-30,Ingrid Laurent,Consumer,Canada,North America,Clothing & Accessories,Canvas Messenger Bag,2,57.71,5,109.65,6.72,45.22,Credit Card,2024,8,August,3,109.65,0.41240310077519376,0.06128590971272229,5.771000000000001,115.42,102.93,Low,Profitable,Low
ORD-10055,2024-08-31,Hans Park,Corporate,Italy,Europe,Clothing & Accessories,Polarized Sunglasses,4,36.93,15,125.56,14.92,36.78,Cash on Delivery,2024,8,August,3,125.56,0.29292768397578844,0.11882765211850908,22.157999999999998,147.72,110.64,Medium,Profitable,Medium
ORD-11966,2024-09-01,Wei Thompson,Consumer,India,Asia Pacific,Office Supplies,Tape Dispenser Heavy Duty,1,20.09,15,17.08,10.58,-2.54,Credit Card,2024,9,September,3,17.08,-0.14871194379391103,0.6194379391100703,3.0135,20.09,6.499999999999998,Low,Loss-Making,Medium
ORD-10403,2024-09-03,Ethan Williams,Consumer,Mexico,North America,Furniture,Standing Desk Converter,2,112.26,0,224.52,8.69,81.12,PayPal,2024,9,September,3,224.52,0.36130411544628543,0.03870479244610725,0.0,224.52,215.83,Low,Profitable,No Discount
ORD-10140,2024-09-04,Sarah Khan,Home Office,Italy,Europe,Office Supplies,Tape Dispenser Heavy Duty,3,22.08,10,59.62,10.3,19.51,Bank Transfer,2024,9,September,3,59.62,0.32723918148272396,0.1727608185172761,6.624,66.24,49.31999999999999,Medium,Profitable,Low
ORD-11959,2024-09-04,Ali Patel,Consumer,Saudi Arabia,Middle East & Africa,Technology,Tablet Stand Holder,8,29.9,0,239.2,15.61,92.03,PayPal,2024,9,September,3,239.2,0.3847408026755853,0.06525919732441472,0.0,239.2,223.58999999999997,High,Profitable,No Discount
ORD-10929,2024-09-05,Noah Dubois,Consumer,Mexico,North America,Technology,Noise Cancelling Earbuds,2,79.84,10,143.71,7.24,48.65,PayPal,2024,9,September,3,143.71,0.33852898197759373,0.05037923596131097,15.968000000000002,159.68,136.47,Low,Profitable,Low
ORD-11370,2024-09-05,Ivan Müller,Consumer,France,Europe,Clothing & Accessories,Sports Water Bottle 750ml,2,12.3,0,24.6,11.2,1.1,Credit Card,2024,9,September,3,24.6,0.044715447154471545,0.4552845528455284,0.0,24.6,13.400000000000002,Low,Profitable,No Discount
ORD-11534,2024-09-05,Jessica Williams,Consumer,United States,North America,Technology,Wireless Ergonomic Mouse,1,30.33,5,28.81,6.89,5.24,Bank Transfer,2024,9,September,3,28.81,0.181881291218327,0.23915307185005205,1.5165,30.33,21.919999999999998,Low,Profitable,Low
ORD-10174,2024-09-06,Clara Schmidt,Corporate,Brazil,South America,Office Supplies,Ballpoint Pen Pack 12,6,13.5,15,68.85,14.12,18.28,Credit Card,2024,9,September,3,68.85,0.2655047204066812,0.20508351488743645,12.15,81.0,54.73,High,Profitable,Medium
ORD-10848,2024-09-06,Pierre Patel,Consumer,Germany,Europe,Clothing & Accessories,Canvas Messenger Bag,3,68.42,10,184.73,12.09,70.01,PayPal,2024,9,September,3,184.73,0.37898554647323124,0.06544686840253343,20.526,205.26,172.64,Medium,Profitable,Low
ORD-11023,2024-09-06,Olivia Garcia,Home Office,United States,North America,Office Supplies,Desk Calendar 2025,8,7.55,20,48.32,12.15,8.99,PayPal,2024,9,September,3,48.32,0.18605132450331127,0.25144867549668876,12.08,60.4,36.17,High,Profitable,Medium
ORD-11314,2024-09-06,David Suzuki,Consumer,UAE,Middle East & Africa,Technology,Laptop Stand Adjustable,5,57.26,10,257.67,17.08,83.12,Bank Transfer,2024,9,September,3,257.67,0.32258314898901697,0.06628633523499049,28.630000000000003,286.3,240.59000000000003,Medium,Profitable,Low
ORD-11582,2024-09-06,Christopher Müller,Consumer,Mexico,North America,Furniture,Ergonomic Office Chair,1,187.47,0,187.47,6.23,68.76,Bank Transfer,2024,9,September,3,187.47,0.36677868458953433,0.03323198378407212,0.0,187.47,181.24,Low,Profitable,No Discount
ORD-10544,2024-09-07,William Robinson,Consumer,Canada,North America,Technology,USB-C Hub Multiport Adapter,2,50.79,0,101.58,7.71,38.0,PayPal,2024,9,September,3,101.58,0.37408938767473915,0.0759007678676905,0.0,101.58,93.87,Low,Profitable,No Discount
ORD-11124,2024-09-07,Omar Weber,Home Office,Brazil,South America,Clothing & Accessories,Canvas Messenger Bag,1,31.92,0,31.92,12.07,3.89,Cash on Delivery,2024,9,September,3,31.92,0.1218671679197995,0.3781328320802005,0.0,31.92,19.85,Low,Profitable,No Discount
ORD-10493,2024-09-09,Linda Fischer,Consumer,United States,North America,Office Supplies,Ballpoint Pen Pack 12,8,15.17,0,121.36,23.42,43.33,Credit Card,2024,9,September,3,121.36,0.35703691496374423,0.19297956493078447,0.0,121.36,97.94,High,Profitable,No Discount
ORD-10208,2024-09-10,Ivan Thomas,Home Office,Colombia,South America,Technology,Portable External SSD 1TB,2,68.4,0,136.8,13.66,47.9,PayPal,2024,9,September,3,136.8,0.3501461988304093,0.09985380116959064,0.0,136.8,123.14000000000001,Low,Profitable,No Discount
ORD-10484,2024-09-10,Maria Costa,Consumer,Japan,Asia Pacific,Clothing & Accessories,Canvas Messenger Bag,5,57.12,0,285.6,19.41,123.39,Credit Card,2024,9,September,3,285.6,0.4320378151260504,0.06796218487394957,0.0,285.59999999999997,266.19,Medium,Profitable,No Discount
ORD-10857,2024-09-10,Layla Johansson,Consumer,United Kingdom,Europe,Technology,Mechanical Gaming Keyboard,10,62.96,10,566.64,19.53,200.83,PayPal,2024,9,September,3,566.64,0.35442256106169706,0.03446632782719187,62.96000000000001,629.6,547.11,High,Profitable,Low
ORD-10901,2024-09-10,Richard Tanaka,Corporate,India,Asia Pacific,Furniture,Ergonomic Office Chair,5,214.38,15,911.12,18.93,249.05,Credit Card,2024,9,September,3,911.12,0.2733448941961542,0.020776626569496883,160.785,1071.9,892.19,Medium,Profitable,Medium
ORD-11644,2024-09-11,Joseph Romano,Consumer,Brazil,South America,Office Supplies,Highlighters Neon Pack 6,2,8.93,10,16.07,14.32,-6.29,Credit Card,2024,9,September,3,16.07,-0.39141257000622276,0.8911014312383323,1.786,17.86,1.75,Low,Loss-Making,Low
ORD-11672,2024-09-11,Liam Nilsson,Home Office,United Kingdom,Europe,Office Supplies,Desk Calendar 2025,4,17.6,0,70.4,14.18,24.54,PayPal,2024,9,September,3,70.4,0.3485795454545454,0.2014204545454545,0.0,70.4,56.220000000000006,Medium,Profitable,No Discount
ORD-11073,2024-09-12,Elizabeth Chen,Home Office,Canada,North America,Clothing & Accessories,Sports Water Bottle 750ml,9,22.04,0,198.36,9.79,89.39,Credit Card,2024,9,September,3,198.36,0.450645291389393,0.04935470861060697,0.0,198.35999999999999,188.57000000000002,High,Profitable,No Discount
ORD-11058,2024-09-13,Omar Costa,Corporate,Mexico,North America,Furniture,Ergonomic Office Chair,1,376.74,20,301.39,7.19,68.16,Credit Card,2024,9,September,3,301.39,0.22615216165101695,0.023856133249278346,75.348,376.74,294.2,Low,Profitable,Medium
ORD-10370,2024-09-14,Linda Santos,Corporate,United Kingdom,Europe,Technology,Mechanical Gaming Keyboard,1,174.88,15,148.65,8.56,43.91,Credit Card,2024,9,September,3,148.65,0.2953918600739993,0.0575849310460814,26.232,174.88,140.09,Low,Profitable,Medium
ORD-11781,2024-09-14,Ingrid White,Consumer,Australia,Asia Pacific,Office Supplies,Highlighters Neon Pack 6,1,13.21,5,12.55,10.34,-3.73,Credit Card,2024,9,September,3,12.55,-0.297211155378486,0.8239043824701194,0.6605000000000001,13.21,2.210000000000001,Low,Loss-Making,Low
ORD-11939,2024-09-14,Amir Moreau,Home Office,India,Asia Pacific,Technology,Webcam HD 1080p,2,43.13,0,86.26,11.52,27.3,PayPal,2024,9,September,3,86.26,0.3164850452121493,0.1335497333642476,0.0,86.26,74.74000000000001,Low,Profitable,No Discount
ORD-10184,2024-09-15,Isabella Ferrari,Corporate,Germany,Europe,Technology,Smart LED Desk Lamp,4,41.61,20,133.15,11.64,29.97,Credit Card,2024,9,September,3,133.15,0.2250844911753661,0.08742020277882089,33.288000000000004,166.44,121.51,Medium,Profitable,Medium
ORD-10229,2024-09-15,Xiao Martin,Home Office,Mexico,North America,Clothing & Accessories,Travel Backpack 30L,6,33.23,5,189.41,9.09,80.63,Credit Card,2024,9,September,3,189.41,0.42569030146243597,0.04799113035214614,9.969000000000001,199.38,180.32,High,Profitable,Low
ORD-10286,2024-09-15,Oscar Williams,Corporate,United States,North America,Clothing & Accessories,Sports Water Bottle 750ml,4,12.55,25,37.65,9.91,2.64,Credit Card,2024,9,September,3,37.65,0.0701195219123506,0.26321381142098277,12.55,50.2,27.74,Medium,Profitable,High
ORD-10426,2024-09-15,Ayumi Thomas,Consumer,South Africa,Middle East & Africa,Clothing & Accessories,Polarized Sunglasses,8,62.5,25,375.0,24.32,100.68,PayPal,2024,9,September,3,375.0,0.26848,0.06485333333333333,125.0,500.0,350.68,High,Profitable,High
ORD-11799,2024-09-15,Jamal Pereira,Consumer,United States,North America,Technology,Smart LED Desk Lamp,2,31.01,10,55.82,6.85,14.86,Bank Transfer,2024,9,September,3,55.82,0.26621282694374776,0.12271587244715156,6.202000000000001,62.02,48.97,Low,Profitable,Low
ORD-11951,2024-09-15,William Romano,Consumer,Canada,North America,Furniture,Desk Organizer Set,4,29.07,10,104.65,12.59,22.29,Cash on Delivery,2024,9,September,3,104.65,0.21299569995222167,0.12030578117534639,11.628,116.28,92.06,Medium,Profitable,Low
ORD-10466,2024-09-16,Zara Harris,Corporate,Canada,North America,Technology,Wireless Ergonomic Mouse,5,62.9,0,314.5,12.05,129.47,Bank Transfer,2024,9,September,3,314.5,0.4116693163751987,0.038314785373608905,0.0,314.5,302.45,Medium,Profitable,No Discount
ORD-11433,2024-09-16,Pierre Smith,Consumer,Spain,Europe,Office Supplies,Tape Dispenser Heavy Duty,1,13.51,10,12.16,7.94,-1.86,Credit Card,2024,9,September,3,12.16,-0.1529605263157895,0.6529605263157895,1.351,13.51,4.22,Low,Loss-Making,Low
ORD-11473,2024-09-16,Zara Clark,Consumer,Brazil,South America,Furniture,Floating Wall Shelves Set,3,64.94,20,155.86,11.57,27.4,PayPal,2024,9,September,3,155.86,0.17579879378929805,0.07423328628256126,38.964,194.82,144.29000000000002,Medium,Profitable,Medium
ORD-11491,2024-09-16,Carlos Yamamoto,Consumer,Mexico,North America,Clothing & Accessories,Cotton Formal Shirt,1,20.04,0,20.04,6.51,3.51,Credit Card,2024,9,September,3,20.04,0.1751497005988024,0.3248502994011976,0.0,20.04,13.53,Low,Profitable,No Discount
ORD-11504,2024-09-16,Yuki Pereira,Corporate,Canada,North America,Office Supplies,Tape Dispenser Heavy Duty,4,17.37,15,59.06,9.1,18.69,Cash on Delivery,2024,9,September,3,59.06,0.31645783948526923,0.15408059600406365,10.422,69.48,49.96,Medium,Profitable,Medium
ORD-11938,2024-09-16,Isabella Johansson,Corporate,South Africa,Middle East & Africa,Furniture,Folding Table Portable,2,73.07,15,124.22,13.98,22.56,Credit Card,2024,9,September,3,124.22,0.18161326678473674,0.11254226372564805,21.920999999999996,146.14,110.24,Low,Profitable,Medium
ORD-10262,2024-09-17,Carlos Ferrari,Home Office,Mexico,North America,Office Supplies,Paper Clips Box 500pc,2,5.97,5,11.34,7.01,-1.04,PayPal,2024,9,September,3,11.34,-0.09171075837742505,0.6181657848324514,0.597,11.94,4.33,Low,Loss-Making,Low
ORD-10998,2024-09-18,Diego Miller,Consumer,Italy,Europe,Furniture,Monitor Riser Wood,4,67.4,5,256.12,9.33,85.03,Cash on Delivery,2024,9,September,3,256.12,0.3319928158675621,0.036428236764016866,13.480000000000002,269.6,246.79,Medium,Profitable,Low
ORD-10050,2024-09-19,Robert Garcia,Consumer,Germany,Europe,Office Supplies,Whiteboard Markers Set 8,3,13.57,5,38.67,12.98,7.37,Credit Card,2024,9,September,3,38.67,0.19058701836048617,0.3356607189035428,2.0355000000000003,40.71,25.69,Medium,Profitable,Low
ORD-10697,2024-09-19,Sakura Garcia,Home Office,Spain,Europe,Office Supplies,Sticky Notes Multicolor 6-Pack,2,6.44,0,12.88,9.71,-2.63,Credit Card,2024,9,September,3,12.88,-0.20419254658385091,0.7538819875776398,0.0,12.88,3.17,Low,Loss-Making,No Discount
ORD-10329,2024-09-20,Amina Taylor,Consumer,India,Asia Pacific,Office Supplies,Binder Clips Assorted 48pc,6,13.09,10,70.69,20.97,14.38,PayPal,2024,9,September,3,70.69,0.20342339793464423,0.2966473334276418,7.853999999999999,78.53999999999999,49.72,High,Profitable,Low
ORD-10011,2024-09-21,James Ferrari,Consumer,Canada,North America,Technology,Mechanical Gaming Keyboard,9,164.14,0,1477.26,18.25,646.52,Credit Card,2024,9,September,3,1477.26,0.43764807819882756,0.012353952587899219,0.0,1477.2599999999998,1459.01,High,Profitable,No Discount
ORD-10931,2024-09-21,Maria Thomas,Corporate,China,Asia Pacific,Furniture,Desk Organizer Set,3,49.49,15,126.2,16.07,21.05,Credit Card,2024,9,September,3,126.2,0.1667987321711569,0.12733755942947703,22.2705,148.47,110.13,Medium,Profitable,Medium
ORD-10141,2024-09-22,Mia Ali,Corporate,Colombia,South America,Office Supplies,Premium Notebook Set A5,2,18.15,15,30.85,14.89,-0.38,PayPal,2024,9,September,3,30.85,-0.012317666126418152,0.4826580226904376,5.444999999999999,36.3,15.96,Low,Loss-Making,Medium
ORD-10648,2024-09-22,Omar Dubois,Home Office,Australia,Asia Pacific,Office Supplies,Ballpoint Pen Pack 12,3,6.42,15,16.37,15.39,-7.69,Credit Card,2024,9,September,3,16.37,-0.46976175931582165,0.9401343921808185,2.889,19.259999999999998,0.9800000000000004,Medium,Loss-Making,Medium
ORD-11925,2024-09-23,Sarah Miller,Corporate,Colombia,South America,Technology,Smart LED Desk Lamp,3,55.32,10,149.36,16.68,41.4,PayPal,2024,9,September,3,149.36,0.2771826459560792,0.11167648634172468,16.596,165.96,132.68,Medium,Profitable,Low
ORD-10076,2024-09-24,Sarah Patel,Consumer,Japan,Asia Pacific,Office Supplies,Premium Notebook Set A5,5,17.85,0,89.25,14.45,34.64,Bank Transfer,2024,9,September,3,89.25,0.3881232492997199,0.16190476190476188,0.0,89.25,74.8,Medium,Profitable,No Discount
ORD-11440,2024-09-24,Wei Patel,Corporate,Colombia,South America,Technology,Tablet Stand Holder,5,18.67,5,88.68,14.38,22.96,Cash on Delivery,2024,9,September,3,88.68,0.2589084348218313,0.16215606675687866,4.6675,93.35000000000001,74.30000000000001,Medium,Profitable,Low
ORD-11573,2024-09-24,Mia Chen,Consumer,Spain,Europe,Technology,Wireless Bluetooth Headphones,2,83.77,15,142.41,8.05,42.21,Credit Card,2024,9,September,3,142.41,0.2963977248788709,0.056526929288673554,25.130999999999997,167.54,134.35999999999999,Low,Profitable,Medium
ORD-11870,2024-09-25,Isabella Jones,Corporate,Spain,Europe,Technology,Wireless Ergonomic Mouse,4,48.97,20,156.7,10.82,38.15,Credit Card,2024,9,September,3,156.7,0.24345883854499042,0.06904913848117422,39.176,195.88,145.88,Medium,Profitable,Medium
ORD-11920,2024-09-26,Pierre Jones,Corporate,United Kingdom,Europe,Clothing & Accessories,Sports Water Bottle 750ml,1,29.28,15,24.89,9.4,0.85,Credit Card,2024,9,September,3,24.89,0.034150261149055845,0.37766171153073524,4.392,29.28,15.49,Low,Profitable,Medium
ORD-10106,2024-09-27,Karen Ali,Consumer,India,Asia Pacific,Clothing & Accessories,Polarized Sunglasses,4,26.0,0,104.0,15.47,36.53,PayPal,2024,9,September,3,104.0,0.35125,0.14875,0.0,104.0,88.53,Medium,Profitable,No Discount
ORD-11522,2024-09-27,Amir Anderson,Corporate,United Kingdom,Europe,Technology,Smart LED Desk Lamp,4,31.83,5,120.95,12.01,38.91,Bank Transfer,2024,9,September,3,120.95,0.3217031831335262,0.0992972302604382,6.366,127.32,108.94,Medium,Profitable,Low
ORD-10223,2024-09-28,Jennifer Yamamoto,Consumer,France,Europe,Furniture,Floating Wall Shelves Set,2,61.97,0,123.94,11.14,38.44,Bank Transfer,2024,9,September,3,123.94,0.3101500726157818,0.08988220106503148,0.0,123.94,112.8,Low,Profitable,No Discount
ORD-11955,2024-09-28,Olivia Jones,Consumer,United Kingdom,Europe,Furniture,Desk Organizer Set,6,47.45,5,270.47,21.01,78.64,Credit Card,2024,9,September,3,270.47,0.29075313343439196,0.07767959477945797,14.235000000000003,284.70000000000005,249.46000000000004,High,Profitable,Low
ORD-10258,2024-09-29,Mia Santos,Consumer,Japan,Asia Pacific,Office Supplies,Binder Clips Assorted 48pc,6,6.49,15,33.1,12.35,3.23,Credit Card,2024,9,September,3,33.1,0.09758308157099697,0.37311178247734134,5.840999999999999,38.94,20.75,High,Profitable,Medium
ORD-10879,2024-09-29,Carlos Patel,Corporate,UAE,Middle East & Africa,Technology,Webcam HD 1080p,3,37.06,20,88.94,13.02,14.77,Cash on Delivery,2024,9,September,3,88.94,0.16606701146840566,0.1463908252754666,22.236000000000004,111.18,75.92,Medium,Profitable,Medium
ORD-11947,2024-09-30,Olivia Johnson,Corporate,Brazil,South America,Technology,Mechanical Gaming Keyboard,1,165.01,10,148.51,11.03,46.72,PayPal,2024,9,September,3,148.51,0.3145916099925931,0.07427109285569995,16.501,165.01,137.48,Low,Profitable,Low
ORD-11826,2024-10-01,Robert Leroy,Home Office,France,Europe,Clothing & Accessories,Polarized Sunglasses,3,66.59,5,189.78,13.14,76.75,Credit Card,2024,10,October,4,189.78,0.40441563916113393,0.069238065128043,9.988500000000002,199.77,176.64,Medium,Profitable,Low
ORD-10296,2024-10-02,Michael Tanaka,Consumer,Colombia,South America,Clothing & Accessories,Business Casual Blazer,1,41.43,10,37.29,12.06,4.51,Cash on Delivery,2024,10,October,4,37.29,0.12094395280235988,0.3234111021721641,4.143,41.43,25.229999999999997,Low,Profitable,Low
ORD-11399,2024-10-02,Thomas Chen,Home Office,Mexico,North America,Furniture,Mesh Back Task Chair,1,160.45,5,152.43,5.89,50.27,PayPal,2024,10,October,4,152.43,0.3297907236108378,0.038640687528701693,8.022499999999999,160.45,146.54000000000002,Low,Profitable,Low
ORD-10312,2024-10-03,Lucas Nilsson,Consumer,United Kingdom,Europe,Technology,Mechanical Gaming Keyboard,4,142.59,0,570.36,11.88,244.78,PayPal,2024,10,October,4,570.36,0.42916754330598217,0.020828950136755734,0.0,570.36,558.48,Medium,Profitable,No Discount
ORD-10512,2024-10-03,Omar Dubois,Home Office,Spain,Europe,Technology,Smart LED Desk Lamp,3,37.56,10,101.41,11.79,27.65,Cash on Delivery,2024,10,October,4,101.41,0.2726555566512178,0.11626072379449758,11.268,112.68,89.62,Medium,Profitable,Low
ORD-10767,2024-10-03,Omar Thompson,Consumer,United Kingdom,Europe,Furniture,Ergonomic Office Chair,4,287.66,5,1093.11,15.79,386.94,Cash on Delivery,2024,10,October,4,1093.11,0.3539808436479403,0.014445023831087448,57.53200000000001,1150.64,1077.32,Medium,Profitable,Low
ORD-11092,2024-10-03,Raj Thompson,Home Office,China,Asia Pacific,Clothing & Accessories,Wool Blend Scarf,3,55.82,5,159.09,12.34,63.02,Bank Transfer,2024,10,October,4,159.09,0.39612797787415926,0.07756615752090011,8.373000000000001,167.46,146.75,Medium,Profitable,Low
ORD-11797,2024-10-03,Hanna Sato,Consumer,United States,North America,Office Supplies,Sticky Notes Multicolor 6-Pack,6,7.06,20,33.89,9.61,5.22,Bank Transfer,2024,10,October,4,33.89,0.1540277367955149,0.28356447329595746,8.472,42.36,24.28,High,Profitable,Medium
ORD-10517,2024-10-04,Diego Johansson,Consumer,UAE,Middle East & Africa,Office Supplies,Ballpoint Pen Pack 12,2,16.71,5,31.75,14.63,2.08,Credit Card,2024,10,October,4,31.75,0.06551181102362205,0.4607874015748032,1.6710000000000003,33.42,17.119999999999997,Low,Profitable,Low
ORD-10999,2024-10-04,Layla Romano,Corporate,China,Asia Pacific,Office Supplies,Tape Dispenser Heavy Duty,10,8.48,10,76.32,21.04,17.12,PayPal,2024,10,October,4,76.32,0.22431865828092246,0.2756813417190776,8.480000000000002,84.80000000000001,55.279999999999994,High,Profitable,Low
ORD-11749,2024-10-04,Ivan Williams,Corporate,India,Asia Pacific,Technology,Portable External SSD 1TB,5,113.75,5,540.31,19.74,207.76,Bank Transfer,2024,10,October,4,540.31,0.38451999777905277,0.036534581999222666,28.4375,568.75,520.5699999999999,Medium,Profitable,Low
ORD-11228,2024-10-05,Sakura Thomas,Consumer,United States,North America,Furniture,Bookshelf 5-Tier,8,88.37,5,671.61,16.48,230.95,Cash on Delivery,2024,10,October,4,671.61,0.3438751656467295,0.024538050356605768,35.348000000000006,706.96,655.13,High,Profitable,Low
ORD-10412,2024-10-06,Nadia Taylor,Corporate,South Africa,Middle East & Africa,Office Supplies,Paper Clips Box 500pc,3,5.9,5,16.82,15.21,-6.36,Cash on Delivery,2024,10,October,4,16.82,-0.37812128418549346,0.904280618311534,0.8850000000000002,17.700000000000003,1.6099999999999994,Medium,Loss-Making,Low
ORD-10504,2024-10-06,John Suzuki,Home Office,Canada,North America,Clothing & Accessories,Leather Wallet Minimalist,1,37.98,10,34.18,7.22,7.97,Credit Card,2024,10,October,4,34.18,0.2331772966647162,0.211234640140433,3.798,37.98,26.96,Low,Profitable,Low
ORD-10988,2024-10-06,Oscar Martinez,Corporate,Colombia,South America,Clothing & Accessories,Travel Backpack 30L,5,34.24,10,154.08,20.25,48.23,Credit Card,2024,10,October,4,154.08,0.3130192107995846,0.1314252336448598,17.12,171.20000000000002,133.83,Medium,Profitable,Low
ORD-11136,2024-10-06,Emma Müller,Consumer,Italy,Europe,Clothing & Accessories,Travel Backpack 30L,1,99.45,15,84.53,7.83,26.98,Credit Card,2024,10,October,4,84.53,0.3191766236838992,0.09262983556133916,14.9175,99.45,76.7,Low,Profitable,Medium
ORD-11883,2024-10-06,Mia Costa,Consumer,Germany,Europe,Technology,Smart LED Desk Lamp,10,53.93,5,512.33,19.66,196.06,Cash on Delivery,2024,10,October,4,512.33,0.3826830363242441,0.0383737044483048,26.965,539.3,492.67,High,Profitable,Low
ORD-10119,2024-10-08,Zara Thomas,Consumer,United States,North America,Clothing & Accessories,Sports Water Bottle 750ml,6,16.76,5,95.53,8.44,36.81,PayPal,2024,10,October,4,95.53,0.3853239819951848,0.08834920967235423,5.0280000000000005,100.56,87.09,High,Profitable,Low
ORD-10021,2024-10-09,Giulia Yamamoto,Consumer,Australia,Asia Pacific,Clothing & Accessories,Cotton Formal Shirt,4,20.47,10,73.69,11.8,20.95,PayPal,2024,10,October,4,73.69,0.28429909078572396,0.1601302754783553,8.188,81.88,61.89,Medium,Profitable,Low
ORD-10663,2024-10-09,Hans Miller,Consumer,Italy,Europe,Technology,Portable External SSD 1TB,3,135.35,5,385.75,12.11,150.31,Credit Card,2024,10,October,4,385.75,0.38965651328580686,0.03139338950097213,20.3025,406.04999999999995,373.64,Medium,Profitable,Low
ORD-11018,2024-10-09,Liam Schmidt,Consumer,Australia,Asia Pacific,Office Supplies,Stapler Full-Size,4,13.9,0,55.6,11.78,18.8,Credit Card,2024,10,October,4,55.6,0.3381294964028777,0.21187050359712228,0.0,55.6,43.82,Medium,Profitable,No Discount
ORD-11739,2024-10-09,Olivia Sharma,Consumer,Mexico,North America,Technology,Wireless Bluetooth Headphones,4,58.38,0,233.52,13.39,91.69,PayPal,2024,10,October,4,233.52,0.3926430284343953,0.05733984241178486,0.0,233.52,220.13,Medium,Profitable,No Discount
ORD-11774,2024-10-09,John Wang,Home Office,Australia,Asia Pacific,Clothing & Accessories,Sports Water Bottle 750ml,2,21.81,10,39.26,12.21,5.24,Bank Transfer,2024,10,October,4,39.26,0.13346917982679574,0.3110035659704534,4.362,43.62,27.049999999999997,Low,Profitable,Low
ORD-11881,2024-10-09,Mia Jones,Home Office,France,Europe,Clothing & Accessories,Silk Tie Collection,8,48.56,5,369.06,24.35,150.47,PayPal,2024,10,October,4,369.06,0.40771148322765943,0.0659784316913239,19.424000000000003,388.48,344.71,High,Profitable,Low
ORD-11965,2024-10-09,Layla Patel,Consumer,Mexico,North America,Furniture,Corner L-Shaped Desk,1,371.21,10,334.09,5.6,105.76,Credit Card,2024,10,October,4,334.09,0.316561405609267,0.016761950372654075,37.121,371.21,328.48999999999995,Low,Profitable,Low
ORD-10520,2024-10-10,Linda Weber,Corporate,Japan,Asia Pacific,Furniture,Corner L-Shaped Desk,10,345.3,20,2762.4,32.74,657.86,Credit Card,2024,10,October,4,2762.4,0.23814798725745728,0.011852012742542717,690.6,3453.0,2729.6600000000003,High,Profitable,Medium
ORD-10877,2024-10-10,Yuki Sharma,Corporate,Mexico,North America,Clothing & Accessories,Leather Belt Classic,3,51.23,25,115.27,9.6,28.82,Cash on Delivery,2024,10,October,4,115.27,0.2500216882102889,0.08328272750932593,38.4225,153.69,105.67,Medium,Profitable,High
ORD-11475,2024-10-10,Maria Yamamoto,Consumer,China,Asia Pacific,Furniture,Monitor Riser Wood,8,35.17,5,267.29,25.72,72.75,Credit Card,2024,10,October,4,267.29,0.2721762879269707,0.09622507388978262,14.068000000000001,281.36,241.57000000000002,High,Profitable,Low
ORD-10523,2024-10-11,Omar Jackson,Home Office,Canada,North America,Clothing & Accessories,Polarized Sunglasses,2,66.94,0,133.88,9.12,57.82,PayPal,2024,10,October,4,133.88,0.4318792948909471,0.06812070510905288,0.0,133.88,124.75999999999999,Low,Profitable,No Discount
ORD-10833,2024-10-11,Michael Ferrari,Consumer,Italy,Europe,Technology,Tablet Stand Holder,1,26.72,0,26.72,9.04,2.98,Credit Card,2024,10,October,4,26.72,0.11152694610778444,0.3383233532934132,0.0,26.72,17.68,Low,Profitable,No Discount
ORD-10871,2024-10-11,Nadia Wang,Consumer,Spain,Europe,Furniture,Folding Table Portable,9,115.8,20,833.76,26.5,181.94,Bank Transfer,2024,10,October,4,833.76,0.21821627326808674,0.03178372673191326,208.44000000000003,1042.2,807.26,High,Profitable,Medium
ORD-11209,2024-10-11,Nadia Martinez,Corporate,Mexico,North America,Office Supplies,Paper Clips Box 500pc,2,9.28,20,14.85,8.04,-1.54,Credit Card,2024,10,October,4,14.85,-0.10370370370370371,0.5414141414141413,3.7119999999999997,18.56,6.8100000000000005,Low,Loss-Making,Medium
ORD-11542,2024-10-11,Raj Schmidt,Consumer,China,Asia Pacific,Office Supplies,Premium Notebook Set A5,3,17.78,0,53.34,13.47,15.87,Credit Card,2024,10,October,4,53.34,0.2975253093363329,0.2525309336332958,0.0,53.34,39.870000000000005,Medium,Profitable,No Discount
ORD-11783,2024-10-13,Li Miller,Consumer,United Kingdom,Europe,Furniture,Ergonomic Office Chair,4,275.12,5,1045.46,13.94,371.23,PayPal,2024,10,October,4,1045.46,0.35508771258584737,0.013333843475599258,55.024,1100.48,1031.52,Medium,Profitable,Low
ORD-11994,2024-10-13,Richard Santos,Consumer,India,Asia Pacific,Technology,Webcam HD 1080p,5,53.38,10,240.21,11.59,81.82,Bank Transfer,2024,10,October,4,240.21,0.34061862536946835,0.04824944839931726,26.690000000000005,266.90000000000003,228.62,Medium,Profitable,Low
ORD-10391,2024-10-14,Jessica Taylor,Consumer,UAE,Middle East & Africa,Clothing & Accessories,Polarized Sunglasses,2,77.59,10,139.66,15.29,46.78,PayPal,2024,10,October,4,139.66,0.3349563224974939,0.10948016611771444,15.518,155.18,124.37,Low,Profitable,Low
ORD-11714,2024-10-14,Wei Li,Consumer,China,Asia Pacific,Office Supplies,Highlighters Neon Pack 6,6,7.0,5,39.9,18.09,2.91,Credit Card,2024,10,October,4,39.9,0.07293233082706768,0.45338345864661656,2.1,42.0,21.81,High,Profitable,Low
ORD-11851,2024-10-14,Patricia Santos,Home Office,China,Asia Pacific,Clothing & Accessories,Leather Wallet Minimalist,1,61.38,10,55.24,10.68,13.87,Cash on Delivery,2024,10,October,4,55.24,0.251086169442433,0.19333816075307747,6.138000000000001,61.38,44.56,Low,Profitable,Low
ORD-10162,2024-10-15,Linda Rodriguez,Corporate,Mexico,North America,Office Supplies,Whiteboard Markers Set 8,7,9.79,30,47.97,15.8,1.33,PayPal,2024,10,October,4,47.97,0.027725661872003336,0.32937252449447574,20.559,68.53,32.17,High,Profitable,High
ORD-10416,2024-10-15,Wei Khan,Consumer,Mexico,North America,Office Supplies,Ballpoint Pen Pack 12,1,8.54,0,8.54,7.42,-2.72,PayPal,2024,10,October,4,8.54,-0.31850117096018743,0.8688524590163935,0.0,8.54,1.1199999999999992,Low,Loss-Making,No Discount
ORD-10038,2024-10-16,Kenji Jones,Corporate,Canada,North America,Clothing & Accessories,Cotton Formal Shirt,1,26.92,15,22.88,6.91,2.51,Credit Card,2024,10,October,4,22.88,0.1097027972027972,0.30201048951048953,4.038,26.92,15.969999999999999,Low,Profitable,Medium
ORD-10168,2024-10-17,Isabella Schmidt,Consumer,Argentina,South America,Clothing & Accessories,Wool Blend Scarf,1,29.08,15,24.72,11.98,-1.8,Credit Card,2024,10,October,4,24.72,-0.07281553398058253,0.4846278317152104,4.361999999999999,29.08,12.739999999999998,Low,Loss-Making,Medium
ORD-10580,2024-10-17,Maria Johnson,Corporate,United States,North America,Technology,Webcam HD 1080p,9,45.48,20,327.46,10.43,91.9,Credit Card,2024,10,October,4,327.46,0.2806449642704453,0.03185121846943138,81.864,409.32,317.03,High,Profitable,Medium
ORD-11269,2024-10-17,Sophie Johansson,Corporate,Saudi Arabia,Middle East & Africa,Office Supplies,Paper Clips Box 500pc,1,4.87,15,4.14,12.43,-10.48,Bank Transfer,2024,10,October,4,4.14,-2.531400966183575,3.002415458937198,0.7305,4.87,-8.29,Low,Loss-Making,Medium
ORD-11341,2024-10-18,Li Müller,Corporate,Japan,Asia Pacific,Technology,Tablet Stand Holder,3,19.93,25,44.84,13.57,-1.61,Credit Card,2024,10,October,4,44.84,-0.03590544157002676,0.3026315789473684,14.9475,59.79,31.270000000000003,Medium,Loss-Making,High
ORD-10939,2024-10-19,Lucas Park,Consumer,Saudi Arabia,Middle East & Africa,Furniture,Corner L-Shaped Desk,1,239.53,25,179.65,12.02,23.91,PayPal,2024,10,October,4,179.65,0.13309212357361536,0.06690787642638463,59.8825,239.53,167.63,Low,Profitable,High
ORD-11623,2024-10-19,Ivan Romano,Consumer,China,Asia Pacific,Office Supplies,Stapler Full-Size,1,17.33,25,13.0,11.28,-6.08,Credit Card,2024,10,October,4,13.0,-0.4676923076923077,0.8676923076923077,4.3325,17.33,1.7200000000000006,Low,Loss-Making,High
ORD-11874,2024-10-19,Thomas Johnson,Corporate,United States,North America,Furniture,Ergonomic Office Chair,1,292.37,15,248.51,5.62,67.47,Credit Card,2024,10,October,4,248.51,0.2714981288479337,0.02261478411331536,43.8555,292.37,242.89,Low,Profitable,Medium
ORD-11864,2024-10-21,Zara Hassan,Consumer,United States,North America,Office Supplies,Desk Calendar 2025,1,13.36,0,13.36,7.32,0.03,Credit Card,2024,10,October,4,13.36,0.002245508982035928,0.5479041916167665,0.0,13.36,6.039999999999999,Low,Profitable,No Discount
ORD-10540,2024-10-23,Thomas Jackson,Home Office,South Africa,Middle East & Africa,Office Supplies,Ballpoint Pen Pack 12,3,12.11,0,36.33,14.03,5.95,Credit Card,2024,10,October,4,36.33,0.16377649325626206,0.3861822185521607,0.0,36.33,22.299999999999997,Medium,Profitable,No Discount
ORD-11054,2024-10-23,Ingrid Martinez,Home Office,Canada,North America,Furniture,Mesh Back Task Chair,5,94.04,5,446.69,14.2,150.37,PayPal,2024,10,October,4,446.69,0.33663166849492937,0.03178938413664958,23.510000000000005,470.20000000000005,432.49,Medium,Profitable,Low
ORD-10443,2024-10-24,Elizabeth Patel,Consumer,Argentina,South America,Technology,Laptop Stand Adjustable,1,40.25,5,38.24,12.49,3.61,Credit Card,2024,10,October,4,38.24,0.09440376569037656,0.3266213389121339,2.0125,40.25,25.75,Low,Profitable,Low
ORD-10449,2024-10-24,Susan Patel,Corporate,Italy,Europe,Technology,Tablet Stand Holder,2,24.54,15,41.72,10.57,4.16,PayPal,2024,10,October,4,41.72,0.09971236816874401,0.2533557046979866,7.361999999999999,49.08,31.15,Low,Profitable,Medium
ORD-11822,2024-10-25,Hanna Thomas,Corporate,Germany,Europe,Technology,Portable External SSD 1TB,2,96.97,15,164.85,8.99,49.19,PayPal,2024,10,October,4,164.85,0.2983924780103124,0.05453442523506218,29.090999999999998,193.94,155.85999999999999,Low,Profitable,Medium
ORD-11836,2024-10-25,Richard Jackson,Home Office,United Kingdom,Europe,Office Supplies,Ballpoint Pen Pack 12,7,16.12,15,95.91,12.12,33.01,Cash on Delivery,2024,10,October,4,95.91,0.3441768324470858,0.12636847044103847,16.926,112.84,83.78999999999999,High,Profitable,Medium
ORD-10453,2024-10-26,Olivia Nilsson,Home Office,Australia,Asia Pacific,Technology,Tablet Stand Holder,2,36.84,20,58.94,10.85,7.57,Credit Card,2024,10,October,4,58.94,0.1284356973193078,0.1840855106888361,14.736000000000002,73.68,48.089999999999996,Low,Profitable,Medium
ORD-10707,2024-10-26,Giulia Li,Consumer,South Africa,Middle East & Africa,Clothing & Accessories,Business Casual Blazer,1,130.63,20,104.5,11.85,27.34,Cash on Delivery,2024,10,October,4,104.5,0.2616267942583732,0.11339712918660287,26.126,130.63,92.65,Low,Profitable,Medium
ORD-11037,2024-10-26,Fatima Williams,Corporate,Italy,Europe,Clothing & Accessories,Polarized Sunglasses,7,46.74,10,294.46,12.49,118.38,Bank Transfer,2024,10,October,4,294.46,0.40202404401276914,0.04241662704611832,32.718,327.18,281.96999999999997,High,Profitable,Low
ORD-11807,2024-10-26,Amina Harris,Consumer,United States,North America,Technology,Laptop Stand Adjustable,2,38.76,5,73.64,6.68,24.32,Credit Card,2024,10,October,4,73.64,0.3302552960347637,0.09071156979902227,3.876,77.52,66.96000000000001,Low,Profitable,Low
ORD-10088,2024-10-27,David Rodriguez,Consumer,South Korea,Asia Pacific,Furniture,Folding Table Portable,3,87.75,10,236.93,11.1,67.88,Bank Transfer,2024,10,October,4,236.93,0.28649812180812895,0.046849280378170766,26.325000000000003,263.25,225.83,Medium,Profitable,Low
ORD-10693,2024-10-27,Hanna Weber,Corporate,China,Asia Pacific,Office Supplies,Binder Clips Assorted 48pc,8,10.52,20,67.33,19.22,10.24,Credit Card,2024,10,October,4,67.33,0.1520867369671766,0.2854596762215951,16.832,84.16,48.11,High,Profitable,Medium
ORD-10912,2024-10-27,William Ferrari,Corporate,United Kingdom,Europe,Office Supplies,Desk Calendar 2025,3,13.97,0,41.91,10.72,12.33,Bank Transfer,2024,10,October,4,41.91,0.294201861130995,0.2557862085421141,0.0,41.910000000000004,31.189999999999998,Medium,Profitable,No Discount
ORD-11170,2024-10-27,Ava Miller,Consumer,China,Asia Pacific,Technology,Webcam HD 1080p,5,51.41,5,244.2,16.43,86.39,PayPal,2024,10,October,4,244.2,0.3537674037674038,0.06728091728091729,12.8525,257.04999999999995,227.76999999999998,Medium,Profitable,Low
ORD-11627,2024-10-27,Giulia Brown,Consumer,Spain,Europe,Technology,Tablet Stand Holder,4,23.76,0,95.04,14.61,28.16,Cash on Delivery,2024,10,October,4,95.04,0.2962962962962963,0.15372474747474746,0.0,95.04,80.43,Medium,Profitable,No Discount
ORD-11615,2024-10-28,Marco Rodriguez,Consumer,Australia,Asia Pacific,Clothing & Accessories,Silk Tie Collection,1,47.84,5,45.45,11.34,10.19,PayPal,2024,10,October,4,45.45,0.22420242024202416,0.24950495049504948,2.3920000000000003,47.84,34.11,Low,Profitable,Low
ORD-11267,2024-10-29,Li Rossi,Corporate,Brazil,South America,Technology,USB-C Hub Multiport Adapter,3,45.95,15,117.17,15.95,25.4,Cash on Delivery,2024,10,October,4,117.17,0.2167790390031578,0.13612699496458136,20.677500000000002,137.85000000000002,101.22,Medium,Profitable,Medium
ORD-11455,2024-10-29,Omar Thomas,Consumer,Italy,Europe,Clothing & Accessories,Sports Water Bottle 750ml,7,16.16,0,113.12,13.07,43.49,Bank Transfer,2024,10,October,4,113.12,0.38445898161244696,0.11554101838755304,0.0,113.12,100.05000000000001,High,Profitable,No Discount
ORD-10659,2024-10-30,Barbara Miller,Consumer,China,Asia Pacific,Clothing & Accessories,Canvas Messenger Bag,2,39.32,5,74.71,13.59,21.8,Credit Card,2024,10,October,4,74.71,0.29179494043635396,0.18190335965734172,3.9320000000000004,78.64,61.11999999999999,Low,Profitable,Low
ORD-10944,2024-10-30,Mary White,Consumer,United States,North America,Furniture,Filing Cabinet 3-Drawer,3,210.89,5,601.04,11.78,209.66,Cash on Delivery,2024,10,October,4,601.04,0.3488286969253294,0.019599361107413817,31.633499999999998,632.67,589.26,Medium,Profitable,Low
ORD-11319,2024-10-30,Raj Sato,Corporate,Brazil,South America,Office Supplies,Binder Clips Assorted 48pc,9,11.89,10,96.31,25.6,22.56,PayPal,2024,10,October,4,96.31,0.2342435884124182,0.26580832727650294,10.701,107.01,70.71000000000001,High,Profitable,Low
ORD-10217,2024-10-31,Layla Garcia,Corporate,United States,North America,Furniture,Standing Desk Converter,2,177.54,25,266.31,6.95,46.31,Credit Card,2024,10,October,4,266.31,0.17389508467575382,0.026097405279561413,88.77,355.08,259.36,Low,Profitable,High
ORD-10621,2024-10-31,David Schmidt,Consumer,Germany,Europe,Clothing & Accessories,Polarized Sunglasses,12,42.25,0,507.0,23.04,230.46,Bank Transfer,2024,10,October,4,507.0,0.4545562130177515,0.04544378698224852,0.0,507.0,483.96,High,Profitable,No Discount
ORD-10765,2024-10-31,Priya Sato,Consumer,Spain,Europe,Office Supplies,Sticky Notes Multicolor 6-Pack,2,10.34,10,18.61,11.42,-2.12,Cash on Delivery,2024,10,October,4,18.61,-0.1139172487909726,0.6136485760343902,2.068,20.68,7.1899999999999995,Low,Loss-Making,Low
ORD-11451,2024-10-31,Carlos Davis,Home Office,Australia,Asia Pacific,Furniture,Floating Wall Shelves Set,2,54.34,10,97.81,11.65,20.95,Credit Card,2024,10,October,4,97.81,0.2141907780390553,0.11910847561599018,10.868000000000002,108.68,86.16,Low,Profitable,Low
ORD-11502,2024-10-31,Fatima Singh,Corporate,UAE,Middle East & Africa,Clothing & Accessories,Cotton Formal Shirt,12,61.78,5,704.29,20.35,313.26,PayPal,2024,10,October,4,704.29,0.44478836842777836,0.028894347498899603,37.068000000000005,741.36,683.9399999999999,High,Profitable,Low
ORD-11716,2024-10-31,Barbara Moreau,Home Office,South Africa,Middle East & Africa,Office Supplies,Desk Calendar 2025,2,17.35,0,34.7,14.15,4.94,PayPal,2024,10,October,4,34.7,0.14236311239193083,0.40778097982708933,0.0,34.7,20.550000000000004,Low,Profitable,No Discount
ORD-11618,2024-11-01,Christopher Fischer,Consumer,United Kingdom,Europe,Office Supplies,Highlighters Neon Pack 6,2,8.29,0,16.58,8.77,0.35,PayPal,2024,11,November,4,16.58,0.021109770808202654,0.528950542822678,0.0,16.58,7.809999999999999,Low,Profitable,No Discount
ORD-11146,2024-11-02,James Harris,Consumer,India,Asia Pacific,Furniture,Floating Wall Shelves Set,5,83.62,5,397.19,12.72,133.61,PayPal,2024,11,November,4,397.19,0.3363881265892898,0.03202497545255419,20.905,418.1,384.46999999999997,Medium,Profitable,Low
ORD-11252,2024-11-02,Layla Garcia,Consumer,France,Europe,Technology,Mechanical Gaming Keyboard,2,144.76,15,246.09,11.27,75.58,PayPal,2024,11,November,4,246.09,0.3071234101345036,0.04579625340322646,43.428,289.52,234.82,Low,Profitable,Medium
ORD-10389,2024-11-05,Ingrid Sato,Consumer,Canada,North America,Furniture,Bookshelf 5-Tier,1,88.95,5,84.5,7.1,24.03,Cash on Delivery,2024,11,November,4,84.5,0.28437869822485207,0.08402366863905325,4.447500000000001,88.95,77.4,Low,Profitable,Low
ORD-10405,2024-11-05,Zara Fischer,Consumer,India,Asia Pacific,Furniture,Floating Wall Shelves Set,1,44.69,0,44.69,10.64,7.24,Cash on Delivery,2024,11,November,4,44.69,0.1620049228015216,0.23808458268068922,0.0,44.69,34.05,Low,Profitable,No Discount
ORD-10539,2024-11-05,Chen Patel,Home Office,Japan,Asia Pacific,Clothing & Accessories,Travel Backpack 30L,2,106.07,10,190.93,12.94,71.92,Cash on Delivery,2024,11,November,4,190.93,0.3766825538155345,0.06777352956580945,21.214,212.14,177.99,Low,Profitable,Low
ORD-10924,2024-11-05,Sakura Ahmed,Corporate,United Kingdom,Europe,Furniture,Monitor Riser Wood,3,55.43,15,141.35,13.74,27.84,Cash on Delivery,2024,11,November,4,141.35,0.19695790590732226,0.09720551821719138,24.943499999999997,166.29,127.61,Medium,Profitable,Medium
ORD-11853,2024-11-05,Elizabeth Johnson,Home Office,Canada,North America,Technology,Laptop Stand Adjustable,7,58.73,0,411.11,19.17,165.83,Bank Transfer,2024,11,November,4,411.11,0.40337136046313643,0.04662985575636691,0.0,411.10999999999996,391.94,High,Profitable,No Discount
ORD-10061,2024-11-06,Ethan Sato,Consumer,China,Asia Pacific,Furniture,Corner L-Shaped Desk,9,215.11,15,1645.59,23.4,460.6,PayPal,2024,11,November,4,1645.59,0.2798996104740549,0.014219823892950248,290.3985,1935.9900000000002,1622.1899999999998,High,Profitable,Medium
ORD-10014,2024-11-07,Elizabeth Wang,Corporate,United States,North America,Technology,Mechanical Gaming Keyboard,3,86.2,10,232.74,10.84,79.67,Cash on Delivery,2024,11,November,4,232.74,0.3423133109908052,0.0465755778980837,25.860000000000003,258.6,221.9,Medium,Profitable,Low
ORD-10865,2024-11-07,Mia Laurent,Corporate,Germany,Europe,Clothing & Accessories,Leather Belt Classic,4,21.57,10,77.65,11.54,22.97,Credit Card,2024,11,November,4,77.65,0.29581455247907273,0.1486155827430779,8.628,86.28,66.11000000000001,Medium,Profitable,Low
ORD-11296,2024-11-07,Linda Thompson,Consumer,France,Europe,Office Supplies,Premium Notebook Set A5,5,20.84,0,104.2,15.39,41.92,PayPal,2024,11,November,4,104.2,0.4023032629558541,0.14769673704414588,0.0,104.2,88.81,Medium,Profitable,No Discount
ORD-10193,2024-11-08,Fatima Zhang,Consumer,United States,North America,Office Supplies,Highlighters Neon Pack 6,2,6.32,0,12.64,8.56,-1.61,PayPal,2024,11,November,4,12.64,-0.127373417721519,0.6772151898734178,0.0,12.64,4.08,Low,Loss-Making,No Discount
ORD-10433,2024-11-09,Mary Fischer,Consumer,Colombia,South America,Furniture,Monitor Riser Wood,1,40.91,20,32.73,12.0,-3.82,Bank Transfer,2024,11,November,4,32.73,-0.11671249618087383,0.3666361136571953,8.182,40.91,20.729999999999997,Low,Loss-Making,Medium
ORD-10638,2024-11-09,Hanna Sharma,Home Office,China,Asia Pacific,Furniture,Filing Cabinet 3-Drawer,8,171.68,10,1236.1,16.97,395.07,PayPal,2024,11,November,4,1236.1,0.31961006391068686,0.013728662729552626,137.34400000000002,1373.44,1219.1299999999999,High,Profitable,Low
ORD-10785,2024-11-09,Ayumi Laurent,Consumer,Argentina,South America,Furniture,Mesh Back Task Chair,2,288.51,0,577.02,13.32,217.49,Bank Transfer,2024,11,November,4,577.02,0.37691934421683826,0.02308412186752626,0.0,577.02,563.6999999999999,Low,Profitable,No Discount
ORD-10794,2024-11-09,Noah Ferrari,Consumer,Canada,North America,Clothing & Accessories,Cotton Formal Shirt,4,57.02,10,205.27,7.42,83.81,Credit Card,2024,11,November,4,205.27,0.4082915184878453,0.036147513031616896,22.808000000000003,228.08,197.85000000000002,Medium,Profitable,Low
ORD-11629,2024-11-09,Thomas Costa,Consumer,Italy,Europe,Clothing & Accessories,Leather Wallet Minimalist,3,58.15,5,165.73,14.36,64.14,PayPal,2024,11,November,4,165.73,0.3870150244373379,0.08664695589211369,8.7225,174.45,151.37,Medium,Profitable,Low
ORD-11790,2024-11-09,Wei Wang,Consumer,Japan,Asia Pacific,Office Supplies,Paper Clips Box 500pc,14,7.5,0,105.0,20.9,36.85,Credit Card,2024,11,November,4,105.0,0.35095238095238096,0.19904761904761903,0.0,105.0,84.1,High,Profitable,No Discount
ORD-10120,2024-11-10,Ali Hassan,Home Office,Mexico,North America,Technology,Webcam HD 1080p,2,56.22,5,106.82,9.83,35.15,Credit Card,2024,11,November,4,106.82,0.3290582287961056,0.09202396554952257,5.622,112.44,96.99,Low,Profitable,Low
ORD-10415,2024-11-13,Layla Williams,Corporate,Japan,Asia Pacific,Furniture,Ergonomic Office Chair,5,186.09,15,790.88,11.72,220.89,Bank Transfer,2024,11,November,4,790.88,0.279296479870524,0.014818935868905524,139.5675,930.45,779.16,Medium,Profitable,Medium
ORD-10633,2024-11-13,Wei Moreau,Consumer,Germany,Europe,Technology,Smart LED Desk Lamp,1,57.7,0,57.7,7.94,18.02,PayPal,2024,11,November,4,57.7,0.31230502599653376,0.13760831889081457,0.0,57.7,49.760000000000005,Low,Profitable,No Discount
ORD-10715,2024-11-14,Hans Miller,Home Office,United States,North America,Technology,Laptop Stand Adjustable,4,74.26,0,297.04,11.24,122.43,PayPal,2024,11,November,4,297.04,0.4121667115539995,0.03784002154591974,0.0,297.04,285.8,Medium,Profitable,No Discount
ORD-11371,2024-11-15,Omar Yamamoto,Home Office,France,Europe,Technology,Wireless Ergonomic Mouse,4,66.35,5,252.13,12.59,93.57,Credit Card,2024,11,November,4,252.13,0.3711180740094396,0.04993455756950779,13.27,265.4,239.54,Medium,Profitable,Low
ORD-11223,2024-11-16,Nadia Dubois,Consumer,United States,North America,Clothing & Accessories,Business Casual Blazer,1,45.27,5,43.01,6.72,13.65,Credit Card,2024,11,November,4,43.01,0.317368053940944,0.15624273424784935,2.2635,45.27,36.29,Low,Profitable,Low
ORD-11617,2024-11-16,Felix Romano,Corporate,Mexico,North America,Office Supplies,Sticky Notes Multicolor 6-Pack,2,6.86,0,13.72,8.1,-0.55,Bank Transfer,2024,11,November,4,13.72,-0.04008746355685131,0.5903790087463556,0.0,13.72,5.620000000000001,Low,Loss-Making,No Discount
ORD-10150,2024-11-17,Zara Williams,Consumer,Japan,Asia Pacific,Technology,Noise Cancelling Earbuds,7,123.89,0,867.23,19.56,370.69,Credit Card,2024,11,November,4,867.23,0.42744139386321967,0.02255457029853672,0.0,867.23,847.6700000000001,High,Profitable,No Discount
ORD-10151,2024-11-17,Joseph Ali,Consumer,France,Europe,Office Supplies,Stapler Full-Size,1,15.77,10,14.19,8.78,-1.69,PayPal,2024,11,November,4,14.19,-0.11909795630725864,0.6187455954897815,1.577,15.77,5.41,Low,Loss-Making,Low
ORD-10400,2024-11-17,Ahmed Tanaka,Corporate,United States,North America,Office Supplies,Desk Calendar 2025,1,8.27,15,7.03,5.6,-2.29,Credit Card,2024,11,November,4,7.03,-0.3257467994310099,0.7965860597439544,1.2405,8.27,1.4300000000000006,Low,Loss-Making,Medium
ORD-10830,2024-11-17,Ivan Robinson,Consumer,France,Europe,Clothing & Accessories,Wool Blend Scarf,11,36.18,10,358.18,16.03,143.16,Credit Card,2024,11,November,4,358.18,0.39968730805740127,0.04475403428443799,39.798,397.98,342.15,High,Profitable,Low
ORD-11902,2024-11-17,Christopher Miller,Consumer,Australia,Asia Pacific,Office Supplies,Ballpoint Pen Pack 12,3,13.86,0,41.58,13.05,9.82,PayPal,2024,11,November,4,41.58,0.2361712361712362,0.3138528138528139,0.0,41.58,28.529999999999998,Medium,Profitable,No Discount
ORD-10243,2024-11-18,Pierre Hassan,Home Office,United States,North America,Furniture,Monitor Riser Wood,4,36.53,5,138.81,13.3,37.84,Bank Transfer,2024,11,November,4,138.81,0.27260283841221816,0.09581442259203228,7.306000000000001,146.12,125.51,Medium,Profitable,Low
ORD-10048,2024-11-19,Sophie Kim,Consumer,Australia,Asia Pacific,Technology,Webcam HD 1080p,1,40.91,15,34.77,10.18,2.09,Cash on Delivery,2024,11,November,4,34.77,0.06010928961748633,0.29278113316077076,6.136499999999999,40.91,24.590000000000003,Low,Profitable,Medium
ORD-10401,2024-11-20,Ayumi Robinson,Corporate,United States,North America,Technology,Wireless Ergonomic Mouse,3,62.77,0,188.31,11.8,72.94,Credit Card,2024,11,November,4,188.31,0.3873400244278052,0.06266263076841379,0.0,188.31,176.51,Medium,Profitable,No Discount
ORD-11327,2024-11-20,Amir Johansson,Consumer,Australia,Asia Pacific,Office Supplies,Premium Notebook Set A5,4,9.84,10,35.42,13.78,3.93,Cash on Delivery,2024,11,November,4,35.42,0.11095426312817618,0.3890457368718238,3.936,39.36,21.64,Medium,Profitable,Low
ORD-11039,2024-11-21,Li Miller,Consumer,France,Europe,Technology,Wireless Ergonomic Mouse,2,39.61,20,63.38,10.2,9.61,Credit Card,2024,11,November,4,63.38,0.15162511833385925,0.1609340485957715,15.844000000000001,79.22,53.18000000000001,Low,Profitable,Medium
ORD-11369,2024-11-21,Lucas Müller,Consumer,China,Asia Pacific,Clothing & Accessories,Leather Belt Classic,1,31.83,15,27.06,11.46,-0.32,PayPal,2024,11,November,4,27.06,-0.011825572801182557,0.4235033259423504,4.7745,31.83,15.599999999999998,Low,Loss-Making,Medium
ORD-11506,2024-11-21,Clara Miller,Corporate,South Africa,Middle East & Africa,Furniture,Standing Desk Converter,5,239.49,5,1137.58,17.88,401.23,PayPal,2024,11,November,4,1137.58,0.35270486471281143,0.015717575906749416,59.8725,1197.45,1119.6999999999998,Medium,Profitable,Low
ORD-11590,2024-11-21,James Oliveira,Corporate,United States,North America,Office Supplies,Paper Clips Box 500pc,6,6.5,20,31.2,16.69,-3.04,PayPal,2024,11,November,4,31.2,-0.09743589743589744,0.5349358974358975,7.800000000000001,39.0,14.509999999999998,High,Loss-Making,Medium
ORD-11943,2024-11-21,Sophie Pereira,Home Office,Spain,Europe,Clothing & Accessories,Business Casual Blazer,5,79.16,15,336.43,12.69,125.84,Credit Card,2024,11,November,4,336.43,0.3740451208275124,0.03771958505484053,59.36999999999999,395.79999999999995,323.74,Medium,Profitable,Medium
ORD-11207,2024-11-22,Oscar Zhang,Consumer,United Kingdom,Europe,Technology,Smart LED Desk Lamp,10,46.43,10,417.87,22.39,140.11,Credit Card,2024,11,November,4,417.87,0.3352956661162563,0.05358125732883433,46.43000000000001,464.3,395.48,High,Profitable,Low
ORD-11758,2024-11-22,Priya Smith,Consumer,Italy,Europe,Furniture,Mesh Back Task Chair,6,259.75,0,1558.5,10.69,612.71,Credit Card,2024,11,November,4,1558.5,0.39314084055181264,0.00685915944818736,0.0,1558.5,1547.81,High,Profitable,No Discount
ORD-10469,2024-11-24,Carlos Sharma,Corporate,Mexico,North America,Technology,Laptop Stand Adjustable,5,60.7,15,257.97,16.21,74.84,Bank Transfer,2024,11,November,4,257.97,0.2901112532465015,0.0628367639648021,45.525,303.5,241.76000000000002,Medium,Profitable,Medium
ORD-10669,2024-11-24,Ava Fischer,Consumer,Mexico,North America,Office Supplies,Desk Calendar 2025,2,14.78,0,29.56,6.96,9.3,PayPal,2024,11,November,4,29.56,0.3146143437077132,0.2354533152909337,0.0,29.56,22.599999999999998,Low,Profitable,No Discount
ORD-11335,2024-11-24,Ivan Martin,Consumer,Italy,Europe,Office Supplies,Sticky Notes Multicolor 6-Pack,1,13.3,0,13.3,7.89,-0.57,Cash on Delivery,2024,11,November,4,13.3,-0.04285714285714285,0.5932330827067669,0.0,13.3,5.410000000000001,Low,Loss-Making,No Discount
ORD-10533,2024-11-25,Jennifer Romano,Consumer,Canada,North America,Clothing & Accessories,Leather Belt Classic,4,18.59,5,70.64,9.08,24.38,Credit Card,2024,11,November,4,70.64,0.34513023782559454,0.12853907134767836,3.718,74.36,61.56,Medium,Profitable,Low
ORD-10567,2024-11-25,Jessica Müller,Consumer,Australia,Asia Pacific,Clothing & Accessories,Travel Backpack 30L,7,75.25,10,474.07,19.97,190.72,PayPal,2024,11,November,4,474.07,0.4023034572953361,0.04212458075811589,52.675000000000004,526.75,454.1,High,Profitable,Low
ORD-10093,2024-11-26,Raj Johnson,Consumer,India,Asia Pacific,Furniture,Bookshelf 5-Tier,3,181.78,5,518.07,11.35,179.52,PayPal,2024,11,November,4,518.07,0.34651687995830677,0.021908236338718703,27.267000000000003,545.34,506.72,Medium,Profitable,Low
ORD-11257,2024-11-26,Olivia Zhang,Home Office,Mexico,North America,Office Supplies,Binder Clips Assorted 48pc,5,15.61,5,74.15,14.63,24.4,PayPal,2024,11,November,4,74.15,0.3290627107215104,0.19730276466621713,3.9025,78.05,59.52,Medium,Profitable,Low
ORD-11445,2024-11-26,Ava Rodriguez,Corporate,France,Europe,Office Supplies,Premium Notebook Set A5,2,11.05,5,21.0,8.64,2.41,PayPal,2024,11,November,4,21.0,0.11476190476190477,0.4114285714285715,1.1050000000000002,22.1,12.36,Low,Profitable,Low
ORD-10239,2024-11-28,James Ali,Home Office,United States,North America,Office Supplies,Whiteboard Markers Set 8,1,6.95,10,6.25,5.78,-2.66,Credit Card,2024,11,November,4,6.25,-0.42560000000000003,0.9248000000000001,0.6950000000000001,6.95,0.46999999999999975,Low,Loss-Making,Low
ORD-11043,2024-11-28,Liam Patel,Home Office,Argentina,South America,Office Supplies,Whiteboard Markers Set 8,7,17.17,20,96.15,24.44,17.62,PayPal,2024,11,November,4,96.15,0.18325533021320853,0.25418616744669786,24.038000000000004,120.19000000000001,71.71000000000001,High,Profitable,Medium
ORD-11113,2024-11-28,Oscar Anderson,Corporate,United Kingdom,Europe,Clothing & Accessories,Cotton Formal Shirt,2,50.22,10,90.4,9.49,30.69,Credit Card,2024,11,November,4,90.4,0.33949115044247785,0.10497787610619469,10.044,100.44,80.91000000000001,Low,Profitable,Low
ORD-10046,2024-11-29,Ethan Moreau,Consumer,Spain,Europe,Technology,Smart LED Desk Lamp,1,66.12,20,52.9,8.77,7.76,Bank Transfer,2024,11,November,4,52.9,0.14669187145557655,0.1657844990548204,13.224000000000002,66.12,44.129999999999995,Low,Profitable,Medium
ORD-10543,2024-11-30,Maria Suzuki,Corporate,Mexico,North America,Clothing & Accessories,Silk Tie Collection,4,36.61,25,109.83,11.22,25.39,PayPal,2024,11,November,4,109.83,0.2311754529727761,0.10215788036055723,36.61,146.44,98.61,Medium,Profitable,High
ORD-10602,2024-11-30,Sakura Thomas,Corporate,United States,North America,Technology,Wireless Ergonomic Mouse,12,54.74,10,591.19,18.95,210.96,PayPal,2024,11,November,4,591.19,0.3568395947157428,0.032053992794194755,65.688,656.88,572.24,High,Profitable,Low
ORD-10969,2024-11-30,Jessica Moreau,Corporate,United Kingdom,Europe,Clothing & Accessories,Business Casual Blazer,7,81.97,0,573.79,17.03,269.87,PayPal,2024,11,November,4,573.79,0.4703288659614145,0.029679848028024192,0.0,573.79,556.76,High,Profitable,No Discount
ORD-11869,2024-11-30,Linda Smith,Consumer,Mexico,North America,Furniture,Mesh Back Task Chair,6,120.71,5,688.05,16.62,236.87,Credit Card,2024,11,November,4,688.05,0.34426277160090113,0.02415522127752344,36.213,724.26,671.43,High,Profitable,Low
ORD-10491,2024-12-01,Sarah Santos,Consumer,Colombia,South America,Technology,Portable External SSD 1TB,6,62.59,0,375.54,23.28,145.71,Credit Card,2024,12,December,4,375.54,0.3880012781594504,0.06199073334398466,0.0,375.54,352.26,High,Profitable,No Discount
ORD-11211,2024-12-02,James Johansson,Corporate,Germany,Europe,Technology,Wireless Ergonomic Mouse,8,63.14,15,429.35,19.46,132.07,PayPal,2024,12,December,4,429.35,0.30760451845813436,0.045324327471759636,75.768,505.12,409.89000000000004,High,Profitable,Medium
ORD-10436,2024-12-03,Pierre Weber,Consumer,United Kingdom,Europe,Clothing & Accessories,Leather Belt Classic,6,38.82,15,197.98,19.03,62.49,PayPal,2024,12,December,4,197.98,0.31563794322658856,0.09612082028487727,34.938,232.92000000000002,178.95,High,Profitable,Medium
ORD-10701,2024-12-03,Yuki Thomas,Corporate,Brazil,South America,Furniture,Corner L-Shaped Desk,1,446.58,15,379.59,10.59,101.05,Credit Card,2024,12,December,4,379.59,0.2662082773518797,0.027898522089623016,66.987,446.58,369.0,Low,Profitable,Medium
ORD-11338,2024-12-03,Nadia Harris,Home Office,Mexico,North America,Clothing & Accessories,Silk Tie Collection,3,24.35,15,62.09,8.1,17.46,Cash on Delivery,2024,12,December,4,62.09,0.2812047028507006,0.13045578998228377,10.957500000000001,73.05000000000001,53.99,Medium,Profitable,Medium
ORD-11778,2024-12-05,Clara Garcia,Consumer,Japan,Asia Pacific,Office Supplies,Stapler Full-Size,6,7.36,10,39.74,18.57,1.3,Bank Transfer,2024,12,December,4,39.74,0.03271263210870659,0.4672873678912934,4.416,44.160000000000004,21.17,High,Profitable,Low
ORD-11973,2024-12-05,Lucas Sato,Corporate,Canada,North America,Furniture,Standing Desk Converter,3,250.01,10,675.03,7.92,217.09,PayPal,2024,12,December,4,675.03,0.3216005214583056,0.011732811875027777,75.003,750.03,667.11,Medium,Profitable,Low
ORD-11980,2024-12-06,Ingrid Yamamoto,Corporate,Japan,Asia Pacific,Office Supplies,Desk Calendar 2025,1,16.46,25,12.35,11.48,-6.54,PayPal,2024,12,December,4,12.35,-0.5295546558704454,0.9295546558704454,4.115,16.46,0.8699999999999992,Low,Loss-Making,High
ORD-10073,2024-12-08,Xiao Robinson,Corporate,Canada,North America,Clothing & Accessories,Canvas Messenger Bag,2,66.53,5,126.41,9.38,50.5,Credit Card,2024,12,December,4,126.41,0.39949371094059016,0.07420299026975714,6.6530000000000005,133.06,117.03,Low,Profitable,Low
ORD-10134,2024-12-08,Wei Ali,Corporate,France,Europe,Clothing & Accessories,Leather Belt Classic,3,45.43,0,136.29,9.95,58.19,Credit Card,2024,12,December,4,136.29,0.4269572235673931,0.07300608995524249,0.0,136.29,126.33999999999999,Medium,Profitable,No Discount
ORD-11792,2024-12-08,Jamal Wang,Consumer,United States,North America,Office Supplies,Stapler Full-Size,2,11.64,0,23.28,8.51,4.29,Credit Card,2024,12,December,4,23.28,0.1842783505154639,0.36554982817869414,0.0,23.28,14.770000000000001,Low,Profitable,No Discount
ORD-10160,2024-12-09,Ivan Moreau,Consumer,Canada,North America,Technology,Mechanical Gaming Keyboard,4,171.86,0,687.44,13.48,295.87,PayPal,2024,12,December,4,687.44,0.4303939252880251,0.01960898405679041,0.0,687.44,673.96,Medium,Profitable,No Discount
ORD-10178,2024-12-09,Sarah Johansson,Home Office,South Korea,Asia Pacific,Technology,Smart LED Desk Lamp,1,36.61,10,32.95,10.73,2.08,PayPal,2024,12,December,4,32.95,0.06312594840667678,0.32564491654021244,3.661,36.61,22.220000000000002,Low,Profitable,Low
ORD-10690,2024-12-09,Maria Yamamoto,Consumer,Canada,North America,Clothing & Accessories,Polarized Sunglasses,3,25.68,0,77.04,10.44,28.08,Credit Card,2024,12,December,4,77.04,0.36448598130841114,0.13551401869158877,0.0,77.03999999999999,66.60000000000001,Medium,Profitable,No Discount
ORD-10812,2024-12-09,Linda Harris,Consumer,UAE,Middle East & Africa,Clothing & Accessories,Polarized Sunglasses,4,55.09,0,220.36,17.41,92.77,Cash on Delivery,2024,12,December,4,220.36,0.4209929206752586,0.07900707932474132,0.0,220.36,202.95000000000002,Medium,Profitable,No Discount
ORD-11514,2024-12-10,Ivan Park,Consumer,China,Asia Pacific,Office Supplies,Whiteboard Markers Set 8,1,14.87,10,13.38,10.11,-3.42,PayPal,2024,12,December,4,13.38,-0.25560538116591924,0.7556053811659192,1.487,14.87,3.2700000000000014,Low,Loss-Making,Low
ORD-11709,2024-12-10,Elizabeth Leroy,Corporate,France,Europe,Furniture,Standing Desk Converter,6,282.23,5,1608.71,20.02,572.66,Credit Card,2024,12,December,4,1608.71,0.35597466292868196,0.012444753871114121,84.66900000000001,1693.38,1588.69,High,Profitable,Low
ORD-10624,2024-12-11,Jennifer Zhang,Consumer,Australia,Asia Pacific,Office Supplies,Paper Clips Box 500pc,6,5.74,15,29.27,16.98,-3.21,Credit Card,2024,12,December,4,29.27,-0.10966860266484454,0.5801161598906731,5.1659999999999995,34.44,12.29,High,Loss-Making,Medium
ORD-10742,2024-12-11,Nadia Santos,Consumer,South Korea,Asia Pacific,Office Supplies,Desk Calendar 2025,12,10.53,20,101.09,32.83,11.4,Bank Transfer,2024,12,December,4,101.09,0.11277079829854585,0.32476011474923333,25.272,126.35999999999999,68.26,High,Profitable,Medium
ORD-11067,2024-12-11,Mia Li,Corporate,Mexico,North America,Furniture,Folding Table Portable,3,76.16,5,217.06,8.25,71.72,Bank Transfer,2024,12,December,4,217.06,0.33041555330323413,0.03800792407629227,11.424,228.48,208.81,Medium,Profitable,Low
ORD-10494,2024-12-13,Ethan Johnson,Consumer,South Africa,Middle East & Africa,Furniture,Floating Wall Shelves Set,4,84.66,5,321.71,13.55,104.98,Bank Transfer,2024,12,December,4,321.71,0.32631873426377794,0.04211867831276616,16.932,338.64,308.15999999999997,Medium,Profitable,Low
ORD-11384,2024-12-13,Ahmed Ali,Consumer,Mexico,North America,Clothing & Accessories,Cotton Formal Shirt,12,44.66,5,509.12,14.12,227.04,Credit Card,2024,12,December,4,509.12,0.44594594594594594,0.027734129478315522,26.796,535.92,495.0,High,Profitable,Low
ORD-10645,2024-12-14,Ahmed Thomas,Corporate,Colombia,South America,Furniture,Corner L-Shaped Desk,2,329.54,0,659.08,12.54,251.09,PayPal,2024,12,December,4,659.08,0.38097044364872246,0.01902652181829216,0.0,659.08,646.5400000000001,Low,Profitable,No Discount
ORD-10666,2024-12-14,Ahmed Johnson,Corporate,Italy,Europe,Office Supplies,Binder Clips Assorted 48pc,5,5.79,5,27.5,18.73,-4.26,Bank Transfer,2024,12,December,4,27.5,-0.1549090909090909,0.6810909090909091,1.4475,28.95,8.77,Medium,Loss-Making,Low
ORD-10759,2024-12-14,Thomas Thompson,Consumer,United States,North America,Office Supplies,Paper Clips Box 500pc,6,6.27,5,35.74,19.36,-0.55,Cash on Delivery,2024,12,December,4,35.74,-0.015388919977616117,0.5416899832120873,1.881,37.62,16.380000000000003,High,Loss-Making,Low
ORD-11276,2024-12-14,Barbara Johnson,Corporate,China,Asia Pacific,Office Supplies,Ballpoint Pen Pack 12,3,8.94,15,22.8,14.91,-4.18,Credit Card,2024,12,December,4,22.8,-0.18333333333333332,0.6539473684210526,4.023,26.82,7.890000000000001,Medium,Loss-Making,Medium
ORD-11950,2024-12-14,Isabella White,Corporate,India,Asia Pacific,Technology,Laptop Stand Adjustable,5,39.27,30,137.44,19.48,9.97,Bank Transfer,2024,12,December,4,137.44,0.0725407450523865,0.14173457508731083,58.905,196.35000000000002,117.96,Medium,Profitable,High
ORD-10994,2024-12-15,Jessica Nilsson,Home Office,Brazil,South America,Office Supplies,Stapler Full-Size,7,13.74,5,91.37,21.95,26.14,Cash on Delivery,2024,12,December,4,91.37,0.28608952610265953,0.24023202364014445,4.809000000000001,96.18,69.42,High,Profitable,Low
ORD-11908,2024-12-15,Zara Weber,Consumer,Japan,Asia Pacific,Office Supplies,Highlighters Neon Pack 6,4,12.49,5,47.46,14.76,10.22,Bank Transfer,2024,12,December,4,47.46,0.2153392330383481,0.3109987357774968,2.498,49.96,32.7,Medium,Profitable,Low
ORD-10741,2024-12-16,Ivan Ali,Home Office,United States,North America,Clothing & Accessories,Leather Wallet Minimalist,4,38.77,0,155.08,12.57,64.97,Credit Card,2024,12,December,4,155.08,0.41894506061387665,0.08105493938612329,0.0,155.08,142.51000000000002,Medium,Profitable,No Discount
ORD-11476,2024-12-16,Ava Rossi,Consumer,Italy,Europe,Furniture,Bookshelf 5-Tier,1,173.33,10,156.0,8.65,43.35,Cash on Delivery,2024,12,December,4,156.0,0.2778846153846154,0.05544871794871795,17.333000000000002,173.33,147.35,Low,Profitable,Low
ORD-10260,2024-12-17,Ayumi Taylor,Home Office,Spain,Europe,Furniture,Monitor Riser Wood,4,66.19,5,251.52,12.09,80.57,Credit Card,2024,12,December,4,251.52,0.32033237913486,0.04806774809160305,13.238,264.76,239.43,Medium,Profitable,Low
ORD-10967,2024-12-18,Ahmed Sharma,Consumer,China,Asia Pacific,Technology,Portable External SSD 1TB,2,72.64,10,130.75,12.34,38.51,PayPal,2024,12,December,4,130.75,0.29453154875717014,0.09437858508604206,14.528,145.28,118.41,Low,Profitable,Low
ORD-11242,2024-12-18,Clara Müller,Consumer,Mexico,North America,Furniture,Mesh Back Task Chair,10,253.85,0,2538.5,22.56,992.84,Cash on Delivery,2024,12,December,4,2538.5,0.3911128619263345,0.00888713807366555,0.0,2538.5,2515.94,High,Profitable,No Discount
ORD-10029,2024-12-20,Clara Ali,Consumer,Canada,North America,Office Supplies,Binder Clips Assorted 48pc,6,12.47,5,71.08,8.33,29.08,Cash on Delivery,2024,12,December,4,71.08,0.40911648846370285,0.11719189645469894,3.7410000000000005,74.82000000000001,62.75,High,Profitable,Low
ORD-10815,2024-12-21,Sarah Davis,Consumer,South Africa,Middle East & Africa,Technology,Smart LED Desk Lamp,1,70.9,0,70.9,11.52,20.39,PayPal,2024,12,December,4,70.9,0.2875881523272214,0.1624823695345557,0.0,70.9,59.38000000000001,Low,Profitable,No Discount
ORD-11948,2024-12-21,Ingrid Santos,Consumer,France,Europe,Office Supplies,Ballpoint Pen Pack 12,1,6.45,5,6.13,7.56,-4.33,Cash on Delivery,2024,12,December,4,6.13,-0.7063621533442088,1.233278955954323,0.3225,6.45,-1.4299999999999997,Low,Loss-Making,Low
ORD-10588,2024-12-23,Patricia Costa,Home Office,United Kingdom,Europe,Clothing & Accessories,Polarized Sunglasses,2,69.3,0,138.6,11.07,58.23,PayPal,2024,12,December,4,138.6,0.42012987012987013,0.07987012987012987,0.0,138.6,127.53,Low,Profitable,No Discount
ORD-10761,2024-12-23,Liam Russo,Consumer,Germany,Europe,Furniture,Standing Desk Converter,7,212.35,20,1189.16,14.04,283.25,PayPal,2024,12,December,4,1189.16,0.2381933465639611,0.011806653436038882,297.29,1486.45,1175.1200000000001,High,Profitable,Medium
ORD-11477,2024-12-23,Karen Romano,Consumer,Canada,North America,Furniture,Folding Table Portable,2,76.2,5,144.78,8.88,44.46,Credit Card,2024,12,December,4,144.78,0.30708661417322836,0.061334438458350606,7.620000000000001,152.4,135.9,Low,Profitable,Low
ORD-11880,2024-12-24,Richard Park,Consumer,Nigeria,Middle East & Africa,Technology,Smart LED Desk Lamp,1,44.65,5,42.42,13.09,4.77,Credit Card,2024,12,December,4,42.42,0.11244695898161243,0.30858085808580854,2.2325,44.65,29.330000000000002,Low,Profitable,Low
ORD-11764,2024-12-25,Mary Clark,Consumer,United States,North America,Office Supplies,Binder Clips Assorted 48pc,3,13.27,25,29.86,12.34,-0.39,Credit Card,2024,12,December,4,29.86,-0.013060951105157401,0.4132618888144675,9.9525,39.81,17.52,Medium,Loss-Making,High
ORD-11426,2024-12-26,Jamal Chen,Corporate,Saudi Arabia,Middle East & Africa,Technology,Mechanical Gaming Keyboard,1,105.02,10,94.52,11.57,25.19,Credit Card,2024,12,December,4,94.52,0.26650444350402036,0.12240795598815066,10.502,105.02,82.94999999999999,Low,Profitable,Low
ORD-11195,2024-12-27,Nadia Robinson,Home Office,China,Asia Pacific,Clothing & Accessories,Wool Blend Scarf,7,49.09,0,343.63,18.15,153.66,Credit Card,2024,12,December,4,343.63,0.4471670110293048,0.05281843843669062,0.0,343.63,325.48,High,Profitable,No Discount
ORD-11309,2024-12-27,Giulia Johansson,Consumer,Japan,Asia Pacific,Furniture,Corner L-Shaped Desk,4,416.86,0,1667.44,13.27,653.71,Cash on Delivery,2024,12,December,4,1667.44,0.39204409154152475,0.007958307345391737,0.0,1667.44,1654.17,Medium,Profitable,No Discount
ORD-10654,2024-12-30,Pierre Ahmed,Corporate,United Kingdom,Europe,Clothing & Accessories,Cotton Formal Shirt,7,20.15,10,126.94,22.2,34.22,Cash on Delivery,2024,12,December,4,126.94,0.2695761777217583,0.1748857728060501,14.104999999999999,141.04999999999998,104.74,High,Profitable,Low
ORD-11517,2024-12-30,Zara Davis,Home Office,UAE,Middle East & Africa,Office Supplies,Stapler Full-Size,2,12.97,15,22.05,14.41,-4.03,Credit Card,2024,12,December,4,22.05,-0.18276643990929706,0.6535147392290249,3.891,25.94,7.640000000000001,Low,Loss-Making,Medium
ORD-10241,2024-12-31,Liam Taylor,Corporate,South Korea,Asia Pacific,Technology,Tablet Stand Holder,2,47.58,15,80.89,11.18,17.37,Credit Card,2024,12,December,4,80.89,0.21473606131783904,0.1382123871924836,14.274,95.16,69.71000000000001,Low,Profitable,Medium
ORD-10808,2024-12-31,Yuki Costa,Consumer,South Africa,Middle East & Africa,Office Supplies,Tape Dispenser Heavy Duty,5,22.51,5,106.92,19.75,36.52,Cash on Delivery,2024,12,December,4,106.92,0.34156378600823045,0.18471754582865693,5.627500000000001,112.55000000000001,87.17,Medium,Profitable,Low
ORD-10899,2025-01-01,Ayumi Khan,Consumer,United States,North America,Furniture,Mesh Back Task Chair,1,142.21,0,142.21,6.95,49.93,PayPal,2025,1,January,1,142.21,0.3511004851979467,0.04887138738485339,0.0,142.21,135.26000000000002,Low,Profitable,No Discount
ORD-11129,2025-01-01,Jamal Taylor,Consumer,Canada,North America,Technology,USB-C Hub Multiport Adapter,2,60.18,0,120.36,8.33,45.83,Cash on Delivery,2025,1,January,1,120.36,0.38077434363575935,0.0692090395480226,0.0,120.36,112.03,Low,Profitable,No Discount
ORD-10026,2025-01-02,Layla Ahmed,Home Office,Japan,Asia Pacific,Technology,Laptop Stand Adjustable,3,44.45,15,113.35,16.34,23.67,Bank Transfer,2025,1,January,1,113.35,0.20882223202470226,0.14415527128363476,20.0025,133.35000000000002,97.00999999999999,Medium,Profitable,Medium
ORD-11083,2025-01-02,Ivan Jones,Consumer,Mexico,North America,Furniture,Filing Cabinet 3-Drawer,7,234.12,0,1638.84,10.77,644.77,PayPal,2025,1,January,1,1638.84,0.3934307192892534,0.006571721461521564,0.0,1638.8400000000001,1628.07,High,Profitable,No Discount
ORD-10948,2025-01-03,Jessica Anderson,Corporate,Canada,North America,Furniture,Filing Cabinet 3-Drawer,1,115.76,10,104.18,6.46,28.26,PayPal,2025,1,January,1,104.18,0.2712612785563448,0.0620080629679401,11.576,115.76,97.72000000000001,Low,Profitable,Low
ORD-11036,2025-01-03,David Rossi,Consumer,Nigeria,Middle East & Africa,Furniture,Corner L-Shaped Desk,3,219.08,5,624.38,16.97,213.07,Credit Card,2025,1,January,1,624.38,0.34125052051635224,0.0271789615298376,32.862,657.24,607.41,Medium,Profitable,Low
ORD-11331,2025-01-03,Thomas Thomas,Home Office,Mexico,North America,Office Supplies,Premium Notebook Set A5,2,23.83,0,47.66,8.87,17.34,Bank Transfer,2025,1,January,1,47.66,0.3638271086865296,0.18610994544691564,0.0,47.66,38.79,Low,Profitable,No Discount
ORD-10975,2025-01-04,Oscar Nilsson,Consumer,France,Europe,Furniture,Filing Cabinet 3-Drawer,5,127.03,5,603.39,16.49,205.81,PayPal,2025,1,January,1,603.39,0.3410895109299127,0.02732892490760536,31.7575,635.15,586.9,Medium,Profitable,Low
ORD-10074,2025-01-05,Nadia Oliveira,Consumer,Mexico,North America,Clothing & Accessories,Canvas Messenger Bag,6,26.43,5,150.65,8.1,63.26,Cash on Delivery,2025,1,January,1,150.65,0.41991370726850313,0.053767009624958506,7.928999999999999,158.57999999999998,142.55,High,Profitable,Low
ORD-11866,2025-01-05,Oscar Schmidt,Corporate,Japan,Asia Pacific,Office Supplies,Binder Clips Assorted 48pc,1,9.21,20,7.37,11.17,-7.94,Credit Card,2025,1,January,1,7.37,-1.0773405698778833,1.5156037991858886,1.8420000000000003,9.21,-3.8,Low,Loss-Making,Medium
ORD-10807,2025-01-06,Richard Jackson,Consumer,United States,North America,Office Supplies,Ballpoint Pen Pack 12,4,9.43,20,30.18,12.83,0.38,PayPal,2025,1,January,1,30.18,0.012591119946984758,0.42511597084161695,7.5440000000000005,37.72,17.35,Medium,Profitable,Medium
ORD-11852,2025-01-06,James Johansson,Home Office,Mexico,North America,Office Supplies,Premium Notebook Set A5,3,18.18,0,54.54,7.27,22.73,PayPal,2025,1,January,1,54.54,0.41675834250091676,0.1332966629996333,0.0,54.54,47.269999999999996,Medium,Profitable,No Discount
ORD-10259,2025-01-08,Sakura Costa,Consumer,United States,North America,Technology,Wireless Ergonomic Mouse,4,45.26,0,181.04,7.24,74.23,Credit Card,2025,1,January,1,181.04,0.4100198851082634,0.03999116217410517,0.0,181.04,173.79999999999998,Medium,Profitable,No Discount
ORD-10973,2025-01-08,Richard Rossi,Consumer,Brazil,South America,Office Supplies,Stapler Full-Size,2,12.48,10,22.46,12.39,-1.16,Bank Transfer,2025,1,January,1,22.46,-0.0516473731077471,0.5516473731077471,2.4960000000000004,24.96,10.07,Low,Loss-Making,Low
ORD-10497,2025-01-09,Liam Davis,Consumer,Italy,Europe,Office Supplies,Premium Notebook Set A5,3,9.4,5,26.79,11.24,2.86,Bank Transfer,2025,1,January,1,26.79,0.10675625233296006,0.4195595371407242,1.4100000000000001,28.200000000000003,15.549999999999999,Medium,Profitable,Low
ORD-11804,2025-01-09,Jamal Kim,Consumer,Canada,North America,Office Supplies,Ballpoint Pen Pack 12,3,9.86,10,26.62,7.69,5.62,Credit Card,2025,1,January,1,26.62,0.21111945905334334,0.28888054094665666,2.958,29.58,18.93,Medium,Profitable,Low
ORD-11381,2025-01-10,Sophie Ahmed,Corporate,United Kingdom,Europe,Technology,Smart LED Desk Lamp,3,73.19,10,197.61,12.36,64.49,Credit Card,2025,1,January,1,197.61,0.32634988107889273,0.06254744193107635,21.957,219.57,185.25,Medium,Profitable,Low
ORD-10668,2025-01-11,Christopher Jackson,Consumer,Japan,Asia Pacific,Office Supplies,Desk Calendar 2025,12,11.27,10,121.72,19.04,41.82,Credit Card,2025,1,January,1,121.72,0.3435754189944134,0.1564245810055866,13.524000000000001,135.24,102.68,High,Profitable,Low
ORD-10970,2025-01-12,Diego Kim,Consumer,United Kingdom,Europe,Clothing & Accessories,Leather Wallet Minimalist,10,56.84,5,539.98,24.76,231.02,Cash on Delivery,2025,1,January,1,539.98,0.4278306603948294,0.04585355013148635,28.420000000000005,568.4000000000001,515.22,High,Profitable,Low
ORD-11364,2025-01-12,Barbara Khan,Consumer,United States,North America,Clothing & Accessories,Leather Wallet Minimalist,3,17.66,0,52.98,6.7,19.79,Credit Card,2025,1,January,1,52.98,0.3735371838429596,0.12646281615704041,0.0,52.980000000000004,46.279999999999994,Medium,Profitable,No Discount
ORD-10699,2025-01-14,Priya Ferrari,Consumer,Canada,North America,Technology,Wireless Bluetooth Headphones,5,185.01,0,925.05,11.11,405.16,Bank Transfer,2025,1,January,1,925.05,0.4379871358304957,0.012010161612885789,0.0,925.05,913.9399999999999,Medium,Profitable,No Discount
ORD-11901,2025-01-16,Emma Müller,Corporate,Germany,Europe,Clothing & Accessories,Travel Backpack 30L,5,82.49,10,371.2,12.32,152.66,Credit Card,2025,1,January,1,371.2,0.411260775862069,0.0331896551724138,41.245000000000005,412.45,358.88,Medium,Profitable,Low
ORD-11236,2025-01-17,Clara Laurent,Corporate,United States,North America,Furniture,Bookshelf 5-Tier,6,71.81,5,409.32,15.55,135.25,Credit Card,2025,1,January,1,409.32,0.3304260725105052,0.03798983680250171,21.543000000000003,430.86,393.77,High,Profitable,Low
ORD-10215,2025-01-18,Liam Rodriguez,Consumer,Nigeria,Middle East & Africa,Technology,Wireless Ergonomic Mouse,5,67.72,0,338.6,14.18,138.19,Credit Card,2025,1,January,1,338.6,0.40812167749556993,0.04187832250443,0.0,338.6,324.42,Medium,Profitable,No Discount
ORD-10702,2025-01-19,Marco Kim,Home Office,Argentina,South America,Office Supplies,Binder Clips Assorted 48pc,2,5.74,20,9.18,13.02,-9.01,Credit Card,2025,1,January,1,9.18,-0.9814814814814815,1.4183006535947713,2.2960000000000003,11.48,-3.84,Low,Loss-Making,Medium
ORD-11730,2025-01-19,Robert Rodriguez,Consumer,Japan,Asia Pacific,Technology,Webcam HD 1080p,4,87.29,0,349.16,12.84,144.28,Bank Transfer,2025,1,January,1,349.16,0.41322030014892885,0.03677397181807767,0.0,349.16,336.32000000000005,Medium,Profitable,No Discount
ORD-11359,2025-01-20,Michael Nilsson,Corporate,Argentina,South America,Technology,Noise Cancelling Earbuds,2,95.46,10,171.83,14.34,52.48,Credit Card,2025,1,January,1,171.83,0.30541814584182037,0.08345457719839375,19.092,190.92,157.49,Low,Profitable,Low
ORD-11600,2025-01-20,Ali Leroy,Consumer,South Korea,Asia Pacific,Furniture,Floating Wall Shelves Set,1,32.2,0,32.2,11.24,1.64,Credit Card,2025,1,January,1,32.2,0.050931677018633534,0.3490683229813664,0.0,32.2,20.96,Low,Profitable,No Discount
ORD-11282,2025-01-21,Amir Rodriguez,Consumer,Saudi Arabia,Middle East & Africa,Furniture,Mesh Back Task Chair,1,266.33,10,239.7,12.81,67.09,Bank Transfer,2025,1,January,1,239.7,0.27989153108051734,0.05344180225281602,26.633,266.33,226.89,Low,Profitable,Low
ORD-11421,2025-01-22,Karen Santos,Consumer,United Kingdom,Europe,Furniture,Ergonomic Office Chair,8,162.73,5,1236.75,21.92,433.73,Bank Transfer,2025,1,January,1,1236.75,0.3507014352132606,0.01772387305437639,65.092,1301.84,1214.83,High,Profitable,Low
ORD-10655,2025-01-24,Patricia Ferrari,Consumer,Germany,Europe,Office Supplies,Highlighters Neon Pack 6,4,9.15,0,36.6,14.1,6.03,Cash on Delivery,2025,1,January,1,36.6,0.16475409836065574,0.38524590163934425,0.0,36.6,22.5,Medium,Profitable,No Discount
ORD-11194,2025-01-24,Robert Harris,Home Office,China,Asia Pacific,Clothing & Accessories,Polarized Sunglasses,2,31.26,15,53.14,10.33,11.55,Cash on Delivery,2025,1,January,1,53.14,0.2173503951825367,0.1943921716221302,9.378,62.52,42.81,Low,Profitable,Medium
ORD-11403,2025-01-24,Hanna Weber,Consumer,Canada,North America,Furniture,Mesh Back Task Chair,5,186.71,15,793.52,11.33,222.06,Bank Transfer,2025,1,January,1,793.52,0.2798417179151124,0.01427815303962093,140.0325,933.5500000000001,782.1899999999999,Medium,Profitable,Medium
ORD-11606,2025-01-24,Mary Khan,Home Office,United States,North America,Furniture,Desk Organizer Set,4,49.36,20,157.95,12.59,26.9,PayPal,2025,1,January,1,157.95,0.1703070591959481,0.07970876859765749,39.488,197.44,145.35999999999999,Medium,Profitable,Medium
ORD-10601,2025-01-25,Christopher Martinez,Consumer,India,Asia Pacific,Furniture,Bookshelf 5-Tier,3,68.02,15,173.45,15.65,35.36,PayPal,2025,1,January,1,173.45,0.20386278466416835,0.0902277313346786,30.608999999999998,204.06,157.79999999999998,Medium,Profitable,Medium
ORD-10022,2025-01-26,Giulia Rodriguez,Home Office,Saudi Arabia,Middle East & Africa,Furniture,Floating Wall Shelves Set,4,79.25,20,253.6,18.23,45.17,Credit Card,2025,1,January,1,253.6,0.17811514195583597,0.07188485804416404,63.400000000000006,317.0,235.37,Medium,Profitable,Medium
ORD-10249,2025-01-26,Barbara Sharma,Corporate,Canada,North America,Technology,Wireless Ergonomic Mouse,1,43.25,5,41.09,5.62,11.68,Bank Transfer,2025,1,January,1,41.09,0.28425407641761985,0.13677293745436844,2.1625,43.25,35.470000000000006,Low,Profitable,Low
ORD-11042,2025-01-26,Thomas Laurent,Consumer,China,Asia Pacific,Furniture,Ergonomic Office Chair,2,306.48,0,612.96,11.3,233.88,Credit Card,2025,1,January,1,612.96,0.3815583398590446,0.018435134429652833,0.0,612.96,601.6600000000001,Low,Profitable,No Discount
ORD-11893,2025-01-26,Michael Davis,Home Office,Mexico,North America,Technology,Tablet Stand Holder,2,52.22,15,88.77,9.88,21.45,Cash on Delivery,2025,1,January,1,88.77,0.241635687732342,0.11129886222823027,15.665999999999999,104.44,78.89,Low,Profitable,Medium
ORD-11930,2025-01-26,Isabella Tanaka,Consumer,Germany,Europe,Furniture,Desk Organizer Set,1,16.32,10,14.69,9.37,-4.47,Credit Card,2025,1,January,1,14.69,-0.30428863172226006,0.6378488767869298,1.6320000000000001,16.32,5.32,Low,Loss-Making,Low
ORD-11957,2025-01-26,Barbara Singh,Consumer,United States,North America,Technology,Portable External SSD 1TB,6,92.96,0,557.76,10.11,240.88,Bank Transfer,2025,1,January,1,557.76,0.43187033849684453,0.018126075731497417,0.0,557.76,547.65,High,Profitable,No Discount
ORD-11351,2025-01-29,Raj Garcia,Consumer,Argentina,South America,Technology,Laptop Stand Adjustable,7,63.72,20,356.83,27.31,84.2,Credit Card,2025,1,January,1,356.83,0.23596670683518764,0.07653504469915647,89.208,446.03999999999996,329.52,High,Profitable,Medium
ORD-11115,2025-01-30,Kenji Martin,Consumer,Italy,Europe,Furniture,Mesh Back Task Chair,1,291.52,0,291.52,8.78,107.83,Credit Card,2025,1,January,1,291.52,0.36988885839736557,0.03011800219538968,0.0,291.52,282.74,Low,Profitable,No Discount
ORD-11122,2025-02-01,Isabella Davis,Consumer,France,Europe,Clothing & Accessories,Canvas Messenger Bag,3,62.51,20,150.02,12.95,43.31,PayPal,2025,2,February,1,150.02,0.2886948406879083,0.08632182375683241,37.506,187.53,137.07000000000002,Medium,Profitable,Medium
ORD-11138,2025-02-02,Mary Patel,Consumer,Spain,Europe,Technology,Noise Cancelling Earbuds,1,72.27,10,65.04,9.22,16.07,Bank Transfer,2025,2,February,1,65.04,0.24707872078720786,0.1417589175891759,7.227,72.27,55.82000000000001,Low,Profitable,Low
ORD-10308,2025-02-03,Christopher Clark,Corporate,Colombia,South America,Technology,Noise Cancelling Earbuds,1,62.62,10,56.36,11.29,10.63,PayPal,2025,2,February,1,56.36,0.18860894251242016,0.200319375443577,6.2620000000000005,62.62,45.07,Low,Profitable,Low
ORD-10644,2025-02-03,Mia Weber,Consumer,Italy,Europe,Furniture,Folding Table Portable,7,46.41,25,243.65,12.24,36.49,Cash on Delivery,2025,2,February,1,243.65,0.14976400574594706,0.050235994254052944,81.2175,324.87,231.41,High,Profitable,High
ORD-10805,2025-02-05,Marco Davis,Consumer,Australia,Asia Pacific,Clothing & Accessories,Leather Belt Classic,4,27.85,5,105.83,18.91,31.22,PayPal,2025,2,February,1,105.83,0.29500141736747615,0.17868279315883964,5.57,111.4,86.92,Medium,Profitable,Low
ORD-10993,2025-02-05,Maria Moreau,Consumer,Germany,Europe,Clothing & Accessories,Leather Belt Classic,6,35.29,5,201.15,17.46,77.82,Cash on Delivery,2025,2,February,1,201.15,0.3868754660700969,0.08680089485458613,10.587000000000002,211.74,183.69,High,Profitable,Low
ORD-11056,2025-02-05,James Patel,Corporate,Mexico,North America,Technology,Mechanical Gaming Keyboard,2,148.04,5,281.28,9.59,108.85,Credit Card,2025,2,February,1,281.28,0.38698094425483504,0.034094141069397045,14.804,296.08,271.69,Low,Profitable,Low
ORD-11509,2025-02-05,Priya Singh,Consumer,Italy,Europe,Clothing & Accessories,Polarized Sunglasses,5,26.79,0,133.95,18.6,48.37,PayPal,2025,2,February,1,133.95,0.3611048898842852,0.13885778275475927,0.0,133.95,115.35,Medium,Profitable,No Discount
ORD-11689,2025-02-07,Ayumi Smith,Consumer,China,Asia Pacific,Clothing & Accessories,Canvas Messenger Bag,2,27.73,10,49.91,11.7,10.48,PayPal,2025,2,February,1,49.91,0.20997796032859148,0.23442195952714887,5.546,55.46,38.209999999999994,Low,Profitable,Low
ORD-11732,2025-02-07,Emma Clark,Consumer,Mexico,North America,Office Supplies,Whiteboard Markers Set 8,4,9.42,5,35.8,14.51,4.33,Cash on Delivery,2025,2,February,1,35.8,0.12094972067039107,0.4053072625698324,1.8840000000000001,37.68,21.29,Medium,Profitable,Low
ORD-10604,2025-02-08,Li Harris,Consumer,India,Asia Pacific,Technology,Wireless Bluetooth Headphones,1,119.38,0,119.38,9.73,43.99,Credit Card,2025,2,February,1,119.38,0.36848718378287826,0.08150443960462389,0.0,119.38,109.64999999999999,Low,Profitable,No Discount
ORD-11436,2025-02-08,Noah Suzuki,Consumer,Japan,Asia Pacific,Technology,Webcam HD 1080p,3,57.05,15,145.48,10.86,40.49,Bank Transfer,2025,2,February,1,145.48,0.27832004399230137,0.07464943634863899,25.672499999999996,171.14999999999998,134.62,Medium,Profitable,Medium
ORD-10802,2025-02-10,Omar Yamamoto,Consumer,Nigeria,Middle East & Africa,Office Supplies,Desk Calendar 2025,8,14.06,15,95.61,23.41,21.58,Credit Card,2025,2,February,1,95.61,0.22570860788620437,0.24484886518146637,16.872,112.48,72.2,High,Profitable,Medium
ORD-11496,2025-02-10,Robert Wang,Home Office,Canada,North America,Clothing & Accessories,Polarized Sunglasses,5,51.1,10,229.95,11.04,91.16,Bank Transfer,2025,2,February,1,229.95,0.3964340073929115,0.04801043705153294,25.55,255.5,218.91,Medium,Profitable,Low
ORD-10611,2025-02-11,Ayumi Pereira,Consumer,Canada,North America,Clothing & Accessories,Wool Blend Scarf,1,26.45,15,22.48,6.09,3.17,PayPal,2025,2,February,1,22.48,0.14101423487544484,0.2709074733096085,3.9675,26.45,16.39,Low,Profitable,Medium
ORD-11694,2025-02-11,Chen Rossi,Corporate,Canada,North America,Office Supplies,Stapler Full-Size,1,15.54,25,11.65,6.71,-2.05,Cash on Delivery,2025,2,February,1,11.65,-0.17596566523605148,0.5759656652360515,3.885,15.54,4.94,Low,Loss-Making,High
ORD-10506,2025-02-12,Ahmed Dubois,Consumer,Mexico,North America,Furniture,Monitor Riser Wood,1,42.63,0,42.63,7.17,9.88,Credit Card,2025,2,February,1,42.63,0.23176167018531552,0.1681914144968332,0.0,42.63,35.46,Low,Profitable,No Discount
ORD-10509,2025-02-12,Robert Chen,Consumer,Canada,North America,Furniture,Standing Desk Converter,1,302.08,10,271.87,6.17,84.45,PayPal,2025,2,February,1,271.87,0.31062640232464045,0.022694670246809136,30.208,302.08,265.7,Low,Profitable,Low
ORD-11744,2025-02-14,Kenji Smith,Consumer,Germany,Europe,Furniture,Desk Organizer Set,3,22.63,5,64.5,12.28,11.49,Credit Card,2025,2,February,1,64.5,0.17813953488372095,0.1903875968992248,3.3945000000000003,67.89,52.22,Medium,Profitable,Low
ORD-11876,2025-02-14,Jessica Moreau,Consumer,United States,North America,Furniture,Monitor Riser Wood,2,60.59,0,121.18,7.99,40.48,Credit Card,2025,2,February,1,121.18,0.33404852285855746,0.06593497276778346,0.0,121.18,113.19000000000001,Low,Profitable,No Discount
ORD-10814,2025-02-15,Patricia Park,Corporate,Mexico,North America,Office Supplies,Tape Dispenser Heavy Duty,2,16.2,10,29.16,6.5,8.08,Bank Transfer,2025,2,February,1,29.16,0.27709190672153633,0.22290809327846364,3.24,32.4,22.66,Low,Profitable,Low
ORD-11350,2025-02-15,James Ahmed,Home Office,Canada,North America,Technology,Wireless Bluetooth Headphones,1,230.1,5,218.59,7.29,84.74,Credit Card,2025,2,February,1,218.59,0.3876664074294341,0.03335010750720527,11.505,230.1,211.3,Low,Profitable,Low
ORD-11408,2025-02-17,Oscar Martinez,Corporate,Japan,Asia Pacific,Technology,Webcam HD 1080p,7,78.3,15,465.88,25.97,138.45,Credit Card,2025,2,February,1,465.88,0.29717953120975354,0.05574396840388082,82.215,548.1,439.90999999999997,High,Profitable,Medium
ORD-11839,2025-02-18,Li Suzuki,Consumer,Italy,Europe,Furniture,Folding Table Portable,3,46.46,20,111.5,8.73,19.14,PayPal,2025,2,February,1,111.5,0.1716591928251121,0.07829596412556054,27.876,139.38,102.77,Medium,Profitable,Medium
ORD-10079,2025-02-19,Jessica Schmidt,Consumer,India,Asia Pacific,Clothing & Accessories,Cotton Formal Shirt,3,53.74,10,145.1,16.16,48.33,Credit Card,2025,2,February,1,145.1,0.3330806340454859,0.11137146795313578,16.122,161.22,128.94,Medium,Profitable,Low
ORD-11001,2025-02-20,Isabella Jackson,Corporate,Japan,Asia Pacific,Office Supplies,Paper Clips Box 500pc,1,3.03,20,2.42,11.16,-10.1,Cash on Delivery,2025,2,February,1,2.42,-4.1735537190082646,4.6115702479338845,0.606,3.03,-8.74,Low,Loss-Making,Medium
ORD-11801,2025-02-20,Thomas Tanaka,Consumer,India,Asia Pacific,Office Supplies,Whiteboard Markers Set 8,1,15.32,0,15.32,10.87,-2.44,Credit Card,2025,2,February,1,15.32,-0.15926892950391644,0.7095300261096605,0.0,15.32,4.450000000000001,Low,Loss-Making,No Discount
ORD-11897,2025-02-20,Mary Miller,Home Office,France,Europe,Technology,Wireless Ergonomic Mouse,1,47.45,20,37.96,8.72,3.14,Credit Card,2025,2,February,1,37.96,0.0827186512118019,0.2297154899894626,9.49,47.45,29.240000000000002,Low,Profitable,Medium
ORD-11919,2025-02-20,Sakura Harris,Consumer,Germany,Europe,Office Supplies,Sticky Notes Multicolor 6-Pack,1,12.93,0,12.93,8.94,-1.83,PayPal,2025,2,February,1,12.93,-0.14153132250580047,0.691415313225058,0.0,12.93,3.99,Low,Loss-Making,No Discount
ORD-10730,2025-02-21,Richard Dubois,Home Office,Mexico,North America,Clothing & Accessories,Business Casual Blazer,1,71.91,5,68.31,7.27,25.09,Credit Card,2025,2,February,1,68.31,0.36729614990484555,0.10642658468745424,3.5955,71.91,61.040000000000006,Low,Profitable,Low
ORD-11412,2025-02-21,Raj Yamamoto,Consumer,South Korea,Asia Pacific,Technology,Mechanical Gaming Keyboard,1,167.77,0,167.77,10.07,65.43,Credit Card,2025,2,February,1,167.77,0.3899982118376349,0.06002265005662514,0.0,167.77,157.70000000000002,Low,Profitable,No Discount
ORD-10873,2025-02-22,Ethan Li,Consumer,China,Asia Pacific,Clothing & Accessories,Business Casual Blazer,2,61.54,0,123.08,12.34,49.2,Credit Card,2025,2,February,1,123.08,0.39974000649983754,0.1002599935001625,0.0,123.08,110.74,Low,Profitable,No Discount
ORD-11472,2025-02-22,Amir Taylor,Consumer,France,Europe,Technology,Mechanical Gaming Keyboard,1,146.2,5,138.89,7.89,50.59,Cash on Delivery,2025,2,February,1,138.89,0.36424508603931177,0.056807545539635684,7.31,146.2,131.0,Low,Profitable,Low
ORD-11818,2025-02-24,Clara Costa,Corporate,Germany,Europe,Furniture,Desk Organizer Set,1,40.32,10,36.29,9.29,2.81,Cash on Delivery,2025,2,February,1,36.29,0.0774317993937724,0.25599338660788096,4.032,40.32,27.0,Low,Profitable,Low
ORD-10035,2025-02-25,Elizabeth Schmidt,Consumer,China,Asia Pacific,Technology,Wireless Bluetooth Headphones,6,228.0,15,1162.8,21.34,389.06,Credit Card,2025,2,February,1,1162.8,0.3345889232886137,0.018352253181974545,205.2,1368.0,1141.46,High,Profitable,Medium
ORD-11120,2025-02-25,Raj Martinez,Consumer,Brazil,South America,Technology,Wireless Bluetooth Headphones,9,107.1,0,963.9,24.75,409.0,PayPal,2025,2,February,1,963.9,0.4243178752982675,0.025676937441643323,0.0,963.9,939.15,High,Profitable,No Discount
ORD-10647,2025-02-26,Ahmed Smith,Consumer,Mexico,North America,Office Supplies,Ballpoint Pen Pack 12,1,11.74,5,11.15,7.16,-1.29,Credit Card,2025,2,February,1,11.15,-0.11569506726457399,0.642152466367713,0.5870000000000001,11.74,3.99,Low,Loss-Making,Low
ORD-11796,2025-02-26,Karen Suzuki,Home Office,Japan,Asia Pacific,Technology,Noise Cancelling Earbuds,2,182.51,5,346.77,10.49,135.52,Bank Transfer,2025,2,February,1,346.77,0.3908065864982554,0.03025059837932924,18.251,365.02,336.28,Low,Profitable,Low
ORD-10657,2025-02-27,Jamal Singh,Home Office,Colombia,South America,Technology,USB-C Hub Multiport Adapter,7,59.14,15,351.88,23.53,100.66,Credit Card,2025,2,February,1,351.88,0.2860634307150165,0.06686938729112198,62.097,413.98,328.35,High,Profitable,Medium
ORD-11443,2025-02-28,Ayumi Clark,Home Office,United States,North America,Furniture,Ergonomic Office Chair,2,239.93,0,479.86,6.98,184.96,Credit Card,2025,2,February,1,479.86,0.38544575501187844,0.014545909223523529,0.0,479.86,472.88,Low,Profitable,No Discount
ORD-10481,2025-03-01,Lucas Yamamoto,Consumer,South Africa,Middle East & Africa,Technology,Webcam HD 1080p,2,48.49,10,87.28,12.86,21.08,Cash on Delivery,2025,3,March,1,87.28,0.24152153987167735,0.1473418881759853,9.698,96.98,74.42,Low,Profitable,Low
ORD-11017,2025-03-01,Olga Taylor,Home Office,United States,North America,Technology,Tablet Stand Holder,4,45.77,10,164.77,13.41,50.67,Credit Card,2025,3,March,1,164.77,0.30751957273775565,0.08138617466771864,18.308000000000003,183.08,151.36,Medium,Profitable,Low
ORD-11755,2025-03-03,Emma Dubois,Consumer,France,Europe,Office Supplies,Sticky Notes Multicolor 6-Pack,6,14.68,15,74.87,15.34,19.89,Credit Card,2025,3,March,1,74.87,0.2656604781621477,0.20488847335381327,13.212,88.08,59.53,High,Profitable,Medium
ORD-10317,2025-03-05,Ingrid Williams,Corporate,France,Europe,Furniture,Ergonomic Office Chair,4,163.97,0,655.88,16.75,245.6,PayPal,2025,3,March,1,655.88,0.37445874245288774,0.025538208208818688,0.0,655.88,639.13,Medium,Profitable,No Discount
ORD-11275,2025-03-05,Jennifer Thomas,Consumer,Brazil,South America,Clothing & Accessories,Travel Backpack 30L,3,55.66,5,158.63,16.73,58.41,Cash on Delivery,2025,3,March,1,158.63,0.3682153438819895,0.10546554876126836,8.349,166.98,141.9,Medium,Profitable,Low
ORD-11471,2025-03-05,Joseph Weber,Consumer,Canada,North America,Technology,Noise Cancelling Earbuds,1,112.7,5,107.06,6.08,38.99,Credit Card,2025,3,March,1,107.06,0.36418830562301513,0.05679058471884924,5.635000000000001,112.7,100.98,Low,Profitable,Low
ORD-11595,2025-03-05,Hanna Williams,Corporate,Mexico,North America,Technology,Webcam HD 1080p,4,71.02,15,241.47,7.41,77.82,PayPal,2025,3,March,1,241.47,0.32227605913778107,0.0306870418685551,42.611999999999995,284.08,234.06,Medium,Profitable,Medium
ORD-11821,2025-03-06,Olivia Zhang,Consumer,Mexico,North America,Office Supplies,Paper Clips Box 500pc,3,3.72,0,11.16,9.25,-3.11,PayPal,2025,3,March,1,11.16,-0.278673835125448,0.828853046594982,0.0,11.16,1.9100000000000001,Medium,Loss-Making,No Discount
ORD-10905,2025-03-07,Chen Romano,Consumer,South Korea,Asia Pacific,Office Supplies,Whiteboard Markers Set 8,2,11.45,5,21.75,11.85,-0.4,Bank Transfer,2025,3,March,1,21.75,-0.01839080459770115,0.5448275862068965,1.145,22.9,9.9,Low,Loss-Making,Low
ORD-11427,2025-03-07,Michael Leroy,Home Office,United States,North America,Office Supplies,Ballpoint Pen Pack 12,6,14.94,15,76.19,10.4,25.45,Credit Card,2025,3,March,1,76.19,0.3340333377083607,0.13650085313033208,13.446,89.64,65.78999999999999,High,Profitable,Medium
ORD-11511,2025-03-07,Kenji Johansson,Consumer,Italy,Europe,Technology,Webcam HD 1080p,1,52.34,5,49.72,7.84,13.09,Bank Transfer,2025,3,March,1,49.72,0.26327433628318586,0.1576830249396621,2.6170000000000004,52.34,41.879999999999995,Low,Profitable,Low
ORD-11727,2025-03-08,Robert Patel,Corporate,South Korea,Asia Pacific,Furniture,Filing Cabinet 3-Drawer,6,128.18,5,730.63,15.96,253.22,Cash on Delivery,2025,3,March,1,730.63,0.34657761110274693,0.02184416188768597,38.45400000000001,769.08,714.67,High,Profitable,Low
ORD-10519,2025-03-09,Jessica Park,Home Office,Spain,Europe,Office Supplies,Binder Clips Assorted 48pc,1,7.4,0,7.4,8.05,-3.98,PayPal,2025,3,March,1,7.4,-0.5378378378378378,1.087837837837838,0.0,7.4,-0.6500000000000004,Low,Loss-Making,No Discount
ORD-11845,2025-03-09,Maria Müller,Corporate,United States,North America,Office Supplies,Whiteboard Markers Set 8,1,12.48,10,11.23,5.52,0.09,Credit Card,2025,3,March,1,11.23,0.008014247551202136,0.49154051647373104,1.2480000000000002,12.48,5.710000000000001,Low,Profitable,Low
ORD-11166,2025-03-10,Hans Müller,Consumer,Nigeria,Middle East & Africa,Furniture,Corner L-Shaped Desk,1,418.59,0,418.59,12.47,154.97,Credit Card,2025,3,March,1,418.59,0.3702190687785184,0.02979048711149335,0.0,418.59,406.11999999999995,Low,Profitable,No Discount
ORD-10619,2025-03-11,John Rodriguez,Consumer,Argentina,South America,Technology,Smart LED Desk Lamp,2,28.19,5,53.56,12.32,10.23,Cash on Delivery,2025,3,March,1,53.56,0.19100074682598955,0.23002240477968633,2.8190000000000004,56.38,41.24,Low,Profitable,Low
ORD-11249,2025-03-12,Susan White,Home Office,Brazil,South America,Technology,Wireless Ergonomic Mouse,9,45.95,20,330.84,24.56,78.83,Credit Card,2025,3,March,1,330.84,0.23827227662918632,0.07423527989360416,82.71000000000001,413.55,306.28,High,Profitable,Medium
ORD-11308,2025-03-14,Ivan Leroy,Home Office,Mexico,North America,Clothing & Accessories,Leather Wallet Minimalist,1,48.23,0,48.23,6.21,17.9,Bank Transfer,2025,3,March,1,48.23,0.37113829566659756,0.12875803441841177,0.0,48.23,42.019999999999996,Low,Profitable,No Discount
ORD-10159,2025-03-15,Sarah Sharma,Home Office,Mexico,North America,Office Supplies,Sticky Notes Multicolor 6-Pack,5,13.18,20,52.72,12.13,10.93,Bank Transfer,2025,3,March,1,52.72,0.2073216995447648,0.23008345978755693,13.180000000000001,65.9,40.589999999999996,Medium,Profitable,Medium
ORD-10247,2025-03-15,Giulia Singh,Consumer,United States,North America,Clothing & Accessories,Leather Belt Classic,1,17.18,0,17.18,7.15,1.44,PayPal,2025,3,March,1,17.18,0.08381839348079162,0.41618160651920844,0.0,17.18,10.03,Low,Profitable,No Discount
ORD-10444,2025-03-15,Giulia Taylor,Consumer,Germany,Europe,Furniture,Bookshelf 5-Tier,2,135.69,10,244.24,8.42,72.99,PayPal,2025,3,March,1,244.24,0.29884539796921056,0.034474287585981,27.138,271.38,235.82000000000002,Low,Profitable,Low
ORD-10136,2025-03-16,Xiao Weber,Home Office,United Kingdom,Europe,Clothing & Accessories,Silk Tie Collection,1,34.17,5,32.46,8.7,6.68,Bank Transfer,2025,3,March,1,32.46,0.2057917436845348,0.26802218114602583,1.7085000000000001,34.17,23.76,Low,Profitable,Low
ORD-10387,2025-03-16,Jennifer Harris,Home Office,Italy,Europe,Technology,Webcam HD 1080p,2,51.32,20,82.11,11.91,13.75,Credit Card,2025,3,March,1,82.11,0.16745828766289125,0.14504932407745708,20.528000000000002,102.64,70.2,Low,Profitable,Medium
ORD-10751,2025-03-16,Pierre Leroy,Home Office,Mexico,North America,Clothing & Accessories,Travel Backpack 30L,9,64.33,5,550.02,22.61,237.92,PayPal,2025,3,March,1,550.02,0.4325660885058725,0.041107596087415,28.948500000000003,578.97,527.41,High,Profitable,Low
ORD-11820,2025-03-17,Mia Anderson,Consumer,France,Europe,Furniture,Filing Cabinet 3-Drawer,3,137.47,10,371.17,12.7,111.02,PayPal,2025,3,March,1,371.17,0.2991082253414877,0.03421612738098445,41.241,412.40999999999997,358.47,Medium,Profitable,Low
ORD-10538,2025-03-18,Richard Ali,Consumer,Japan,Asia Pacific,Clothing & Accessories,Cotton Formal Shirt,1,61.85,0,61.85,11.16,19.77,PayPal,2025,3,March,1,61.85,0.31964430072756667,0.18043654001616816,0.0,61.85,50.69,Low,Profitable,No Discount
ORD-11584,2025-03-18,Richard Zhang,Corporate,Saudi Arabia,Middle East & Africa,Technology,Smart LED Desk Lamp,4,67.37,10,242.53,15.81,78.51,PayPal,2025,3,March,1,242.53,0.32371253040860926,0.06518781181709479,26.948000000000004,269.48,226.72,Medium,Profitable,Low
ORD-11281,2025-03-19,Ali Taylor,Consumer,Mexico,North America,Technology,Webcam HD 1080p,3,81.59,5,232.53,7.31,90.6,PayPal,2025,3,March,1,232.53,0.389627144884531,0.03143680385326624,12.238500000000002,244.77,225.22,Medium,Profitable,Low
ORD-10348,2025-03-20,Olivia White,Consumer,India,Asia Pacific,Furniture,Desk Organizer Set,3,48.66,5,138.68,11.5,39.59,Cash on Delivery,2025,3,March,1,138.68,0.2854773579463513,0.08292471877704066,7.2989999999999995,145.98,127.18,Medium,Profitable,Low
ORD-10585,2025-03-20,Ahmed Zhang,Corporate,United States,North America,Clothing & Accessories,Sports Water Bottle 750ml,7,29.97,5,199.3,15.57,78.84,Bank Transfer,2025,3,March,1,199.3,0.3955845459106874,0.07812343201204214,10.4895,209.79,183.73000000000002,High,Profitable,Low
ORD-10889,2025-03-21,Layla Johansson,Corporate,Nigeria,Middle East & Africa,Technology,USB-C Hub Multiport Adapter,1,29.02,5,27.57,11.87,-0.26,Cash on Delivery,2025,3,March,1,27.57,-0.009430540442509974,0.4305404425099746,1.451,29.02,15.700000000000001,Low,Loss-Making,Low
ORD-10987,2025-03-22,Patricia Wang,Corporate,Germany,Europe,Furniture,Floating Wall Shelves Set,2,78.8,5,149.72,11.19,43.97,PayPal,2025,3,March,1,149.72,0.2936815388725621,0.07473951375901683,7.88,157.6,138.53,Low,Profitable,Low
ORD-11487,2025-03-22,Sakura Zhang,Consumer,Spain,Europe,Technology,Webcam HD 1080p,2,67.91,0,135.82,8.98,52.14,PayPal,2025,3,March,1,135.82,0.38389044323369165,0.06611691945221618,0.0,135.82,126.83999999999999,Low,Profitable,No Discount
ORD-11238,2025-03-25,Carlos Jones,Home Office,Mexico,North America,Office Supplies,Premium Notebook Set A5,3,17.48,10,47.2,7.91,15.69,PayPal,2025,3,March,1,47.2,0.3324152542372881,0.16758474576271185,5.244,52.44,39.290000000000006,Medium,Profitable,Low
ORD-10894,2025-03-26,John Martin,Home Office,Germany,Europe,Clothing & Accessories,Leather Wallet Minimalist,2,55.31,10,99.56,10.62,33.63,PayPal,2025,3,March,1,99.56,0.33778625954198477,0.10666934511852148,11.062000000000001,110.62,88.94,Low,Profitable,Low
ORD-11005,2025-03-26,Emma Anderson,Home Office,Mexico,North America,Technology,Tablet Stand Holder,5,25.46,5,120.94,16.36,34.56,Credit Card,2025,3,March,1,120.94,0.28576153464527865,0.1352736894327766,6.365000000000001,127.30000000000001,104.58,Medium,Profitable,Low
ORD-11310,2025-03-26,Hans Ali,Corporate,Italy,Europe,Office Supplies,Stapler Full-Size,4,19.04,5,72.35,13.88,24.2,Credit Card,2025,3,March,1,72.35,0.3344851416724257,0.191845196959226,3.808,76.16,58.46999999999999,Medium,Profitable,Low
ORD-11862,2025-03-26,Thomas Clark,Consumer,Germany,Europe,Furniture,Desk Organizer Set,2,29.19,20,46.7,11.71,-0.04,Credit Card,2025,3,March,1,46.7,-0.0008565310492505353,0.2507494646680942,11.676000000000002,58.38,34.99,Low,Loss-Making,Medium
ORD-11221,2025-03-27,Olivia Kim,Consumer,South Africa,Middle East & Africa,Technology,Portable External SSD 1TB,2,136.48,15,232.02,15.42,66.47,Bank Transfer,2025,3,March,1,232.02,0.2864839237996724,0.06645978794931472,40.943999999999996,272.96,216.60000000000002,Low,Profitable,Medium
ORD-11757,2025-03-27,Oscar Thompson,Consumer,South Korea,Asia Pacific,Office Supplies,Whiteboard Markers Set 8,2,20.22,25,30.33,10.69,1.44,PayPal,2025,3,March,1,30.33,0.04747774480712166,0.35245631388064624,10.11,40.44,19.64,Low,Profitable,High
ORD-11860,2025-03-27,Hans Patel,Consumer,Canada,North America,Technology,Tablet Stand Holder,2,48.96,5,93.02,9.1,30.06,PayPal,2025,3,March,1,93.02,0.32315631047086646,0.09782842399483982,4.896000000000001,97.92,83.92,Low,Profitable,Low
ORD-10337,2025-03-28,Mary Chen,Home Office,United States,North America,Clothing & Accessories,Cotton Formal Shirt,1,47.73,5,45.34,5.94,15.54,PayPal,2025,3,March,1,45.34,0.34274371415968236,0.1310101455668284,2.3865,47.73,39.400000000000006,Low,Profitable,Low
ORD-11695,2025-03-29,Sophie Jackson,Consumer,Australia,Asia Pacific,Furniture,Corner L-Shaped Desk,1,268.81,20,215.05,10.37,43.39,Credit Card,2025,3,March,1,215.05,0.20176703092304116,0.04822134387351778,53.762,268.81,204.68,Low,Profitable,Medium
ORD-10774,2025-03-30,Lucas Tanaka,Home Office,Saudi Arabia,Middle East & Africa,Technology,USB-C Hub Multiport Adapter,9,50.88,10,412.13,17.34,142.93,PayPal,2025,3,March,1,412.13,0.3468080460049014,0.042074102831630794,45.792,457.92,394.79,High,Profitable,Low
ORD-11193,2025-03-30,Raj Harris,Consumer,Mexico,North America,Technology,USB-C Hub Multiport Adapter,4,43.48,10,156.53,9.46,51.41,Credit Card,2025,3,March,1,156.53,0.3284354436849166,0.060435699226985246,17.392,173.92,147.07,Medium,Profitable,Low
ORD-10331,2025-03-31,Giulia White,Consumer,Australia,Asia Pacific,Furniture,Folding Table Portable,5,45.17,0,225.85,16.44,73.9,Credit Card,2025,3,March,1,225.85,0.32720832410892187,0.07279167589107816,0.0,225.85000000000002,209.41,Medium,Profitable,No Discount
ORD-10704,2025-03-31,Fatima Müller,Corporate,Italy,Europe,Technology,Wireless Bluetooth Headphones,1,77.8,15,66.13,9.26,14.08,Bank Transfer,2025,3,March,1,66.13,0.2129139573567216,0.14002721911386662,11.67,77.8,56.87,Low,Profitable,Medium
ORD-11754,2025-03-31,Sakura Chen,Corporate,India,Asia Pacific,Office Supplies,Stapler Full-Size,11,14.79,25,122.02,23.11,25.7,Bank Transfer,2025,3,March,1,122.02,0.2106212096377643,0.18939518111784953,40.6725,162.69,98.91,High,Profitable,High
ORD-10976,2025-04-01,Ahmed Jackson,Corporate,South Africa,Middle East & Africa,Office Supplies,Desk Calendar 2025,6,17.83,5,101.63,21.4,32.09,Bank Transfer,2025,4,April,2,101.63,0.3157532224736791,0.21056774574436682,5.349,106.97999999999999,80.22999999999999,High,Profitable,Low
ORD-10087,2025-04-02,Omar Schmidt,Corporate,Canada,North America,Furniture,Standing Desk Converter,8,222.57,0,1780.56,10.29,701.93,PayPal,2025,4,April,2,1780.56,0.3942186727771038,0.005779080738644022,0.0,1780.56,1770.27,High,Profitable,No Discount
ORD-11637,2025-04-02,Sarah Brown,Consumer,Canada,North America,Technology,Wireless Ergonomic Mouse,3,42.99,0,128.97,6.89,51.15,Credit Card,2025,4,April,2,128.97,0.3966038613631077,0.05342327673102271,0.0,128.97,122.08,Medium,Profitable,No Discount
ORD-11935,2025-04-02,Isabella Thompson,Consumer,Japan,Asia Pacific,Office Supplies,Stapler Full-Size,14,11.48,0,160.72,39.83,48.57,PayPal,2025,4,April,2,160.72,0.30220258835241415,0.24782229965156793,0.0,160.72,120.89,High,Profitable,No Discount
ORD-10541,2025-04-04,Clara Garcia,Consumer,Canada,North America,Technology,USB-C Hub Multiport Adapter,3,25.43,5,72.48,11.34,19.18,Credit Card,2025,4,April,2,72.48,0.26462472406181015,0.1564569536423841,3.8145,76.28999999999999,61.14,Medium,Profitable,Low
ORD-11429,2025-04-04,Olga Wang,Corporate,France,Europe,Furniture,Desk Organizer Set,2,34.92,0,69.84,11.92,16.02,Cash on Delivery,2025,4,April,2,69.84,0.22938144329896906,0.1706758304696449,0.0,69.84,57.92,Low,Profitable,No Discount
ORD-11614,2025-04-04,Carlos Ali,Consumer,South Korea,Asia Pacific,Clothing & Accessories,Leather Wallet Minimalist,3,24.3,5,69.25,10.77,22.03,PayPal,2025,4,April,2,69.25,0.31812274368231047,0.1555234657039711,3.6450000000000005,72.9,58.480000000000004,Medium,Profitable,Low
ORD-11856,2025-04-04,Kenji Martin,Home Office,Colombia,South America,Office Supplies,Premium Notebook Set A5,2,13.42,5,25.5,12.38,1.04,PayPal,2025,4,April,2,25.5,0.0407843137254902,0.4854901960784314,1.342,26.84,13.12,Low,Profitable,Low
ORD-10255,2025-04-05,Diego Rossi,Corporate,Canada,North America,Technology,Tablet Stand Holder,2,42.23,10,76.01,9.52,20.04,PayPal,2025,4,April,2,76.01,0.26364951980002627,0.12524667806867515,8.446,84.46,66.49000000000001,Low,Profitable,Low
ORD-10906,2025-04-05,Wei Moreau,Corporate,India,Asia Pacific,Technology,Tablet Stand Holder,4,53.71,10,193.36,13.76,61.44,Credit Card,2025,4,April,2,193.36,0.31774927596193625,0.07116259826230864,21.484,214.84,179.60000000000002,Medium,Profitable,Low
ORD-11368,2025-04-05,Elizabeth Williams,Consumer,Canada,North America,Technology,USB-C Hub Multiport Adapter,7,23.09,0,161.63,20.84,51.89,Bank Transfer,2025,4,April,2,161.63,0.3210418857885294,0.1289364598156283,0.0,161.63,140.79,High,Profitable,No Discount
ORD-10300,2025-04-06,David Johansson,Corporate,Spain,Europe,Technology,Mechanical Gaming Keyboard,4,164.84,5,626.39,11.35,252.39,Cash on Delivery,2025,4,April,2,626.39,0.4029278883762512,0.018119701783234087,32.968,659.36,615.04,Medium,Profitable,Low
ORD-10803,2025-04-06,Emma Romano,Home Office,Spain,Europe,Technology,Wireless Bluetooth Headphones,1,219.67,0,219.67,7.71,91.14,Cash on Delivery,2025,4,April,2,219.67,0.4148950698775436,0.03509810169800155,0.0,219.67,211.95999999999998,Low,Profitable,No Discount
ORD-10264,2025-04-07,Omar Thomas,Consumer,Japan,Asia Pacific,Office Supplies,Desk Calendar 2025,4,16.1,25,48.3,13.08,6.24,PayPal,2025,4,April,2,48.3,0.12919254658385093,0.2708074534161491,16.1,64.4,35.22,Medium,Profitable,High
ORD-10615,2025-04-07,Giulia Smith,Corporate,Canada,North America,Clothing & Accessories,Travel Backpack 30L,1,90.62,15,77.03,7.48,24.24,Cash on Delivery,2025,4,April,2,77.03,0.31468259119823444,0.0971050240166169,13.593,90.62,69.55,Low,Profitable,Medium
ORD-11666,2025-04-07,Xiao Rodriguez,Corporate,Germany,Europe,Office Supplies,Ballpoint Pen Pack 12,2,9.78,15,16.63,10.08,-2.25,Bank Transfer,2025,4,April,2,16.63,-0.13529765484064943,0.6061334936861095,2.9339999999999997,19.56,6.549999999999999,Low,Loss-Making,Medium
ORD-10778,2025-04-08,Raj Harris,Consumer,United States,North America,Furniture,Standing Desk Converter,6,154.97,10,836.84,13.94,265.01,Credit Card,2025,4,April,2,836.84,0.3166794130299699,0.0166579035418957,92.982,929.8199999999999,822.9,High,Profitable,Low
ORD-11647,2025-04-08,Emma Chen,Consumer,China,Asia Pacific,Office Supplies,Premium Notebook Set A5,2,20.57,5,39.08,12.63,7.94,Bank Transfer,2025,4,April,2,39.08,0.2031729785056295,0.3231832139201638,2.057,41.14,26.449999999999996,Low,Profitable,Low
ORD-11591,2025-04-09,Priya Romano,Home Office,Italy,Europe,Technology,Wireless Bluetooth Headphones,1,116.2,0,116.2,7.59,44.7,Credit Card,2025,4,April,2,116.2,0.38468158347676423,0.06531841652323579,0.0,116.2,108.61,Low,Profitable,No Discount
ORD-11057,2025-04-10,Ali Müller,Consumer,South Korea,Asia Pacific,Technology,Laptop Stand Adjustable,5,27.29,10,122.8,20.24,27.51,Credit Card,2025,4,April,2,122.8,0.22402280130293162,0.16482084690553744,13.645,136.45,102.56,Medium,Profitable,Low
ORD-11127,2025-04-10,Diego Weber,Home Office,Germany,Europe,Furniture,Filing Cabinet 3-Drawer,4,128.7,0,514.8,10.27,195.65,Credit Card,2025,4,April,2,514.8,0.3800505050505051,0.01994949494949495,0.0,514.8,504.53,Medium,Profitable,No Discount
ORD-11410,2025-04-10,William Wang,Home Office,Nigeria,Middle East & Africa,Technology,Portable External SSD 1TB,3,93.28,10,251.86,18.0,79.95,PayPal,2025,4,April,2,251.86,0.3174382593504328,0.07146827602636385,27.984000000000005,279.84000000000003,233.86,Medium,Profitable,Low
ORD-10123,2025-04-11,Priya Patel,Home Office,Brazil,South America,Furniture,Bookshelf 5-Tier,1,193.39,10,174.05,12.06,45.96,Credit Card,2025,4,April,2,174.05,0.2640620511347314,0.06929043378339557,19.339,193.39,161.99,Low,Profitable,Low
ORD-11126,2025-04-11,David Park,Consumer,Nigeria,Middle East & Africa,Clothing & Accessories,Leather Belt Classic,11,31.57,5,329.91,24.65,131.63,Credit Card,2025,4,April,2,329.91,0.3989876026795186,0.07471734715528476,17.3635,347.27,305.26000000000005,High,Profitable,Low
ORD-11157,2025-04-11,James Miller,Home Office,Canada,North America,Furniture,Monitor Riser Wood,9,33.73,15,258.03,13.96,61.93,Credit Card,2025,4,April,2,258.03,0.24001085145138165,0.05410223617408829,45.5355,303.57,244.06999999999996,High,Profitable,Medium
ORD-11219,2025-04-11,Olga Ali,Consumer,Saudi Arabia,Middle East & Africa,Office Supplies,Whiteboard Markers Set 8,1,14.71,10,13.24,11.69,-5.07,PayPal,2025,4,April,2,13.24,-0.38293051359516617,0.8829305135951662,1.471,14.71,1.5500000000000007,Low,Loss-Making,Low
ORD-11438,2025-04-11,Olga Russo,Consumer,Italy,Europe,Technology,Noise Cancelling Earbuds,1,115.93,5,110.13,9.29,37.08,Credit Card,2025,4,April,2,110.13,0.336692999182784,0.08435485335512576,5.796500000000001,115.93,100.84,Low,Profitable,Low
ORD-11493,2025-04-11,Amina Khan,Corporate,Japan,Asia Pacific,Clothing & Accessories,Leather Wallet Minimalist,1,39.65,0,39.65,11.01,8.81,Bank Transfer,2025,4,April,2,39.65,0.2221941992433796,0.2776796973518285,0.0,39.65,28.64,Low,Profitable,No Discount
ORD-10684,2025-04-12,Ingrid Clark,Corporate,Canada,North America,Office Supplies,Ballpoint Pen Pack 12,1,13.25,5,12.59,5.69,0.94,PayPal,2025,4,April,2,12.59,0.07466243050039714,0.4519459888800636,0.6625000000000001,13.25,6.8999999999999995,Low,Profitable,Low
ORD-11089,2025-04-12,Hans Zhang,Home Office,Spain,Europe,Office Supplies,Desk Calendar 2025,3,9.38,5,26.73,8.95,5.12,PayPal,2025,4,April,2,26.73,0.1915450804339693,0.3348297792742237,1.407,28.14,17.78,Medium,Profitable,Low
ORD-11190,2025-04-12,Jennifer Leroy,Corporate,Japan,Asia Pacific,Technology,Smart LED Desk Lamp,4,55.11,10,198.4,13.84,63.32,Cash on Delivery,2025,4,April,2,198.4,0.3191532258064516,0.06975806451612902,22.044,220.44,184.56,Medium,Profitable,Low
ORD-11312,2025-04-12,Ahmed Hassan,Corporate,Mexico,North America,Technology,Noise Cancelling Earbuds,3,60.01,10,162.03,11.24,51.77,Credit Card,2025,4,April,2,162.03,0.31950873295068816,0.06936986977720175,18.003,180.03,150.79,Medium,Profitable,Low
ORD-11485,2025-04-12,Joseph Garcia,Consumer,China,Asia Pacific,Office Supplies,Stapler Full-Size,2,19.7,10,35.46,10.39,7.34,Credit Card,2025,4,April,2,35.46,0.20699379582628313,0.29300620417371687,3.94,39.4,25.07,Low,Profitable,Low
ORD-10148,2025-04-13,Sarah Smith,Home Office,Brazil,South America,Office Supplies,Highlighters Neon Pack 6,1,8.77,20,7.02,11.14,-8.07,PayPal,2025,4,April,2,7.02,-1.1495726495726497,1.5868945868945872,1.754,8.77,-4.120000000000001,Low,Loss-Making,Medium
ORD-10679,2025-04-13,Sophie Jones,Consumer,Spain,Europe,Technology,Laptop Stand Adjustable,2,44.96,0,89.92,11.48,28.98,Credit Card,2025,4,April,2,89.92,0.3222864768683274,0.12766903914590746,0.0,89.92,78.44,Low,Profitable,No Discount
ORD-11027,2025-04-13,Amir Ali,Consumer,Italy,Europe,Office Supplies,Desk Calendar 2025,4,19.2,10,69.12,12.91,21.65,Credit Card,2025,4,April,2,69.12,0.3132233796296296,0.18677662037037035,7.68,76.8,56.21000000000001,Medium,Profitable,Low
ORD-10990,2025-04-14,Richard Yamamoto,Corporate,Argentina,South America,Furniture,Corner L-Shaped Desk,2,165.71,0,331.42,12.42,120.15,Bank Transfer,2025,4,April,2,331.42,0.3625309275239877,0.03747510711483917,0.0,331.42,319.0,Low,Profitable,No Discount
ORD-11848,2025-04-14,Richard Weber,Consumer,Canada,North America,Technology,Noise Cancelling Earbuds,1,155.22,15,131.94,6.82,39.75,Credit Card,2025,4,April,2,131.94,0.30127330604820374,0.0516901621949371,23.282999999999998,155.22,125.12,Low,Profitable,Medium
ORD-10080,2025-04-16,Hans Sharma,Consumer,South Africa,Middle East & Africa,Technology,Wireless Bluetooth Headphones,2,238.98,5,454.06,12.39,178.79,Cash on Delivery,2025,4,April,2,454.06,0.3937585341144342,0.02728714266836982,23.898,477.96,441.67,Low,Profitable,Low
ORD-10187,2025-04-17,Wei Müller,Corporate,UAE,Middle East & Africa,Office Supplies,Desk Calendar 2025,1,14.87,15,12.64,12.93,-6.98,Bank Transfer,2025,4,April,2,12.64,-0.5522151898734178,1.0229430379746836,2.2304999999999997,14.87,-0.28999999999999915,Low,Loss-Making,Medium
ORD-10198,2025-04-17,Mary Weber,Consumer,Nigeria,Middle East & Africa,Office Supplies,Binder Clips Assorted 48pc,2,12.81,0,25.62,14.26,-0.17,Bank Transfer,2025,4,April,2,25.62,-0.00663544106167057,0.5565964090554254,0.0,25.62,11.360000000000001,Low,Loss-Making,No Discount
ORD-11003,2025-04-18,Layla Jackson,Home Office,India,Asia Pacific,Office Supplies,Binder Clips Assorted 48pc,2,14.06,15,23.9,10.76,0.49,Bank Transfer,2025,4,April,2,23.9,0.020502092050209204,0.45020920502092054,4.218,28.12,13.139999999999999,Low,Profitable,Medium
ORD-11524,2025-04-18,Olivia Anderson,Consumer,Mexico,North America,Office Supplies,Paper Clips Box 500pc,1,9.33,0,9.33,6.05,-0.92,Cash on Delivery,2025,4,April,2,9.33,-0.09860664523043945,0.6484458735262594,0.0,9.33,3.2800000000000002,Low,Loss-Making,No Discount
ORD-11540,2025-04-18,Noah Moreau,Home Office,India,Asia Pacific,Clothing & Accessories,Business Casual Blazer,10,147.28,0,1472.8,27.39,709.01,PayPal,2025,4,April,2,1472.8,0.4814027702335687,0.01859722976643129,0.0,1472.8,1445.4099999999999,High,Profitable,No Discount
ORD-11554,2025-04-18,Hanna Li,Consumer,China,Asia Pacific,Clothing & Accessories,Travel Backpack 30L,2,32.49,5,61.73,11.25,17.99,Credit Card,2025,4,April,2,61.73,0.29143042280900694,0.18224526162319782,3.2490000000000006,64.98,50.48,Low,Profitable,Low
ORD-11278,2025-04-19,Wei Anderson,Consumer,Australia,Asia Pacific,Furniture,Bookshelf 5-Tier,4,67.49,10,242.96,11.71,69.27,Credit Card,2025,4,April,2,242.96,0.2851086598617056,0.048197234112611134,26.996,269.96,231.25,Medium,Profitable,Low
ORD-11829,2025-04-19,Nadia Wang,Consumer,Spain,Europe,Furniture,Ergonomic Office Chair,7,294.09,0,2058.63,15.1,808.35,PayPal,2025,4,April,2,2058.63,0.392664053278151,0.007334975201954697,0.0,2058.6299999999997,2043.5300000000002,High,Profitable,No Discount
ORD-10966,2025-04-20,Wei Li,Corporate,Brazil,South America,Technology,Wireless Ergonomic Mouse,5,61.12,20,244.48,22.01,54.39,Credit Card,2025,4,April,2,244.48,0.22247218586387435,0.09002781413612566,61.12,305.59999999999997,222.47,Medium,Profitable,Medium
ORD-11078,2025-04-20,Layla Leroy,Corporate,Saudi Arabia,Middle East & Africa,Technology,USB-C Hub Multiport Adapter,4,46.7,0,186.8,17.05,67.01,Credit Card,2025,4,April,2,186.8,0.3587259100642398,0.09127408993576017,0.0,186.8,169.75,Medium,Profitable,No Discount
ORD-11656,2025-04-20,Hans Kumar,Consumer,Brazil,South America,Technology,Tablet Stand Holder,4,25.36,20,81.15,14.4,10.96,Cash on Delivery,2025,4,April,2,81.15,0.1350585335797905,0.17744916820702403,20.288,101.44,66.75,Medium,Profitable,Medium
ORD-10634,2025-04-21,Priya Sharma,Corporate,United States,North America,Furniture,Folding Table Portable,13,84.96,15,938.81,32.07,244.05,Cash on Delivery,2025,4,April,2,938.81,0.25995675376274224,0.0341602667206357,165.672,1104.48,906.7399999999999,High,Profitable,Medium
ORD-11841,2025-04-21,Pierre Garcia,Home Office,United States,North America,Office Supplies,Binder Clips Assorted 48pc,1,15.62,0,15.62,6.6,1.99,Bank Transfer,2025,4,April,2,15.62,0.12740076824583868,0.4225352112676056,0.0,15.62,9.02,Low,Profitable,No Discount
ORD-10172,2025-04-22,Amina Singh,Consumer,Mexico,North America,Technology,Noise Cancelling Earbuds,3,155.55,0,466.65,9.51,200.48,PayPal,2025,4,April,2,466.65,0.4296153434051216,0.02037929926068788,0.0,466.65000000000003,457.14,Medium,Profitable,No Discount
ORD-10626,2025-04-22,David Chen,Corporate,Argentina,South America,Clothing & Accessories,Sports Water Bottle 750ml,2,10.67,15,18.14,13.02,-5.55,Bank Transfer,2025,4,April,2,18.14,-0.3059536934950386,0.7177508269018743,3.201,21.34,5.120000000000001,Low,Loss-Making,Medium
ORD-11577,2025-04-22,Xiao White,Corporate,Germany,Europe,Furniture,Filing Cabinet 3-Drawer,3,138.55,0,415.65,9.02,157.24,PayPal,2025,4,April,2,415.65,0.37829904968122224,0.021700950318777817,0.0,415.65000000000003,406.63,Medium,Profitable,No Discount
ORD-10027,2025-04-24,Pierre Pereira,Consumer,China,Asia Pacific,Technology,Webcam HD 1080p,2,76.94,10,138.49,12.94,40.92,Credit Card,2025,4,April,2,138.49,0.295472597299444,0.0934363491948877,15.388,153.88,125.55000000000001,Low,Profitable,Low
ORD-11416,2025-04-25,Liam Clark,Consumer,Nigeria,Middle East & Africa,Technology,Wireless Ergonomic Mouse,10,31.3,10,281.7,16.36,93.19,PayPal,2025,4,April,2,281.7,0.33081292154774583,0.05807596734114306,31.3,313.0,265.34,High,Profitable,Low
ORD-11879,2025-04-25,Giulia Miller,Consumer,Australia,Asia Pacific,Furniture,Standing Desk Converter,2,320.6,0,641.2,12.1,244.38,Credit Card,2025,4,April,2,641.2,0.38112913287585776,0.01887086712414223,0.0,641.2,629.1,Low,Profitable,No Discount
ORD-10854,2025-04-26,Ingrid Robinson,Home Office,Argentina,South America,Technology,Mechanical Gaming Keyboard,1,172.2,0,172.2,12.38,65.11,Credit Card,2025,4,April,2,172.2,0.3781068524970964,0.07189314750290361,0.0,172.2,159.82,Low,Profitable,No Discount
ORD-10244,2025-04-27,Michael Tanaka,Consumer,Germany,Europe,Furniture,Mesh Back Task Chair,2,163.76,15,278.39,11.15,70.73,PayPal,2025,4,April,2,278.39,0.2540680340529473,0.04005172599590503,49.12799999999999,327.52,267.24,Low,Profitable,Medium
ORD-10756,2025-04-27,Lucas Costa,Consumer,United States,North America,Technology,Laptop Stand Adjustable,2,36.57,15,62.17,8.53,13.41,PayPal,2025,4,April,2,62.17,0.21569889013993887,0.13720443944024446,10.971,73.14,53.64,Low,Profitable,Medium
ORD-10289,2025-04-28,Chen Santos,Corporate,Japan,Asia Pacific,Technology,Tablet Stand Holder,7,19.93,10,125.56,20.75,28.08,PayPal,2025,4,April,2,125.56,0.22363810130614845,0.16525963682701497,13.951,139.51,104.81,High,Profitable,Low
ORD-10982,2025-04-28,Sophie Johnson,Home Office,Italy,Europe,Office Supplies,Stapler Full-Size,1,9.5,10,8.55,8.3,-4.03,PayPal,2025,4,April,2,8.55,-0.47134502923976607,0.9707602339181287,0.9500000000000001,9.5,0.25,Low,Loss-Making,Low
ORD-11772,2025-04-28,Christopher Tanaka,Home Office,South Africa,Middle East & Africa,Office Supplies,Stapler Full-Size,8,17.87,20,114.37,18.77,31.27,PayPal,2025,4,April,2,114.37,0.27341085949112526,0.16411646410772054,28.592000000000002,142.96,95.60000000000001,High,Profitable,Medium
ORD-10371,2025-04-30,Sophie Rossi,Corporate,Mexico,North America,Office Supplies,Stapler Full-Size,3,11.65,15,29.71,11.8,2.18,Credit Card,2025,4,April,2,29.71,0.07337596768764726,0.3971726691349714,5.242500000000001,34.95,17.91,Medium,Profitable,Medium
ORD-10856,2025-04-30,Raj Pereira,Consumer,Mexico,North America,Technology,Noise Cancelling Earbuds,1,136.78,10,123.1,7.09,40.78,Credit Card,2025,4,April,2,123.1,0.3312753858651503,0.05759545085296507,13.678,136.78,116.00999999999999,Low,Profitable,Low
ORD-10191,2025-05-01,Karen Hassan,Home Office,France,Europe,Clothing & Accessories,Cotton Formal Shirt,9,25.8,0,232.2,17.11,98.99,PayPal,2025,5,May,2,232.2,0.4263135228251507,0.07368647717484927,0.0,232.20000000000002,215.08999999999997,High,Profitable,No Discount
ORD-11469,2025-05-01,Jennifer Harris,Corporate,Colombia,South America,Clothing & Accessories,Travel Backpack 30L,8,34.0,30,190.4,15.18,39.22,Cash on Delivery,2025,5,May,2,190.4,0.20598739495798318,0.07972689075630252,81.6,272.0,175.22,High,Profitable,High
ORD-11952,2025-05-01,Hanna Rodriguez,Consumer,United Kingdom,Europe,Furniture,Filing Cabinet 3-Drawer,2,155.18,25,232.77,8.56,37.99,Credit Card,2025,5,May,2,232.77,0.16320831722300985,0.036774498431928516,77.59,310.36,224.21,Low,Profitable,High
ORD-11041,2025-05-02,Christopher Harris,Corporate,Germany,Europe,Furniture,Monitor Riser Wood,2,59.73,5,113.49,10.47,31.34,PayPal,2025,5,May,2,113.49,0.2761476782095339,0.0922548242135871,5.973,119.46,103.02,Low,Profitable,Low
ORD-11317,2025-05-02,John Pereira,Consumer,United States,North America,Furniture,Standing Desk Converter,5,217.51,15,924.42,16.81,255.08,Credit Card,2025,5,May,2,924.42,0.2759351809783432,0.018184375067609962,163.1325,1087.55,907.61,Medium,Profitable,Medium
ORD-11405,2025-05-03,Layla Ferrari,Corporate,South Korea,Asia Pacific,Furniture,Monitor Riser Wood,2,60.6,10,109.08,10.52,25.84,Credit Card,2025,5,May,2,109.08,0.2368903557022369,0.09644297763109644,12.120000000000001,121.2,98.56,Low,Profitable,Low
ORD-11819,2025-05-03,Mia Johansson,Consumer,Japan,Asia Pacific,Furniture,Standing Desk Converter,5,166.65,5,791.59,13.99,277.65,Bank Transfer,2025,5,May,2,791.59,0.350749756818555,0.017673290466024078,41.6625,833.25,777.6,Medium,Profitable,Low
ORD-10293,2025-05-04,Emma Wang,Consumer,Italy,Europe,Office Supplies,Tape Dispenser Heavy Duty,6,12.86,15,65.59,16.27,14.6,Credit Card,2025,5,May,2,65.59,0.2225949077603293,0.24805610611373682,11.574,77.16,49.32000000000001,High,Profitable,Medium
ORD-10485,2025-05-04,Omar Patel,Home Office,France,Europe,Technology,Mechanical Gaming Keyboard,5,53.7,5,255.07,19.21,88.18,PayPal,2025,5,May,2,255.07,0.3457090210530443,0.07531265927000431,13.425,268.5,235.85999999999999,Medium,Profitable,Low
ORD-10490,2025-05-04,Hans Costa,Consumer,UAE,Middle East & Africa,Furniture,Standing Desk Converter,1,129.14,0,129.14,12.2,39.46,PayPal,2025,5,May,2,129.14,0.3055598575189717,0.09447111661762429,0.0,129.14,116.93999999999998,Low,Profitable,No Discount
ORD-11756,2025-05-04,Jessica Brown,Home Office,United States,North America,Technology,Smart LED Desk Lamp,1,31.62,5,30.04,7.3,5.35,Bank Transfer,2025,5,May,2,30.04,0.1780958721704394,0.24300932090545938,1.5810000000000002,31.62,22.74,Low,Profitable,Low
ORD-10135,2025-05-06,Ayumi Harris,Consumer,Canada,North America,Technology,USB-C Hub Multiport Adapter,8,56.61,10,407.59,12.04,146.47,Credit Card,2025,5,May,2,407.59,0.3593562158050983,0.029539488211192618,45.288000000000004,452.88,395.54999999999995,High,Profitable,Low
ORD-10698,2025-05-06,Joseph Thompson,Consumer,Colombia,South America,Technology,Wireless Bluetooth Headphones,1,82.26,10,74.03,11.14,17.65,Credit Card,2025,5,May,2,74.03,0.23841685803052814,0.1504795353235175,8.226,82.26,62.89,Low,Profitable,Low
ORD-10911,2025-05-06,Xiao Sharma,Consumer,Argentina,South America,Clothing & Accessories,Polarized Sunglasses,1,29.71,0,29.71,11.72,3.13,PayPal,2025,5,May,2,29.71,0.10535173342308986,0.3944799730730394,0.0,29.71,17.990000000000002,Low,Profitable,No Discount
ORD-11206,2025-05-06,Christopher Jones,Consumer,Canada,North America,Technology,Portable External SSD 1TB,4,144.04,15,489.74,9.35,163.5,PayPal,2025,5,May,2,489.74,0.33385061461183485,0.019091762976273123,86.42399999999999,576.16,480.39,Medium,Profitable,Medium
ORD-11578,2025-05-07,Sarah Leroy,Corporate,United States,North America,Clothing & Accessories,Leather Belt Classic,11,46.45,5,485.4,10.89,219.03,PayPal,2025,5,May,2,485.4,0.4512360939431397,0.02243510506798517,25.547500000000003,510.95000000000005,474.51,High,Profitable,Low
ORD-11677,2025-05-07,Robert Davis,Consumer,South Korea,Asia Pacific,Furniture,Mesh Back Task Chair,1,215.75,5,204.96,10.58,64.93,Credit Card,2025,5,May,2,204.96,0.3167935206869633,0.05161982825917252,10.787500000000001,215.75,194.38,Low,Profitable,Low
ORD-10081,2025-05-08,Sarah Tanaka,Consumer,South Korea,Asia Pacific,Office Supplies,Desk Calendar 2025,4,18.4,15,62.56,15.93,13.51,Cash on Delivery,2025,5,May,2,62.56,0.21595268542199486,0.2546355498721227,11.04,73.6,46.63,Medium,Profitable,Medium
ORD-10618,2025-05-08,Isabella Nilsson,Corporate,Germany,Europe,Furniture,Mesh Back Task Chair,4,250.2,5,950.76,13.7,336.58,PayPal,2025,5,May,2,950.76,0.35401152762000926,0.01440952501156969,50.04,1000.8,937.06,Medium,Profitable,Low
ORD-11389,2025-05-08,Fatima Yamamoto,Consumer,Brazil,South America,Office Supplies,Desk Calendar 2025,7,17.16,0,120.12,18.68,47.39,PayPal,2025,5,May,2,120.12,0.3945221445221445,0.1555111555111555,0.0,120.12,101.44,High,Profitable,No Discount
ORD-11495,2025-05-08,Joseph Schmidt,Home Office,India,Asia Pacific,Office Supplies,Tape Dispenser Heavy Duty,3,18.94,5,53.98,14.46,13.95,Credit Card,2025,5,May,2,53.98,0.2584290477954798,0.26787699147832533,2.8410000000000006,56.82000000000001,39.519999999999996,Medium,Profitable,Low
ORD-11913,2025-05-08,Richard Williams,Consumer,China,Asia Pacific,Technology,Noise Cancelling Earbuds,2,45.23,10,81.41,12.87,18.79,PayPal,2025,5,May,2,81.41,0.23080702616386192,0.15808868689350203,9.046,90.46,68.53999999999999,Low,Profitable,Low
ORD-10002,2025-05-09,Patricia Leroy,Consumer,South Korea,Asia Pacific,Technology,Tablet Stand Holder,7,26.13,15,155.47,14.74,40.13,PayPal,2025,5,May,2,155.47,0.2581205377243198,0.0948092879655239,27.4365,182.91,140.73,High,Profitable,Medium
ORD-10324,2025-05-09,Nadia Rodriguez,Consumer,Mexico,North America,Clothing & Accessories,Travel Backpack 30L,3,37.7,10,101.79,6.73,38.51,Bank Transfer,2025,5,May,2,101.79,0.37832793005206794,0.06611651439237647,11.310000000000002,113.10000000000001,95.06,Medium,Profitable,Low
ORD-10849,2025-05-09,Zara Miller,Consumer,Argentina,South America,Clothing & Accessories,Wool Blend Scarf,2,26.13,0,52.26,14.83,11.3,PayPal,2025,5,May,2,52.26,0.2162265595101416,0.2837734404898584,0.0,52.26,37.43,Low,Profitable,No Discount
ORD-10039,2025-05-10,Oscar Ali,Corporate,Germany,Europe,Furniture,Folding Table Portable,1,125.15,20,100.12,8.65,16.38,PayPal,2025,5,May,2,100.12,0.16360367558929284,0.08639632441070715,25.03,125.15,91.47,Low,Profitable,Medium
ORD-10158,2025-05-10,David Fischer,Consumer,Germany,Europe,Furniture,Mesh Back Task Chair,8,184.19,5,1399.84,12.28,503.45,Cash on Delivery,2025,5,May,2,1399.84,0.359648245513773,0.008772431134986856,73.676,1473.52,1387.56,High,Profitable,Low
ORD-10267,2025-05-11,Barbara White,Consumer,India,Asia Pacific,Office Supplies,Whiteboard Markers Set 8,3,11.95,5,34.06,11.21,6.72,Credit Card,2025,5,May,2,34.06,0.19729888432178508,0.32912507339988256,1.7924999999999998,35.849999999999994,22.85,Medium,Profitable,Low
ORD-11873,2025-05-11,Susan Garcia,Corporate,Argentina,South America,Office Supplies,Whiteboard Markers Set 8,1,6.93,10,6.24,12.29,-9.17,PayPal,2025,5,May,2,6.24,-1.469551282051282,1.969551282051282,0.6930000000000001,6.93,-6.049999999999999,Low,Loss-Making,Low
ORD-10692,2025-05-12,Sakura Davis,Consumer,Canada,North America,Office Supplies,Premium Notebook Set A5,1,10.73,5,10.19,6.83,-1.47,Credit Card,2025,5,May,2,10.19,-0.14425907752698724,0.6702649656526006,0.5365000000000001,10.73,3.3599999999999994,Low,Loss-Making,Low
ORD-11014,2025-05-12,Thomas Costa,Corporate,Canada,North America,Clothing & Accessories,Leather Wallet Minimalist,2,51.67,10,93.01,7.45,33.89,Credit Card,2025,5,May,2,93.01,0.3643694226427266,0.08009891409525857,10.334000000000001,103.34,85.56,Low,Profitable,Low
ORD-11563,2025-05-12,Oscar Martin,Consumer,Spain,Europe,Technology,Wireless Ergonomic Mouse,1,38.97,0,38.97,8.55,8.99,Credit Card,2025,5,May,2,38.97,0.2306902745701822,0.21939953810623558,0.0,38.97,30.419999999999998,Low,Profitable,No Discount
ORD-10764,2025-05-13,Susan Leroy,Consumer,Japan,Asia Pacific,Office Supplies,Binder Clips Assorted 48pc,2,8.5,0,17.0,13.21,-3.86,PayPal,2025,5,May,2,17.0,-0.22705882352941176,0.7770588235294118,0.0,17.0,3.789999999999999,Low,Loss-Making,No Discount
ORD-11386,2025-05-13,David Smith,Corporate,United States,North America,Clothing & Accessories,Business Casual Blazer,1,79.18,15,67.3,6.58,21.13,Cash on Delivery,2025,5,May,2,67.3,0.3139673105497771,0.09777117384843982,11.877,79.18,60.72,Low,Profitable,Medium
ORD-11397,2025-05-13,Thomas Zhang,Home Office,Japan,Asia Pacific,Clothing & Accessories,Wool Blend Scarf,4,40.98,10,147.53,16.39,49.18,Bank Transfer,2025,5,May,2,147.53,0.33335592760794414,0.11109604826137057,16.392,163.92,131.14,Medium,Profitable,Low
ORD-11538,2025-05-13,Pierre Fischer,Consumer,Germany,Europe,Clothing & Accessories,Polarized Sunglasses,2,43.41,0,86.82,8.71,34.7,Credit Card,2025,5,May,2,86.82,0.3996774936650542,0.10032250633494588,0.0,86.82,78.10999999999999,Low,Profitable,No Discount
ORD-11978,2025-05-13,Ingrid Davis,Corporate,Colombia,South America,Technology,Smart LED Desk Lamp,1,38.1,5,36.2,11.13,4.12,PayPal,2025,5,May,2,36.2,0.1138121546961326,0.3074585635359116,1.9050000000000002,38.1,25.07,Low,Profitable,Low
ORD-11989,2025-05-13,Fatima Davis,Consumer,Saudi Arabia,Middle East & Africa,Clothing & Accessories,Silk Tie Collection,4,14.92,5,56.7,15.14,11.72,Credit Card,2025,5,May,2,56.7,0.20670194003527337,0.2670194003527337,2.984,59.68,41.56,Medium,Profitable,Low
ORD-11459,2025-05-14,Lucas Brown,Consumer,South Africa,Middle East & Africa,Furniture,Bookshelf 5-Tier,2,122.78,15,208.73,15.69,45.7,Credit Card,2025,5,May,2,208.73,0.21894313227614623,0.07516887845542088,36.833999999999996,245.56,193.04,Low,Profitable,Medium
ORD-10789,2025-05-15,Jamal Hassan,Consumer,Australia,Asia Pacific,Furniture,Standing Desk Converter,8,323.26,10,2327.47,15.77,760.05,PayPal,2025,5,May,2,2327.47,0.3265563036258255,0.006775597537240008,258.608,2586.08,2311.7,High,Profitable,Low
ORD-11076,2025-05-15,Jamal Pereira,Corporate,Japan,Asia Pacific,Office Supplies,Stapler Full-Size,9,18.45,15,141.14,31.4,35.02,Credit Card,2025,5,May,2,141.14,0.24812243162817066,0.22247413915261444,24.907499999999995,166.04999999999998,109.73999999999998,High,Profitable,Medium
ORD-11611,2025-05-15,Olga Kim,Corporate,Argentina,South America,Office Supplies,Highlighters Neon Pack 6,2,5.41,10,9.74,11.11,-6.24,Credit Card,2025,5,May,2,9.74,-0.6406570841889118,1.1406570841889117,1.082,10.82,-1.3699999999999992,Low,Loss-Making,Low
ORD-10470,2025-05-16,Hans Khan,Consumer,Mexico,North America,Technology,Laptop Stand Adjustable,2,45.5,5,86.45,9.32,27.08,PayPal,2025,5,May,2,86.45,0.31324465008675534,0.10780798149219202,4.55,91.0,77.13,Low,Profitable,Low
ORD-11729,2025-05-16,Oscar Miller,Home Office,South Africa,Middle East & Africa,Technology,Wireless Bluetooth Headphones,6,105.75,0,634.5,19.06,266.46,Cash on Delivery,2025,5,May,2,634.5,0.4199527186761229,0.03003940110323089,0.0,634.5,615.44,High,Profitable,No Discount
ORD-11916,2025-05-16,Barbara Weber,Corporate,Nigeria,Middle East & Africa,Furniture,Floating Wall Shelves Set,2,39.94,5,75.89,15.43,12.53,PayPal,2025,5,May,2,75.89,0.16510739227829752,0.20332059559889312,3.9939999999999998,79.88,60.46,Low,Profitable,Low
ORD-10328,2025-05-17,Ivan Sharma,Corporate,Mexico,North America,Office Supplies,Stapler Full-Size,4,10.58,15,35.97,10.31,6.62,Bank Transfer,2025,5,May,2,35.97,0.18404225743675287,0.2866277453433417,6.348,42.32,25.659999999999997,Medium,Profitable,Medium
ORD-10583,2025-05-17,Christopher Ahmed,Corporate,United States,North America,Clothing & Accessories,Sports Water Bottle 750ml,1,17.94,10,16.15,7.16,0.02,Credit Card,2025,5,May,2,16.15,0.001238390092879257,0.443343653250774,1.7940000000000003,17.94,8.989999999999998,Low,Profitable,Low
ORD-10482,2025-05-18,Hanna Nilsson,Consumer,Mexico,North America,Office Supplies,Binder Clips Assorted 48pc,3,6.54,0,19.62,7.75,3.04,PayPal,2025,5,May,2,19.62,0.15494393476044852,0.3950050968399592,0.0,19.62,11.870000000000001,Medium,Profitable,No Discount
ORD-10685,2025-05-18,William Zhang,Consumer,Brazil,South America,Office Supplies,Desk Calendar 2025,3,12.72,25,28.62,16.83,-5.38,PayPal,2025,5,May,2,28.62,-0.18798043326345212,0.5880503144654087,9.540000000000001,38.160000000000004,11.790000000000003,Medium,Loss-Making,High
ORD-10946,2025-05-18,Liam White,Corporate,United States,North America,Clothing & Accessories,Silk Tie Collection,1,47.58,10,42.82,5.77,13.26,Cash on Delivery,2025,5,May,2,42.82,0.30966837926202706,0.13475011676786547,4.758,47.58,37.05,Low,Profitable,Low
ORD-11954,2025-05-18,Kenji Yamamoto,Consumer,Japan,Asia Pacific,Office Supplies,Ballpoint Pen Pack 12,2,12.85,0,25.7,13.38,0.75,Cash on Delivery,2025,5,May,2,25.7,0.029182879377431907,0.5206225680933853,0.0,25.7,12.319999999999999,Low,Profitable,No Discount
ORD-10492,2025-05-20,Ingrid Clark,Consumer,United States,North America,Office Supplies,Ballpoint Pen Pack 12,5,6.01,15,25.54,7.93,4.09,Credit Card,2025,5,May,2,25.54,0.1601409553641347,0.3104933437744714,4.507499999999999,30.049999999999997,17.61,Medium,Profitable,Medium
ORD-10851,2025-05-20,Emma Martin,Corporate,Italy,Europe,Furniture,Ergonomic Office Chair,5,243.91,5,1158.57,17.69,409.15,Credit Card,2025,5,May,2,1158.57,0.3531508670170987,0.015268822772901078,60.9775,1219.55,1140.8799999999999,Medium,Profitable,Low
ORD-11521,2025-05-20,Michael Miller,Corporate,South Africa,Middle East & Africa,Office Supplies,Sticky Notes Multicolor 6-Pack,7,7.22,10,45.49,24.79,-2.04,PayPal,2025,5,May,2,45.49,-0.0448450208837107,0.5449549351505825,5.054,50.54,20.700000000000003,High,Loss-Making,Low
ORD-11571,2025-05-20,Olivia Clark,Corporate,UAE,Middle East & Africa,Furniture,Monitor Riser Wood,1,46.37,0,46.37,12.69,5.86,Bank Transfer,2025,5,May,2,46.37,0.12637481130040976,0.2736683200345051,0.0,46.37,33.68,Low,Profitable,No Discount
ORD-11528,2025-05-21,Noah Nilsson,Consumer,United States,North America,Furniture,Bookshelf 5-Tier,2,133.23,5,253.14,6.33,86.93,Bank Transfer,2025,5,May,2,253.14,0.3434068104606147,0.025005925574780756,13.323,266.46,246.80999999999997,Low,Profitable,Low
ORD-10122,2025-05-22,William Khan,Corporate,Spain,Europe,Technology,Wireless Ergonomic Mouse,1,37.58,20,30.06,8.21,1.18,Cash on Delivery,2025,5,May,2,30.06,0.03925482368596141,0.27312042581503665,7.516,37.58,21.849999999999998,Low,Profitable,Medium
ORD-10612,2025-05-22,Ingrid Romano,Consumer,France,Europe,Furniture,Mesh Back Task Chair,5,175.88,5,835.43,13.32,294.47,Credit Card,2025,5,May,2,835.43,0.35247716744670415,0.015943885184874856,43.97,879.4,822.1099999999999,Medium,Profitable,Low
ORD-10163,2025-05-24,Priya Brown,Corporate,China,Asia Pacific,Office Supplies,Premium Notebook Set A5,9,24.53,15,187.65,27.64,60.66,Credit Card,2025,5,May,2,187.65,0.32326139088729017,0.1472954969357847,33.1155,220.77,160.01,High,Profitable,Medium
ORD-10406,2025-05-24,Barbara Fischer,Corporate,India,Asia Pacific,Office Supplies,Whiteboard Markers Set 8,3,10.15,15,25.88,16.06,-3.88,PayPal,2025,5,May,2,25.88,-0.14992272024729522,0.6205564142194745,4.5675,30.450000000000003,9.82,Medium,Loss-Making,Medium
ORD-10507,2025-05-26,Patricia Kim,Home Office,United Kingdom,Europe,Furniture,Desk Organizer Set,1,33.54,0,33.54,7.97,5.45,Credit Card,2025,5,May,2,33.54,0.16249254621347645,0.2376267143709004,0.0,33.54,25.57,Low,Profitable,No Discount
ORD-11235,2025-05-27,Ayumi Zhang,Consumer,South Korea,Asia Pacific,Furniture,Standing Desk Converter,4,213.39,5,810.88,18.51,280.23,Credit Card,2025,5,May,2,810.88,0.3455875098658248,0.022827052091554854,42.678,853.56,792.37,Medium,Profitable,Low
ORD-10194,2025-05-29,Patricia Zhang,Corporate,Mexico,North America,Furniture,Filing Cabinet 3-Drawer,5,114.98,20,459.92,8.13,106.85,Credit Card,2025,5,May,2,459.92,0.2323230126978605,0.017676987302139503,114.98,574.9,451.79,Medium,Profitable,Medium
ORD-10206,2025-05-29,Ava Oliveira,Consumer,Germany,Europe,Clothing & Accessories,Leather Wallet Minimalist,6,28.43,5,162.05,16.94,59.82,PayPal,2025,5,May,2,162.05,0.3691453255168158,0.10453563714902808,8.529,170.57999999999998,145.11,High,Profitable,Low
ORD-10209,2025-05-29,Michael Yamamoto,Corporate,China,Asia Pacific,Office Supplies,Ballpoint Pen Pack 12,3,5.01,0,15.03,11.86,-3.59,PayPal,2025,5,May,2,15.03,-0.23885562208915503,0.7890884896872921,0.0,15.03,3.17,Medium,Loss-Making,No Discount
ORD-10762,2025-05-29,Ava Yamamoto,Consumer,Canada,North America,Office Supplies,Whiteboard Markers Set 8,1,9.93,5,9.43,5.79,-0.83,Credit Card,2025,5,May,2,9.43,-0.088016967126193,0.6139978791092259,0.4965,9.93,3.6399999999999997,Low,Loss-Making,Low
ORD-10390,2025-05-30,Layla Chen,Corporate,Germany,Europe,Clothing & Accessories,Leather Belt Classic,3,41.25,5,117.56,8.91,46.78,PayPal,2025,5,May,2,117.56,0.39792446410343657,0.07579108540319837,6.1875,123.75,108.65,Medium,Profitable,Low
ORD-10534,2025-05-30,Thomas Weber,Home Office,South Africa,Middle East & Africa,Technology,Portable External SSD 1TB,5,115.16,5,547.01,16.63,213.69,Cash on Delivery,2025,5,May,2,547.01,0.3906509935832983,0.030401637995649072,28.79,575.8,530.38,Medium,Profitable,Low
ORD-11645,2025-05-30,Wei Harris,Corporate,South Korea,Asia Pacific,Furniture,Desk Organizer Set,9,54.27,5,464.01,21.91,149.04,PayPal,2025,5,May,2,464.01,0.3211999741384884,0.04721880993944096,24.4215,488.43,442.09999999999997,High,Profitable,Low
ORD-11536,2025-05-31,Linda Wang,Consumer,France,Europe,Technology,Portable External SSD 1TB,1,100.53,10,90.48,9.22,25.97,Bank Transfer,2025,5,May,2,90.48,0.287024756852343,0.10190097259062776,10.053,100.53,81.26,Low,Profitable,Low
ORD-11725,2025-05-31,Maria Yamamoto,Consumer,South Korea,Asia Pacific,Technology,Wireless Ergonomic Mouse,6,37.44,5,213.41,15.54,74.32,Credit Card,2025,5,May,2,213.41,0.34824984771097883,0.0728175811817628,11.232,224.64,197.87,High,Profitable,Low
ORD-10181,2025-06-01,Lucas Kim,Consumer,United States,North America,Furniture,Floating Wall Shelves Set,1,65.87,0,65.87,6.61,19.74,PayPal,2025,6,June,2,65.87,0.2996811902231668,0.10034917261272203,0.0,65.87,59.260000000000005,Low,Profitable,No Discount
ORD-10423,2025-06-01,Amina Tanaka,Consumer,Mexico,North America,Office Supplies,Binder Clips Assorted 48pc,2,11.24,10,20.23,6.69,3.42,PayPal,2025,6,June,2,20.23,0.1690558576371725,0.33069698467622344,2.248,22.48,13.54,Low,Profitable,Low
ORD-10784,2025-06-01,Christopher Hassan,Consumer,Mexico,North America,Furniture,Standing Desk Converter,9,148.46,10,1202.53,26.88,373.97,Cash on Delivery,2025,6,June,2,1202.53,0.31098600450716407,0.02235287269340474,133.614,1336.14,1175.6499999999999,High,Profitable,Low
ORD-11616,2025-06-02,Sarah Hassan,Corporate,Mexico,North America,Office Supplies,Highlighters Neon Pack 6,2,10.07,15,17.12,6.12,1.94,Credit Card,2025,6,June,2,17.12,0.11331775700934578,0.3574766355140187,3.021,20.14,11.0,Low,Profitable,Medium
ORD-10597,2025-06-03,Thomas Brown,Home Office,France,Europe,Technology,Wireless Bluetooth Headphones,2,159.65,5,303.33,8.38,119.33,Bank Transfer,2025,6,June,2,303.33,0.39339992747173047,0.027626677216233148,15.965000000000002,319.3,294.95,Low,Profitable,Low
ORD-10974,2025-06-03,Chen Rossi,Home Office,Canada,North America,Office Supplies,Premium Notebook Set A5,1,11.67,10,10.5,6.16,-0.91,Credit Card,2025,6,June,2,10.5,-0.08666666666666667,0.5866666666666667,1.167,11.67,4.34,Low,Loss-Making,Low
ORD-11013,2025-06-03,Nadia Martin,Home Office,United Kingdom,Europe,Clothing & Accessories,Leather Belt Classic,2,16.7,15,28.39,11.41,0.28,Cash on Delivery,2025,6,June,2,28.39,0.009862627685804861,0.40190207819654805,5.01,33.4,16.98,Low,Profitable,Medium
ORD-11486,2025-06-03,Sakura Davis,Corporate,United States,North America,Furniture,Ergonomic Office Chair,5,408.13,15,1734.55,8.12,502.04,Credit Card,2025,6,June,2,1734.55,0.2894353002219596,0.004681329451442737,306.0975,2040.65,1726.43,Medium,Profitable,Medium
ORD-10622,2025-06-04,Nadia Pereira,Consumer,South Africa,Middle East & Africa,Clothing & Accessories,Leather Wallet Minimalist,3,22.94,5,65.38,13.72,17.25,Bank Transfer,2025,6,June,2,65.38,0.263842153563781,0.2098501070663812,3.4410000000000007,68.82000000000001,51.66,Medium,Profitable,Low
ORD-11736,2025-06-04,Richard Rossi,Consumer,Canada,North America,Furniture,Filing Cabinet 3-Drawer,6,112.24,10,606.1,15.24,186.8,PayPal,2025,6,June,2,606.1,0.30819996700214486,0.025144365616234943,67.344,673.4399999999999,590.86,High,Profitable,Low
ORD-11844,2025-06-05,Linda Johnson,Consumer,India,Asia Pacific,Furniture,Mesh Back Task Chair,2,133.72,5,254.07,13.55,80.06,Cash on Delivery,2025,6,June,2,254.07,0.3151100090526233,0.05333175896406503,13.372,267.44,240.51999999999998,Low,Profitable,Low
ORD-11985,2025-06-05,Richard Leroy,Corporate,Japan,Asia Pacific,Technology,Mechanical Gaming Keyboard,4,132.14,25,396.42,16.65,89.06,PayPal,2025,6,June,2,396.42,0.2246607133847939,0.0420009081277433,132.14,528.56,379.77000000000004,Medium,Profitable,High
ORD-10777,2025-06-06,Carlos Ferrari,Consumer,South Korea,Asia Pacific,Technology,Wireless Bluetooth Headphones,10,177.5,0,1775.0,15.06,783.69,Credit Card,2025,6,June,2,1775.0,0.4415154929577465,0.00848450704225352,0.0,1775.0,1759.94,High,Profitable,No Discount
ORD-11116,2025-06-06,Mia Brown,Consumer,Colombia,South America,Technology,Portable External SSD 1TB,3,91.93,5,262.0,17.1,93.22,Cash on Delivery,2025,6,June,2,262.0,0.35580152671755727,0.06526717557251908,13.789500000000002,275.79,244.9,Medium,Profitable,Low
ORD-10270,2025-06-07,Ahmed Weber,Corporate,China,Asia Pacific,Office Supplies,Binder Clips Assorted 48pc,3,9.72,0,29.16,13.7,2.34,Bank Transfer,2025,6,June,2,29.16,0.08024691358024691,0.4698216735253772,0.0,29.160000000000004,15.46,Medium,Profitable,No Discount
ORD-11392,2025-06-07,Diego Li,Consumer,United Kingdom,Europe,Technology,Laptop Stand Adjustable,1,52.67,5,50.04,8.6,12.47,Credit Card,2025,6,June,2,50.04,0.2492006394884093,0.1718625099920064,2.6335,52.67,41.44,Low,Profitable,Low
ORD-11662,2025-06-07,Jennifer Thompson,Corporate,Mexico,North America,Office Supplies,Paper Clips Box 500pc,1,3.44,25,2.58,6.69,-5.66,Credit Card,2025,6,June,2,2.58,-2.193798449612403,2.5930232558139537,0.86,3.44,-4.11,Low,Loss-Making,High
ORD-11722,2025-06-07,Michael Yamamoto,Consumer,Germany,Europe,Clothing & Accessories,Wool Blend Scarf,5,16.98,15,72.17,10.38,19.34,PayPal,2025,6,June,2,72.17,0.2679783843702369,0.14382707496189553,12.735000000000001,84.9,61.79,Medium,Profitable,Medium
ORD-11050,2025-06-08,Christopher Khan,Home Office,United Kingdom,Europe,Office Supplies,Binder Clips Assorted 48pc,4,6.96,15,23.66,14.15,-3.02,Credit Card,2025,6,June,2,23.66,-0.12764158918005072,0.5980557903634827,4.176,27.84,9.51,Medium,Loss-Making,Medium
ORD-11800,2025-06-08,Ethan Jones,Consumer,South Africa,Middle East & Africa,Clothing & Accessories,Leather Belt Classic,2,49.74,0,99.48,14.2,35.54,Credit Card,2025,6,June,2,99.48,0.3572577402492963,0.14274225975070365,0.0,99.48,85.28,Low,Profitable,No Discount
ORD-10304,2025-06-10,Li Pereira,Corporate,Saudi Arabia,Middle East & Africa,Office Supplies,Ballpoint Pen Pack 12,1,14.71,10,13.24,12.16,-5.54,Credit Card,2025,6,June,2,13.24,-0.41842900302114805,0.918429003021148,1.471,14.71,1.08,Low,Loss-Making,Low
ORD-10428,2025-06-10,Felix Patel,Consumer,Italy,Europe,Furniture,Bookshelf 5-Tier,1,126.48,5,120.16,9.35,34.92,Bank Transfer,2025,6,June,2,120.16,0.2906125166444741,0.07781291611185087,6.324000000000001,126.48,110.81,Low,Profitable,Low
ORD-11134,2025-06-10,Noah Chen,Consumer,Canada,North America,Furniture,Floating Wall Shelves Set,2,81.06,10,145.91,9.58,39.06,PayPal,2025,6,June,2,145.91,0.2676992666712357,0.06565691179494208,16.212,162.12,136.32999999999998,Low,Profitable,Low
ORD-11313,2025-06-11,Clara Moreau,Corporate,United States,North America,Technology,Portable External SSD 1TB,1,95.57,30,66.9,6.55,7.79,PayPal,2025,6,June,2,66.9,0.11644245142002989,0.09790732436472346,28.670999999999996,95.57,60.35000000000001,Low,Profitable,High
ORD-11243,2025-06-12,Isabella Russo,Corporate,Germany,Europe,Furniture,Bookshelf 5-Tier,1,177.19,10,159.47,7.89,45.27,Cash on Delivery,2025,6,June,2,159.47,0.28387784536276417,0.049476390543675926,17.719,177.19,151.58,Low,Profitable,Low
ORD-11097,2025-06-14,Ivan Patel,Home Office,Australia,Asia Pacific,Furniture,Standing Desk Converter,1,134.93,15,114.69,11.49,22.24,Credit Card,2025,6,June,2,114.69,0.19391402912198097,0.10018310227569972,20.2395,134.93,103.2,Low,Profitable,Medium
ORD-11105,2025-06-14,Diego Suzuki,Corporate,Brazil,South America,Technology,Mechanical Gaming Keyboard,8,84.99,5,645.92,16.53,255.43,Credit Card,2025,6,June,2,645.92,0.3954514490958633,0.025591404508298245,33.996,679.92,629.39,High,Profitable,Low
ORD-11878,2025-06-14,Sophie Chen,Corporate,Canada,North America,Furniture,Floating Wall Shelves Set,2,89.6,5,170.24,9.88,52.84,Bank Transfer,2025,6,June,2,170.24,0.3103853383458647,0.05803571428571429,8.959999999999999,179.2,160.36,Low,Profitable,Low
ORD-10357,2025-06-16,Robert Taylor,Home Office,United States,North America,Office Supplies,Sticky Notes Multicolor 6-Pack,1,4.99,0,4.99,6.34,-3.6,Bank Transfer,2025,6,June,2,4.99,-0.721442885771543,1.2705410821643286,0.0,4.99,-1.3499999999999996,Low,Loss-Making,No Discount
ORD-11377,2025-06-16,Giulia Müller,Corporate,Japan,Asia Pacific,Technology,Wireless Ergonomic Mouse,2,24.99,5,47.48,10.52,9.47,PayPal,2025,6,June,2,47.48,0.19945240101095202,0.2215669755686605,2.499,49.98,36.959999999999994,Low,Profitable,Low
ORD-10617,2025-06-17,Yuki Suzuki,Corporate,China,Asia Pacific,Furniture,Floating Wall Shelves Set,1,32.11,20,25.69,10.11,-3.69,Bank Transfer,2025,6,June,2,25.69,-0.14363565589723626,0.3935383417672246,6.422000000000001,32.11,15.580000000000002,Low,Loss-Making,Medium
ORD-10797,2025-06-18,Amina Taylor,Home Office,South Africa,Middle East & Africa,Clothing & Accessories,Travel Backpack 30L,1,39.86,0,39.86,11.78,8.15,Bank Transfer,2025,6,June,2,39.86,0.2044656297039639,0.29553437029603613,0.0,39.86,28.08,Low,Profitable,No Discount
ORD-10886,2025-06-18,Ava Clark,Consumer,United Kingdom,Europe,Clothing & Accessories,Leather Wallet Minimalist,4,44.68,10,160.85,12.79,58.7,Credit Card,2025,6,June,2,160.85,0.3649362760335717,0.07951507615791109,17.872,178.72,148.06,Medium,Profitable,Low
ORD-11185,2025-06-18,William Garcia,Corporate,United Kingdom,Europe,Office Supplies,Tape Dispenser Heavy Duty,1,19.01,15,16.16,9.44,-1.83,Credit Card,2025,6,June,2,16.16,-0.11324257425742575,0.5841584158415841,2.8515,19.01,6.720000000000001,Low,Loss-Making,Medium
ORD-11382,2025-06-18,Ivan Santos,Corporate,Canada,North America,Furniture,Ergonomic Office Chair,7,422.4,30,2069.76,15.51,280.17,PayPal,2025,6,June,2,2069.76,0.13536352040816327,0.007493622448979591,887.0399999999998,2956.7999999999997,2054.25,High,Profitable,High
ORD-10870,2025-06-19,Emma Jones,Home Office,Mexico,North America,Furniture,Corner L-Shaped Desk,3,227.94,0,683.82,9.86,263.67,Credit Card,2025,6,June,2,683.82,0.3855839255944547,0.014418999151823578,0.0,683.8199999999999,673.96,Medium,Profitable,No Discount
ORD-10535,2025-06-20,Liam Zhang,Home Office,China,Asia Pacific,Technology,USB-C Hub Multiport Adapter,1,22.46,5,21.34,9.83,-0.84,PayPal,2025,6,June,2,21.34,-0.03936269915651359,0.4606373008434864,1.123,22.46,11.51,Low,Loss-Making,Low
ORD-10570,2025-06-20,Felix Pereira,Consumer,Italy,Europe,Office Supplies,Highlighters Neon Pack 6,2,11.32,0,22.64,10.02,2.43,PayPal,2025,6,June,2,22.64,0.1073321554770318,0.44257950530035334,0.0,22.64,12.620000000000001,Low,Profitable,No Discount
ORD-11320,2025-06-20,Sophie Chen,Home Office,Spain,Europe,Furniture,Floating Wall Shelves Set,2,56.68,15,96.36,8.36,19.98,Credit Card,2025,6,June,2,96.36,0.20734744707347447,0.0867579908675799,17.003999999999998,113.36,88.0,Low,Profitable,Medium
ORD-10735,2025-06-21,Ali Yamamoto,Consumer,China,Asia Pacific,Furniture,Folding Table Portable,2,125.68,10,226.22,12.02,63.38,Credit Card,2025,6,June,2,226.22,0.2801697462646981,0.05313411723101406,25.136000000000003,251.36,214.2,Low,Profitable,Low
ORD-10200,2025-06-22,Lucas Moreau,Home Office,Mexico,North America,Furniture,Mesh Back Task Chair,6,111.51,15,568.7,11.57,155.69,Cash on Delivery,2025,6,June,2,568.7,0.27376472656936873,0.02034464568313698,100.35900000000001,669.0600000000001,557.13,High,Profitable,Medium
ORD-10776,2025-06-22,Karen Yamamoto,Corporate,United Kingdom,Europe,Technology,Laptop Stand Adjustable,2,27.7,25,41.55,8.78,2.3,Credit Card,2025,6,June,2,41.55,0.05535499398315283,0.21131167268351383,13.85,55.4,32.769999999999996,Low,Profitable,High
ORD-11022,2025-06-22,Amina Anderson,Corporate,India,Asia Pacific,Office Supplies,Desk Calendar 2025,1,12.26,10,11.03,10.84,-5.33,Credit Card,2025,6,June,2,11.03,-0.4832275611967362,0.9827742520398912,1.226,12.26,0.1899999999999995,Low,Loss-Making,Low
ORD-10033,2025-06-23,Olga Johansson,Corporate,Australia,Asia Pacific,Furniture,Filing Cabinet 3-Drawer,5,166.9,25,625.88,18.86,106.32,PayPal,2025,6,June,2,625.88,0.1698728190707484,0.030133571930721543,208.625,834.5,607.02,Medium,Profitable,High
ORD-11875,2025-06-23,David Kumar,Consumer,Spain,Europe,Technology,Wireless Ergonomic Mouse,1,51.63,0,51.63,7.8,15.43,PayPal,2025,6,June,2,51.63,0.2988572535347666,0.15107495642068564,0.0,51.63,43.830000000000005,Low,Profitable,No Discount
ORD-11958,2025-06-23,Susan Harris,Consumer,France,Europe,Furniture,Bookshelf 5-Tier,1,144.89,10,130.4,8.09,35.38,Credit Card,2025,6,June,2,130.4,0.27131901840490796,0.06203987730061349,14.488999999999999,144.89,122.31,Low,Profitable,Low
ORD-10564,2025-06-24,Christopher Chen,Consumer,South Korea,Asia Pacific,Office Supplies,Binder Clips Assorted 48pc,7,13.53,0,94.71,20.02,32.07,Credit Card,2025,6,June,2,94.71,0.3386126069052899,0.21138211382113822,0.0,94.71,74.69,High,Profitable,No Discount
ORD-10630,2025-06-24,Carlos Jackson,Corporate,Saudi Arabia,Middle East & Africa,Office Supplies,Tape Dispenser Heavy Duty,4,18.9,20,60.48,16.12,10.34,Credit Card,2025,6,June,2,60.48,0.17096560846560846,0.26653439153439157,15.12,75.6,44.36,Medium,Profitable,Medium
ORD-10639,2025-06-24,Hans Ferrari,Home Office,Germany,Europe,Office Supplies,Ballpoint Pen Pack 12,1,16.31,0,16.31,8.77,0.2,Credit Card,2025,6,June,2,16.31,0.012262415695892093,0.5377069282648682,0.0,16.31,7.539999999999999,Low,Profitable,No Discount
ORD-11585,2025-06-24,Clara Martinez,Home Office,United States,North America,Clothing & Accessories,Polarized Sunglasses,2,70.84,15,120.43,7.08,42.51,PayPal,2025,6,June,2,120.43,0.35298513659387193,0.05878933820476625,21.252,141.68,113.35000000000001,Low,Profitable,Medium
ORD-11963,2025-06-24,Sarah Rossi,Corporate,United Kingdom,Europe,Office Supplies,Whiteboard Markers Set 8,5,19.61,20,78.44,10.31,24.01,Cash on Delivery,2025,6,June,2,78.44,0.3060938296787354,0.1314380418154003,19.61,98.05,68.13,Medium,Profitable,Medium
ORD-10522,2025-06-25,Lucas Nilsson,Corporate,Germany,Europe,Furniture,Mesh Back Task Chair,8,284.78,5,2164.33,25.98,771.41,Bank Transfer,2025,6,June,2,2164.33,0.35641976962847627,0.012003714775473242,113.91199999999999,2278.24,2138.35,High,Profitable,Low
ORD-11032,2025-06-25,Jamal Robinson,Corporate,Japan,Asia Pacific,Technology,Wireless Bluetooth Headphones,11,61.31,5,640.69,33.82,235.94,PayPal,2025,6,June,2,640.69,0.36825922052786836,0.05278683918899935,33.72050000000001,674.4100000000001,606.87,High,Profitable,Low
ORD-11425,2025-06-25,Li Harris,Consumer,Mexico,North America,Technology,Tablet Stand Holder,3,22.6,10,61.02,6.51,17.22,Credit Card,2025,6,June,2,61.02,0.2822025565388397,0.10668633235004915,6.780000000000001,67.80000000000001,54.510000000000005,Medium,Profitable,Low
ORD-11602,2025-06-25,Chen Martin,Consumer,Italy,Europe,Office Supplies,Whiteboard Markers Set 8,4,7.06,0,28.24,13.62,1.91,Cash on Delivery,2025,6,June,2,28.24,0.06763456090651558,0.48229461756373937,0.0,28.24,14.62,Medium,Profitable,No Discount
ORD-11865,2025-06-25,Olga Yamamoto,Consumer,UAE,Middle East & Africa,Technology,Wireless Ergonomic Mouse,1,34.77,0,34.77,11.76,3.89,Credit Card,2025,6,June,2,34.77,0.11187805579522576,0.33822260569456425,0.0,34.77,23.010000000000005,Low,Profitable,No Discount
ORD-11907,2025-06-25,Nadia Thomas,Consumer,Japan,Asia Pacific,Clothing & Accessories,Leather Belt Classic,6,17.93,10,96.82,15.34,27.69,Credit Card,2025,6,June,2,96.82,0.28599462920884117,0.15843833918611858,10.758000000000001,107.58,81.47999999999999,High,Profitable,Low
ORD-10232,2025-06-27,Elizabeth Johnson,Home Office,Mexico,North America,Clothing & Accessories,Cotton Formal Shirt,6,65.25,5,371.92,8.51,167.66,PayPal,2025,6,June,2,371.92,0.450795870079587,0.022881264788126476,19.575000000000003,391.5,363.41,High,Profitable,Low
ORD-10829,2025-06-27,Jennifer Ferrari,Consumer,Mexico,North America,Technology,Laptop Stand Adjustable,2,38.03,5,72.26,9.29,21.14,PayPal,2025,6,June,2,72.26,0.2925546637143648,0.12856352061998338,3.8030000000000004,76.06,62.970000000000006,Low,Profitable,Low
ORD-10914,2025-06-27,Patricia Jackson,Corporate,Spain,Europe,Clothing & Accessories,Leather Belt Classic,3,53.91,0,161.73,12.12,68.74,Credit Card,2025,6,June,2,161.73,0.42502936993755025,0.07493971433871267,0.0,161.73,149.60999999999999,Medium,Profitable,No Discount
ORD-10656,2025-06-28,Emma Johnson,Corporate,South Africa,Middle East & Africa,Technology,Wireless Ergonomic Mouse,4,40.01,0,160.04,16.42,55.6,Cash on Delivery,2025,6,June,2,160.04,0.3474131467133217,0.1025993501624594,0.0,160.04,143.62,Medium,Profitable,No Discount
ORD-11872,2025-06-28,Noah Tanaka,Consumer,China,Asia Pacific,Technology,Laptop Stand Adjustable,9,58.82,5,502.91,25.7,186.05,PayPal,2025,6,June,2,502.91,0.3699469089896801,0.05110258296713129,26.469,529.38,477.21000000000004,High,Profitable,Low
ORD-10834,2025-06-30,Chen Khan,Corporate,United States,North America,Office Supplies,Binder Clips Assorted 48pc,2,8.98,10,16.16,9.66,-1.58,PayPal,2025,6,June,2,16.16,-0.09777227722772278,0.5977722772277227,1.7960000000000003,17.96,6.5,Low,Loss-Making,Low
ORD-11775,2025-06-30,Ayumi Romano,Consumer,Mexico,North America,Furniture,Desk Organizer Set,3,29.12,0,87.36,11.41,23.53,Cash on Delivery,2025,6,June,2,87.36,0.26934523809523814,0.13060897435897437,0.0,87.36,75.95,Medium,Profitable,No Discount
ORD-10479,2025-07-02,Joseph Clark,Consumer,China,Asia Pacific,Furniture,Desk Organizer Set,4,17.48,10,62.93,12.78,8.2,Cash on Delivery,2025,7,July,3,62.93,0.13030351183855077,0.203082790402034,6.992000000000001,69.92,50.15,Medium,Profitable,Low
ORD-10161,2025-07-03,Robert Harris,Consumer,United States,North America,Office Supplies,Premium Notebook Set A5,1,12.16,5,11.55,6.58,-0.5,Bank Transfer,2025,7,July,3,11.55,-0.04329004329004329,0.5696969696969697,0.6080000000000001,12.16,4.970000000000001,Low,Loss-Making,Low
ORD-10596,2025-07-03,Elizabeth Park,Corporate,United Kingdom,Europe,Office Supplies,Ballpoint Pen Pack 12,8,17.67,10,127.22,25.24,38.37,PayPal,2025,7,July,3,127.22,0.3016035214588901,0.19839647854110987,14.136000000000003,141.36,101.98,High,Profitable,Low
ORD-11574,2025-07-03,Emma Kim,Consumer,United Kingdom,Europe,Furniture,Folding Table Portable,1,94.65,10,85.19,8.91,19.49,Cash on Delivery,2025,7,July,3,85.19,0.22878272097664043,0.10458974057988027,9.465000000000002,94.65,76.28,Low,Profitable,Low
ORD-10859,2025-07-04,Ayumi White,Corporate,United States,North America,Furniture,Folding Table Portable,2,49.81,0,99.62,8.52,31.33,Credit Card,2025,7,July,3,99.62,0.3144950813089741,0.08552499498092751,0.0,99.62,91.10000000000001,Low,Profitable,No Discount
ORD-10285,2025-07-06,Amir Yamamoto,Home Office,Canada,North America,Technology,Wireless Ergonomic Mouse,1,42.35,5,40.23,6.81,10.13,Credit Card,2025,7,July,3,40.23,0.251802137708178,0.16927665920954513,2.1175,42.35,33.419999999999995,Low,Profitable,Low
ORD-10995,2025-07-06,Olivia Schmidt,Home Office,Italy,Europe,Clothing & Accessories,Sports Water Bottle 750ml,1,9.44,0,9.44,9.42,-4.7,PayPal,2025,7,July,3,9.44,-0.49788135593220345,0.9978813559322034,0.0,9.44,0.019999999999999574,Low,Loss-Making,No Discount
ORD-11291,2025-07-06,Mary Laurent,Consumer,India,Asia Pacific,Technology,Tablet Stand Holder,4,16.22,25,48.66,16.63,-3.65,PayPal,2025,7,July,3,48.66,-0.07501027538018908,0.3417591450883683,16.22,64.88,32.03,Medium,Loss-Making,High
ORD-11983,2025-07-06,Clara Sharma,Consumer,South Africa,Middle East & Africa,Furniture,Floating Wall Shelves Set,6,75.93,5,432.8,17.42,142.03,PayPal,2025,7,July,3,432.8,0.32816543438077633,0.04024953789279113,22.779000000000003,455.58000000000004,415.38,High,Profitable,Low
ORD-10553,2025-07-07,Hanna Fischer,Consumer,India,Asia Pacific,Office Supplies,Premium Notebook Set A5,5,10.74,5,51.02,15.88,10.97,PayPal,2025,7,July,3,51.02,0.2150137201097609,0.31125049000392,2.6850000000000005,53.7,35.14,Medium,Profitable,Low
ORD-11640,2025-07-07,Christopher Chen,Consumer,Japan,Asia Pacific,Clothing & Accessories,Silk Tie Collection,3,13.01,0,39.03,14.95,4.57,PayPal,2025,7,July,3,39.03,0.11708941839610557,0.38303868818857284,0.0,39.03,24.080000000000002,Medium,Profitable,No Discount
ORD-10101,2025-07-08,Elizabeth Taylor,Home Office,Australia,Asia Pacific,Office Supplies,Stapler Full-Size,12,15.36,5,175.1,38.3,53.86,Credit Card,2025,7,July,3,175.1,0.30759565962307256,0.2187321530553969,9.216,184.32,136.8,High,Profitable,Low
ORD-11004,2025-07-08,Marco Ferrari,Consumer,Japan,Asia Pacific,Technology,Mechanical Gaming Keyboard,1,59.17,0,59.17,11.08,15.55,Credit Card,2025,7,July,3,59.17,0.26280209565658275,0.1872570559405104,0.0,59.17,48.09,Low,Profitable,No Discount
ORD-11114,2025-07-10,Sakura Kim,Consumer,Germany,Europe,Clothing & Accessories,Leather Belt Classic,2,40.96,0,81.92,8.07,32.89,Credit Card,2025,7,July,3,81.92,0.4014892578125,0.0985107421875,0.0,81.92,73.85,Low,Profitable,No Discount
ORD-11388,2025-07-12,Chen Ali,Corporate,Colombia,South America,Furniture,Folding Table Portable,1,117.46,10,105.71,11.69,23.54,PayPal,2025,7,July,3,105.71,0.222684703433923,0.11058556427963297,11.746,117.46,94.02,Low,Profitable,Low
ORD-10526,2025-07-13,Thomas Oliveira,Corporate,France,Europe,Furniture,Bookshelf 5-Tier,4,96.5,20,308.8,15.4,61.8,Credit Card,2025,7,July,3,308.8,0.20012953367875647,0.04987046632124352,77.2,386.0,293.40000000000003,Medium,Profitable,Medium
ORD-10740,2025-07-13,William Martinez,Consumer,France,Europe,Clothing & Accessories,Sports Water Bottle 750ml,7,12.71,0,88.97,11.25,33.23,Cash on Delivery,2025,7,July,3,88.97,0.3734966842755985,0.12644711700573227,0.0,88.97,77.72,High,Profitable,No Discount
ORD-11305,2025-07-13,Clara Martin,Consumer,United States,North America,Clothing & Accessories,Wool Blend Scarf,5,38.49,0,192.45,17.33,78.89,Cash on Delivery,2025,7,July,3,192.45,0.4099246557547415,0.09004936347103143,0.0,192.45000000000002,175.12,Medium,Profitable,No Discount
ORD-11937,2025-07-13,Carlos Tanaka,Corporate,France,Europe,Furniture,Corner L-Shaped Desk,5,431.91,5,2051.57,9.75,746.09,Bank Transfer,2025,7,July,3,2051.57,0.3636678251290475,0.004752457873725975,107.97750000000002,2159.55,2041.8200000000002,Medium,Profitable,Low
ORD-10959,2025-07-14,Ethan Thomas,Corporate,Nigeria,Middle East & Africa,Clothing & Accessories,Leather Wallet Minimalist,3,46.07,0,138.21,14.18,54.93,Bank Transfer,2025,7,July,3,138.21,0.39743868026915563,0.10259749656320091,0.0,138.21,124.03,Medium,Profitable,No Discount
ORD-11527,2025-07-14,Elizabeth Santos,Consumer,Germany,Europe,Clothing & Accessories,Leather Wallet Minimalist,2,15.72,10,28.3,9.2,3.38,Cash on Delivery,2025,7,July,3,28.3,0.11943462897526501,0.3250883392226148,3.144,31.44,19.1,Low,Profitable,Low
ORD-10192,2025-07-15,Wei Laurent,Consumer,Italy,Europe,Furniture,Monitor Riser Wood,4,27.46,0,109.84,11.74,32.2,Credit Card,2025,7,July,3,109.84,0.2931536780772032,0.10688273852876912,0.0,109.84,98.10000000000001,Medium,Profitable,No Discount
ORD-10465,2025-07-15,John Suzuki,Corporate,United Kingdom,Europe,Furniture,Standing Desk Converter,1,239.62,15,203.68,9.4,50.51,Credit Card,2025,7,July,3,203.68,0.24798703849175174,0.04615082482325216,35.943,239.62,194.28,Low,Profitable,Medium
ORD-10782,2025-07-15,Christopher Park,Consumer,France,Europe,Furniture,Desk Organizer Set,2,59.54,5,113.13,9.46,32.22,Credit Card,2025,7,July,3,113.13,0.2848050914876691,0.08362061345354903,5.954000000000001,119.08,103.66999999999999,Low,Profitable,Low
ORD-11016,2025-07-15,Layla Jackson,Consumer,Spain,Europe,Furniture,Folding Table Portable,1,77.09,5,73.24,9.28,17.71,PayPal,2025,7,July,3,73.24,0.24180775532495907,0.12670671764063354,3.8545000000000003,77.09,63.959999999999994,Low,Profitable,Low
ORD-11150,2025-07-16,Emma Sharma,Consumer,UAE,Middle East & Africa,Technology,Tablet Stand Holder,12,29.22,20,280.51,32.57,55.09,PayPal,2025,7,July,3,280.51,0.19639228548001855,0.11610994260454173,70.128,350.64,247.94,High,Profitable,Medium
ORD-11213,2025-07-16,David Nilsson,Consumer,Japan,Asia Pacific,Clothing & Accessories,Travel Backpack 30L,2,94.59,10,170.26,12.29,63.38,Cash on Delivery,2025,7,July,3,170.26,0.37225419945965,0.0721837190179725,18.918000000000003,189.18,157.97,Low,Profitable,Low
ORD-11630,2025-07-16,Giulia Russo,Corporate,Japan,Asia Pacific,Office Supplies,Tape Dispenser Heavy Duty,2,22.61,20,36.18,11.67,4.16,PayPal,2025,7,July,3,36.18,0.11498065229408513,0.3225538971807628,9.044,45.22,24.509999999999998,Low,Profitable,Medium
ORD-10089,2025-07-17,Li Suzuki,Consumer,Canada,North America,Furniture,Standing Desk Converter,2,178.14,0,356.28,9.81,132.7,PayPal,2025,7,July,3,356.28,0.37245986302907824,0.027534523408555073,0.0,356.28,346.46999999999997,Low,Profitable,No Discount
ORD-10598,2025-07-17,Ingrid Pereira,Corporate,Japan,Asia Pacific,Furniture,Mesh Back Task Chair,4,274.79,5,1044.2,18.5,366.2,Bank Transfer,2025,7,July,3,1044.2,0.35069909978931235,0.017716912468875693,54.958000000000006,1099.16,1025.7,Medium,Profitable,Low
ORD-10094,2025-07-18,Patricia Garcia,Corporate,Canada,North America,Furniture,Desk Organizer Set,2,29.02,25,43.53,8.38,0.33,Cash on Delivery,2025,7,July,3,43.53,0.007580978635423846,0.19251091201470252,14.51,58.04,35.15,Low,Profitable,High
ORD-11072,2025-07-18,Oscar Chen,Corporate,Mexico,North America,Technology,Mechanical Gaming Keyboard,7,143.11,25,751.33,19.7,180.66,PayPal,2025,7,July,3,751.33,0.2404535956237605,0.02622016956596968,250.44250000000002,1001.7700000000001,731.63,High,Profitable,High
ORD-10603,2025-07-19,Noah Russo,Consumer,United Kingdom,Europe,Clothing & Accessories,Business Casual Blazer,8,94.55,10,680.76,22.09,280.47,PayPal,2025,7,July,3,680.76,0.4119954168870087,0.032449027557435804,75.64,756.4,658.67,High,Profitable,Low
ORD-10875,2025-07-19,Patricia Pereira,Corporate,Spain,Europe,Furniture,Corner L-Shaped Desk,4,367.48,10,1322.93,9.83,431.15,Credit Card,2025,7,July,3,1322.93,0.3259053767017151,0.007430476291262576,146.99200000000002,1469.92,1313.1000000000001,Medium,Profitable,Low
ORD-11516,2025-07-19,Michael Ahmed,Consumer,Canada,North America,Furniture,Corner L-Shaped Desk,2,196.01,0,392.02,9.09,147.72,Credit Card,2025,7,July,3,392.02,0.3768175093107495,0.02318759246977195,0.0,392.02,382.93,Low,Profitable,No Discount
ORD-11854,2025-07-19,Richard Sharma,Consumer,Italy,Europe,Technology,USB-C Hub Multiport Adapter,1,44.78,10,40.3,8.85,6.82,Cash on Delivery,2025,7,July,3,40.3,0.16923076923076924,0.21960297766749381,4.478000000000001,44.78,31.449999999999996,Low,Profitable,Low
ORD-10205,2025-07-20,Clara Dubois,Corporate,India,Asia Pacific,Clothing & Accessories,Wool Blend Scarf,7,41.19,20,230.66,13.8,72.7,Cash on Delivery,2025,7,July,3,230.66,0.31518251972600364,0.059828318737535774,57.666,288.33,216.85999999999999,High,Profitable,Medium
ORD-10334,2025-07-20,Ethan Santos,Consumer,China,Asia Pacific,Clothing & Accessories,Travel Backpack 30L,1,30.37,5,28.85,10.62,3.05,PayPal,2025,7,July,3,28.85,0.10571923743500865,0.3681109185441941,1.5185000000000002,30.37,18.230000000000004,Low,Profitable,Low
ORD-10895,2025-07-20,Mary Anderson,Consumer,Australia,Asia Pacific,Technology,Smart LED Desk Lamp,1,46.12,5,43.81,10.98,7.46,Credit Card,2025,7,July,3,43.81,0.1702807578178498,0.25062771056836336,2.306,46.12,32.83,Low,Profitable,Low
ORD-11012,2025-07-20,Diego Russo,Consumer,Colombia,South America,Furniture,Bookshelf 5-Tier,7,123.59,0,865.13,17.52,328.53,Bank Transfer,2025,7,July,3,865.13,0.3797463964953244,0.020251291713384117,0.0,865.13,847.61,High,Profitable,No Discount
ORD-11063,2025-07-21,Jamal Taylor,Consumer,United States,North America,Clothing & Accessories,Travel Backpack 30L,2,85.59,0,171.18,8.25,77.34,Credit Card,2025,7,July,3,171.18,0.45180511742025936,0.048194882579740625,0.0,171.18,162.93,Low,Profitable,No Discount
ORD-10036,2025-07-23,Xiao Brown,Corporate,Brazil,South America,Technology,Wireless Ergonomic Mouse,12,53.38,10,576.5,38.8,185.39,Cash on Delivery,2025,7,July,3,576.5,0.32157849089332174,0.06730268863833477,64.05600000000001,640.5600000000001,537.7,High,Profitable,Low
ORD-10280,2025-07-23,Mia Santos,Consumer,Canada,North America,Technology,Smart LED Desk Lamp,3,59.5,5,169.57,11.82,59.57,Credit Card,2025,7,July,3,169.57,0.3513003479389043,0.06970572624874684,8.925,178.5,157.75,Medium,Profitable,Low
ORD-11214,2025-07-23,Hanna Park,Corporate,South Africa,Middle East & Africa,Technology,Noise Cancelling Earbuds,3,87.29,10,235.68,14.8,76.85,Cash on Delivery,2025,7,July,3,235.68,0.32607773251866934,0.0627970128988459,26.187,261.87,220.88,Medium,Profitable,Low
ORD-10065,2025-07-24,Raj Sato,Home Office,Brazil,South America,Office Supplies,Binder Clips Assorted 48pc,3,7.1,10,19.17,12.32,-2.73,Credit Card,2025,7,July,3,19.17,-0.14241001564945224,0.6426708398539384,2.13,21.299999999999997,6.850000000000001,Medium,Loss-Making,Low
ORD-10934,2025-07-24,Clara Brown,Home Office,Germany,Europe,Office Supplies,Premium Notebook Set A5,1,21.92,10,19.73,8.01,1.86,Bank Transfer,2025,7,July,3,19.73,0.094272681196148,0.4059807399898631,2.192,21.92,11.72,Low,Profitable,Low
ORD-11400,2025-07-24,Linda Hassan,Corporate,Australia,Asia Pacific,Furniture,Mesh Back Task Chair,1,279.65,10,251.68,9.76,74.13,Credit Card,2025,7,July,3,251.68,0.29454068658614113,0.03877940241576605,27.965,279.65,241.92000000000002,Low,Profitable,Low
ORD-10115,2025-07-25,Ali Harris,Consumer,Canada,North America,Technology,Wireless Ergonomic Mouse,1,49.84,5,47.35,5.98,13.96,Credit Card,2025,7,July,3,47.35,0.2948257655755016,0.12629355860612462,2.4920000000000004,49.84,41.370000000000005,Low,Profitable,Low
ORD-11977,2025-07-25,Li Smith,Consumer,Japan,Asia Pacific,Furniture,Standing Desk Converter,1,271.05,10,243.95,10.25,71.07,Credit Card,2025,7,July,3,243.95,0.2913301906128305,0.04201680672268908,27.105000000000004,271.05,233.7,Low,Profitable,Low
ORD-10683,2025-07-26,Mia Wang,Corporate,Australia,Asia Pacific,Technology,Webcam HD 1080p,3,77.91,5,222.04,13.07,80.42,Cash on Delivery,2025,7,July,3,222.04,0.36218699333453436,0.05886326787966133,11.6865,233.73,208.97,Medium,Profitable,Low
ORD-10913,2025-07-26,Nadia Leroy,Corporate,United States,North America,Furniture,Filing Cabinet 3-Drawer,9,109.79,25,741.08,15.31,132.9,Credit Card,2025,7,July,3,741.08,0.1793328655475792,0.020659038160522482,247.0275,988.11,725.7700000000001,High,Profitable,High
ORD-11241,2025-07-26,William Robinson,Consumer,South Korea,Asia Pacific,Clothing & Accessories,Business Casual Blazer,2,116.48,5,221.31,10.72,94.11,Cash on Delivery,2025,7,July,3,221.31,0.42524061271519586,0.04843884144412815,11.648000000000001,232.96,210.59,Low,Profitable,Low
ORD-11525,2025-07-26,Omar Russo,Corporate,Colombia,South America,Office Supplies,Highlighters Neon Pack 6,8,5.71,10,41.11,26.4,-5.85,PayPal,2025,7,July,3,41.11,-0.14230114327414253,0.6421795183653612,4.5680000000000005,45.68,14.71,High,Loss-Making,Low
ORD-11923,2025-07-26,Omar Park,Consumer,India,Asia Pacific,Clothing & Accessories,Wool Blend Scarf,1,56.01,25,42.01,11.23,2.77,Credit Card,2025,7,July,3,42.01,0.06593668174244229,0.26731730540347537,14.0025,56.01,30.779999999999998,Low,Profitable,High
ORD-10226,2025-07-27,Jennifer White,Home Office,France,Europe,Clothing & Accessories,Cotton Formal Shirt,3,49.04,10,132.41,10.87,47.98,PayPal,2025,7,July,3,132.41,0.36235933841854845,0.0820934974699796,14.712000000000002,147.12,121.53999999999999,Medium,Profitable,Low
ORD-10477,2025-07-27,Jessica Johnson,Consumer,Germany,Europe,Clothing & Accessories,Leather Belt Classic,5,15.17,25,56.89,12.81,6.16,Bank Transfer,2025,7,July,3,56.89,0.10827913517314115,0.22517138337141854,18.9625,75.85,44.08,Medium,Profitable,High
ORD-10746,2025-07-28,Ivan Laurent,Home Office,Germany,Europe,Furniture,Bookshelf 5-Tier,1,137.39,5,130.52,8.07,40.02,PayPal,2025,7,July,3,130.52,0.30661967514557154,0.06182960465828991,6.8694999999999995,137.39,122.45000000000002,Low,Profitable,Low
ORD-11095,2025-07-29,Mia Harris,Consumer,South Korea,Asia Pacific,Furniture,Bookshelf 5-Tier,1,95.66,0,95.66,10.25,28.01,PayPal,2025,7,July,3,95.66,0.2928078611749948,0.10715032406439473,0.0,95.66,85.41,Low,Profitable,No Discount
ORD-11838,2025-07-29,Barbara Robinson,Consumer,Mexico,North America,Clothing & Accessories,Canvas Messenger Bag,8,45.61,20,291.9,10.2,99.26,Cash on Delivery,2025,7,July,3,291.9,0.3400479616306955,0.03494347379239465,72.976,364.88,281.7,High,Profitable,Medium
ORD-11118,2025-07-31,Mia Johnson,Consumer,Spain,Europe,Furniture,Desk Organizer Set,1,27.82,5,26.43,7.75,1.99,PayPal,2025,7,July,3,26.43,0.07529322739311389,0.29322739311388574,1.391,27.82,18.68,Low,Profitable,Low
ORD-11439,2025-07-31,Maria Rodriguez,Consumer,United Kingdom,Europe,Clothing & Accessories,Travel Backpack 30L,3,107.11,5,305.26,11.77,132.82,Credit Card,2025,7,July,3,305.26,0.43510450108104565,0.03855729542029745,16.0665,321.33,293.49,Medium,Profitable,Low
ORD-10770,2025-08-01,Amir Thompson,Corporate,Colombia,South America,Technology,Webcam HD 1080p,5,81.71,20,326.84,22.16,79.98,PayPal,2025,8,August,3,326.84,0.24470689022151515,0.06780075878105496,81.71,408.54999999999995,304.67999999999995,Medium,Profitable,Medium
ORD-11176,2025-08-01,Carlos Thomas,Home Office,Canada,North America,Technology,Wireless Ergonomic Mouse,1,31.28,0,31.28,7.32,6.76,Credit Card,2025,8,August,3,31.28,0.21611253196930943,0.2340153452685422,0.0,31.28,23.96,Low,Profitable,No Discount
ORD-10310,2025-08-02,Michael Oliveira,Corporate,Colombia,South America,Office Supplies,Ballpoint Pen Pack 12,1,8.78,0,8.78,11.95,-7.12,PayPal,2025,8,August,3,8.78,-0.8109339407744875,1.3610478359908884,0.0,8.78,-3.17,Low,Loss-Making,No Discount
ORD-10397,2025-08-02,Yuki Robinson,Consumer,South Africa,Middle East & Africa,Technology,Portable External SSD 1TB,1,115.18,5,109.42,11.78,34.29,Bank Transfer,2025,8,August,3,109.42,0.3133796380917565,0.1076585633339426,5.759,115.18,97.64,Low,Profitable,Low
ORD-11289,2025-08-03,Sophie Martin,Consumer,Canada,North America,Furniture,Standing Desk Converter,1,111.03,0,111.03,7.07,37.34,Credit Card,2025,8,August,3,111.03,0.3363055030172026,0.06367648383319824,0.0,111.03,103.96000000000001,Low,Profitable,No Discount
ORD-10627,2025-08-04,Oscar Müller,Consumer,United States,North America,Technology,Wireless Ergonomic Mouse,5,39.06,15,166.0,11.47,47.11,Credit Card,2025,8,August,3,166.0,0.28379518072289156,0.06909638554216868,29.295,195.3,154.53,Medium,Profitable,Medium
ORD-10410,2025-08-05,Karen Patel,Consumer,South Africa,Middle East & Africa,Office Supplies,Binder Clips Assorted 48pc,1,15.21,5,14.45,12.63,-5.02,PayPal,2025,8,August,3,14.45,-0.34740484429065743,0.8740484429065745,0.7605000000000001,15.21,1.8199999999999985,Low,Loss-Making,Low
ORD-11465,2025-08-05,Kenji Santos,Home Office,France,Europe,Office Supplies,Ballpoint Pen Pack 12,3,15.81,10,42.69,11.47,9.88,Bank Transfer,2025,8,August,3,42.69,0.2314359334738815,0.26868118997423285,4.743,47.43,31.22,Medium,Profitable,Low
ORD-11264,2025-08-06,Sophie Sato,Consumer,Mexico,North America,Furniture,Floating Wall Shelves Set,3,41.55,5,118.42,7.02,36.61,PayPal,2025,8,August,3,118.42,0.3091538591454146,0.05928052693801722,6.2325,124.64999999999999,111.4,Medium,Profitable,Low
ORD-11619,2025-08-06,Emma Sato,Consumer,South Korea,Asia Pacific,Furniture,Desk Organizer Set,1,30.49,15,25.92,10.67,-3.04,Cash on Delivery,2025,8,August,3,25.92,-0.11728395061728394,0.4116512345679012,4.573499999999999,30.49,15.250000000000002,Low,Loss-Making,Medium
ORD-10670,2025-08-07,Carlos Sharma,Corporate,Japan,Asia Pacific,Clothing & Accessories,Polarized Sunglasses,4,35.06,10,126.22,11.96,44.14,Credit Card,2025,8,August,3,126.22,0.34970686103628584,0.09475518935192521,14.024000000000001,140.24,114.25999999999999,Medium,Profitable,Low
ORD-10118,2025-08-09,Noah Rodriguez,Consumer,Germany,Europe,Clothing & Accessories,Leather Wallet Minimalist,6,46.59,0,279.54,19.31,120.46,PayPal,2025,8,August,3,279.54,0.43092222937683333,0.06907777062316663,0.0,279.54,260.23,High,Profitable,No Discount
ORD-11621,2025-08-09,Carlos Sharma,Consumer,United States,North America,Clothing & Accessories,Leather Wallet Minimalist,1,36.3,5,34.48,6.35,9.98,Credit Card,2025,8,August,3,34.48,0.2894431554524362,0.1841647331786543,1.815,36.3,28.129999999999995,Low,Profitable,Low
ORD-10985,2025-08-10,Ethan Wang,Corporate,Brazil,South America,Technology,Wireless Bluetooth Headphones,2,139.35,10,250.83,11.26,86.29,Cash on Delivery,2025,8,August,3,250.83,0.3440178607024678,0.044890962006139616,27.87,278.7,239.57000000000002,Low,Profitable,Low
ORD-11180,2025-08-10,Robert Thomas,Consumer,Spain,Europe,Clothing & Accessories,Travel Backpack 30L,4,39.23,20,125.54,10.84,36.24,Bank Transfer,2025,8,August,3,125.54,0.2886729329297435,0.08634698104189899,31.384,156.92,114.7,Medium,Profitable,Medium
ORD-10763,2025-08-11,Mary Khan,Corporate,China,Asia Pacific,Office Supplies,Whiteboard Markers Set 8,3,20.38,10,55.03,14.11,13.41,PayPal,2025,8,August,3,55.03,0.24368526258404508,0.25640559694711973,6.114000000000001,61.14,40.92,Medium,Profitable,Low
ORD-11112,2025-08-13,Felix Leroy,Corporate,Spain,Europe,Clothing & Accessories,Sports Water Bottle 750ml,4,15.79,15,53.69,14.99,7.12,Bank Transfer,2025,8,August,3,53.69,0.1326131495623021,0.27919538089029616,9.473999999999998,63.16,38.699999999999996,Medium,Profitable,Medium
ORD-10369,2025-08-16,Wei Sharma,Consumer,UAE,Middle East & Africa,Clothing & Accessories,Business Casual Blazer,5,79.7,15,338.72,21.72,117.75,Bank Transfer,2025,8,August,3,338.72,0.3476322626358054,0.06412376003778932,59.775,398.5,317.0,Medium,Profitable,Medium
ORD-10800,2025-08-16,Kenji Williams,Home Office,Germany,Europe,Clothing & Accessories,Leather Wallet Minimalist,11,28.85,5,301.48,31.33,111.48,PayPal,2025,8,August,3,301.48,0.36977577285392066,0.10392065808677191,15.867500000000001,317.35,270.15000000000003,High,Profitable,Low
ORD-11420,2025-08-16,Olga Yamamoto,Corporate,Germany,Europe,Technology,Portable External SSD 1TB,4,141.99,0,567.96,15.11,240.47,Bank Transfer,2025,8,August,3,567.96,0.42339249242904425,0.026603986196211,0.0,567.96,552.85,Medium,Profitable,No Discount
ORD-11366,2025-08-17,Ingrid Nilsson,Corporate,South Korea,Asia Pacific,Furniture,Floating Wall Shelves Set,6,70.12,10,378.65,13.58,112.64,Credit Card,2025,8,August,3,378.65,0.29747788194902947,0.03586425458867028,42.072,420.72,365.07,High,Profitable,Low
ORD-10393,2025-08-18,William Chen,Corporate,Mexico,North America,Office Supplies,Whiteboard Markers Set 8,2,8.94,10,16.09,6.66,1.38,Credit Card,2025,8,August,3,16.09,0.08576755748912368,0.4139216904909882,1.788,17.88,9.43,Low,Profitable,Low
ORD-11899,2025-08-20,Ivan Nilsson,Corporate,United Kingdom,Europe,Clothing & Accessories,Polarized Sunglasses,3,45.19,15,115.23,9.71,37.74,Credit Card,2025,8,August,3,115.23,0.3275188752928925,0.0842662501084787,20.3355,135.57,105.52000000000001,Medium,Profitable,Medium
ORD-10028,2025-08-21,Ahmed Johansson,Corporate,United Kingdom,Europe,Technology,Wireless Ergonomic Mouse,6,37.48,20,179.9,12.68,43.54,PayPal,2025,8,August,3,179.9,0.24202334630350195,0.07048360200111173,44.976,224.88,167.22,High,Profitable,Medium
ORD-11669,2025-08-22,Amina Sharma,Consumer,Canada,North America,Office Supplies,Ballpoint Pen Pack 12,1,12.12,10,10.91,6.34,-0.88,Cash on Delivery,2025,8,August,3,10.91,-0.08065994500458296,0.5811182401466545,1.212,12.12,4.57,Low,Loss-Making,Low
ORD-10451,2025-08-23,Elizabeth Williams,Corporate,United Kingdom,Europe,Clothing & Accessories,Travel Backpack 30L,4,33.66,0,134.64,10.38,56.94,Credit Card,2025,8,August,3,134.64,0.4229055258467023,0.07709447415329769,0.0,134.64,124.25999999999999,Medium,Profitable,No Discount
ORD-10221,2025-08-24,James Williams,Home Office,United States,North America,Furniture,Bookshelf 5-Tier,10,85.05,0,850.5,26.06,314.14,Bank Transfer,2025,8,August,3,850.5,0.36935920047031157,0.030640799529688418,0.0,850.5,824.44,High,Profitable,No Discount
ORD-11905,2025-08-24,Xiao Santos,Consumer,Colombia,South America,Technology,Wireless Bluetooth Headphones,5,175.98,0,879.9,21.15,374.8,Bank Transfer,2025,8,August,3,879.9,0.4259574951699057,0.024036822366177973,0.0,879.9,858.75,Medium,Profitable,No Discount
ORD-10781,2025-08-25,Ava Fischer,Corporate,Germany,Europe,Technology,Wireless Bluetooth Headphones,13,161.29,20,1677.42,27.16,497.04,Credit Card,2025,8,August,3,1677.42,0.2963121937260793,0.016191532234026064,419.35400000000004,2096.77,1650.26,High,Profitable,Medium
ORD-11354,2025-08-25,Olga Leroy,Corporate,UAE,Middle East & Africa,Furniture,Corner L-Shaped Desk,1,377.92,0,377.92,13.11,138.06,PayPal,2025,8,August,3,377.92,0.36531541066892464,0.03468988145639289,0.0,377.92,364.81,Low,Profitable,No Discount
ORD-10287,2025-08-26,Hans Oliveira,Consumer,South Korea,Asia Pacific,Office Supplies,Whiteboard Markers Set 8,1,17.45,15,14.83,9.94,-2.96,Credit Card,2025,8,August,3,14.83,-0.19959541469993256,0.6702629804450438,2.6174999999999997,17.45,4.890000000000001,Low,Loss-Making,Medium
ORD-10164,2025-08-27,Hanna Sato,Consumer,Spain,Europe,Technology,Mechanical Gaming Keyboard,4,89.1,15,302.94,16.32,90.6,PayPal,2025,8,August,3,302.94,0.29906912259853435,0.05387205387205388,53.459999999999994,356.4,286.62,Medium,Profitable,Medium
ORD-10739,2025-08-27,Amir Brown,Home Office,Italy,Europe,Technology,Mechanical Gaming Keyboard,9,162.84,10,1319.0,16.36,496.58,PayPal,2025,8,August,3,1319.0,0.37648218347232754,0.012403335860500379,146.556,1465.56,1302.64,High,Profitable,Low
ORD-10307,2025-08-28,Ali Kim,Home Office,United Kingdom,Europe,Technology,Mechanical Gaming Keyboard,2,67.73,15,115.14,10.18,30.46,Cash on Delivery,2025,8,August,3,115.14,0.2645475073823172,0.08841410456835157,20.319,135.46,104.96000000000001,Low,Profitable,Medium
ORD-10610,2025-08-28,Emma Wang,Consumer,Australia,Asia Pacific,Technology,Smart LED Desk Lamp,5,56.91,10,256.09,13.57,86.02,Cash on Delivery,2025,8,August,3,256.09,0.3358975360224921,0.05298918349017924,28.455,284.54999999999995,242.51999999999998,Medium,Profitable,Low
ORD-11971,2025-08-28,William Martin,Corporate,United States,North America,Clothing & Accessories,Leather Wallet Minimalist,1,20.71,10,18.64,7.24,1.04,Credit Card,2025,8,August,3,18.64,0.055793991416309016,0.388412017167382,2.071,20.71,11.4,Low,Profitable,Low
ORD-10458,2025-08-29,Wei Thompson,Consumer,United States,North America,Furniture,Bookshelf 5-Tier,1,153.82,10,138.44,6.07,40.08,PayPal,2025,8,August,3,138.44,0.28951170182028313,0.04384570933256285,15.382,153.82,132.37,Low,Profitable,Low
ORD-11140,2025-08-29,Jennifer Robinson,Consumer,United Kingdom,Europe,Clothing & Accessories,Polarized Sunglasses,8,75.6,10,544.32,14.7,227.22,Credit Card,2025,8,August,3,544.32,0.41743827160493824,0.027006172839506168,60.48,604.8,529.62,High,Profitable,Low
ORD-10037,2025-08-30,Ivan Costa,Home Office,Germany,Europe,Furniture,Filing Cabinet 3-Drawer,2,222.78,15,378.73,9.94,101.45,Credit Card,2025,8,August,3,378.73,0.26786893037256093,0.026245610329258307,66.834,445.56,368.79,Low,Profitable,Medium
ORD-11894,2025-08-31,Elizabeth Miller,Home Office,United States,North America,Furniture,Floating Wall Shelves Set,7,80.08,10,504.5,16.07,152.09,Credit Card,2025,8,August,3,504.5,0.30146679881070365,0.031853320118929634,56.056,560.56,488.43,High,Profitable,Low
ORD-10486,2025-09-01,Lucas Romano,Consumer,France,Europe,Clothing & Accessories,Cotton Formal Shirt,5,38.66,0,193.3,12.1,84.55,PayPal,2025,9,September,3,193.3,0.43740300051733055,0.06259699948266942,0.0,193.29999999999998,181.20000000000002,Medium,Profitable,No Discount
ORD-10351,2025-09-02,Fatima Johnson,Consumer,France,Europe,Furniture,Floating Wall Shelves Set,3,95.44,0,286.32,14.19,100.34,PayPal,2025,9,September,3,286.32,0.35044705224923167,0.04955993294216261,0.0,286.32,272.13,Medium,Profitable,No Discount
ORD-10798,2025-09-02,Pierre Anderson,Corporate,China,Asia Pacific,Furniture,Monitor Riser Wood,10,61.71,10,555.39,27.35,157.78,Credit Card,2025,9,September,3,555.39,0.28408865842020925,0.04924467491312411,61.71000000000001,617.1,528.04,High,Profitable,Low
ORD-10965,2025-09-02,Clara Robinson,Consumer,Italy,Europe,Furniture,Bookshelf 5-Tier,2,161.02,0,322.04,10.83,117.99,PayPal,2025,9,September,3,322.04,0.3663830580052167,0.03362936281207303,0.0,322.04,311.21000000000004,Low,Profitable,No Discount
ORD-11990,2025-09-02,Jennifer Clark,Corporate,Saudi Arabia,Middle East & Africa,Office Supplies,Stapler Full-Size,2,11.64,10,20.95,13.33,-2.86,Credit Card,2025,9,September,3,20.95,-0.13651551312649166,0.6362768496420048,2.3280000000000003,23.28,7.619999999999999,Low,Loss-Making,Low
ORD-10986,2025-09-03,Robert Leroy,Consumer,India,Asia Pacific,Clothing & Accessories,Leather Belt Classic,2,17.55,20,28.08,11.1,-0.57,Credit Card,2025,9,September,3,28.08,-0.0202991452991453,0.39529914529914534,7.0200000000000005,35.1,16.979999999999997,Low,Loss-Making,Medium
ORD-11620,2025-09-03,Pierre Costa,Corporate,United States,North America,Technology,Smart LED Desk Lamp,1,62.48,15,53.11,5.86,12.89,Bank Transfer,2025,9,September,3,53.11,0.24270382225569573,0.11033703633967239,9.372,62.48,47.25,Low,Profitable,Medium
ORD-10771,2025-09-05,Ayumi Singh,Consumer,Spain,Europe,Office Supplies,Paper Clips Box 500pc,5,5.25,0,26.25,12.14,2.3,Credit Card,2025,9,September,3,26.25,0.08761904761904761,0.4624761904761905,0.0,26.25,14.11,Medium,Profitable,No Discount
ORD-11087,2025-09-05,Thomas Oliveira,Corporate,UAE,Middle East & Africa,Furniture,Standing Desk Converter,1,241.54,15,205.31,13.18,47.21,Credit Card,2025,9,September,3,205.31,0.22994496127806732,0.0641956066436121,36.230999999999995,241.54,192.13,Low,Profitable,Medium
ORD-11075,2025-09-06,Nadia Ahmed,Consumer,Spain,Europe,Office Supplies,Stapler Full-Size,3,7.54,0,22.62,10.42,2.02,Credit Card,2025,9,September,3,22.62,0.08930150309460654,0.4606542882404951,0.0,22.62,12.200000000000001,Medium,Profitable,No Discount
ORD-10053,2025-09-07,Diego Miller,Home Office,Australia,Asia Pacific,Furniture,Bookshelf 5-Tier,2,195.17,15,331.79,10.46,87.13,Credit Card,2025,9,September,3,331.79,0.26260586515567075,0.0315259652189638,58.550999999999995,390.34,321.33000000000004,Low,Profitable,Medium
ORD-11086,2025-09-07,Amina Nilsson,Consumer,Australia,Asia Pacific,Technology,USB-C Hub Multiport Adapter,4,37.45,5,142.31,17.43,42.49,Credit Card,2025,9,September,3,142.31,0.2985735366453517,0.12247909493359567,7.490000000000001,149.8,124.88,Medium,Profitable,Low
ORD-10166,2025-09-08,Jennifer Pereira,Consumer,Saudi Arabia,Middle East & Africa,Technology,Webcam HD 1080p,8,48.19,0,385.52,18.04,155.44,Bank Transfer,2025,9,September,3,385.52,0.40319568375181575,0.046793940651587464,0.0,385.52,367.47999999999996,High,Profitable,No Discount
ORD-10185,2025-09-08,Sarah Clark,Consumer,Brazil,South America,Furniture,Mesh Back Task Chair,2,293.43,10,528.17,12.96,163.09,PayPal,2025,9,September,3,528.17,0.3087831569381071,0.024537554196565503,58.68600000000001,586.86,515.2099999999999,Low,Profitable,Low
ORD-10234,2025-09-08,Sophie Sharma,Consumer,Spain,Europe,Technology,Portable External SSD 1TB,2,94.47,10,170.05,11.19,54.94,Credit Card,2025,9,September,3,170.05,0.3230814466333431,0.0658041752425757,18.894000000000002,188.94,158.86,Low,Profitable,Low
ORD-10145,2025-09-09,Ali Wang,Consumer,India,Asia Pacific,Furniture,Monitor Riser Wood,3,40.83,5,116.37,15.87,27.01,Credit Card,2025,9,September,3,116.37,0.23210449428546875,0.13637535447280225,6.1245,122.49,100.5,Medium,Profitable,Low
ORD-10671,2025-09-09,Diego Sharma,Corporate,United Kingdom,Europe,Technology,Laptop Stand Adjustable,1,68.69,10,61.82,8.79,15.25,PayPal,2025,9,September,3,61.82,0.24668392106114526,0.14218699450016176,6.869,68.69,53.03,Low,Profitable,Low
ORD-11794,2025-09-09,Ali Miller,Consumer,India,Asia Pacific,Furniture,Ergonomic Office Chair,2,396.83,10,714.29,12.78,225.31,Bank Transfer,2025,9,September,3,714.29,0.31543210740735556,0.017891892648644107,79.366,793.66,701.51,Low,Profitable,Low
ORD-10111,2025-09-11,Sakura Nilsson,Corporate,UAE,Middle East & Africa,Clothing & Accessories,Sports Water Bottle 750ml,4,28.55,10,102.78,14.0,31.68,Credit Card,2025,9,September,3,102.78,0.30823117338003503,0.13621327106440942,11.420000000000002,114.2,88.78,Medium,Profitable,Low
ORD-10643,2025-09-11,Marco Tanaka,Consumer,Italy,Europe,Technology,USB-C Hub Multiport Adapter,1,52.17,20,41.74,7.51,5.54,Cash on Delivery,2025,9,September,3,41.74,0.1327264015333014,0.17992333493052226,10.434000000000001,52.17,34.230000000000004,Low,Profitable,Medium
ORD-11831,2025-09-14,Raj Thompson,Consumer,Argentina,South America,Office Supplies,Sticky Notes Multicolor 6-Pack,2,14.53,15,24.7,12.13,-0.51,Bank Transfer,2025,9,September,3,24.7,-0.020647773279352227,0.49109311740890693,4.359,29.06,12.569999999999999,Low,Loss-Making,Medium
ORD-10555,2025-09-15,Ahmed Russo,Consumer,Japan,Asia Pacific,Technology,Mechanical Gaming Keyboard,3,70.32,15,179.32,16.16,47.13,PayPal,2025,9,September,3,179.32,0.26282623243363823,0.09011822440330136,31.643999999999995,210.95999999999998,163.16,Medium,Profitable,Medium
ORD-11046,2025-09-15,Sophie White,Corporate,Spain,Europe,Office Supplies,Paper Clips Box 500pc,3,9.7,5,27.64,13.8,0.75,Credit Card,2025,9,September,3,27.64,0.027134587554269174,0.49927641099855286,1.455,29.099999999999998,13.84,Medium,Profitable,Low
ORD-11931,2025-09-15,Kenji Miller,Home Office,India,Asia Pacific,Office Supplies,Sticky Notes Multicolor 6-Pack,9,10.29,0,92.61,30.73,20.21,Cash on Delivery,2025,9,September,3,92.61,0.21822697332901417,0.3318216175359033,0.0,92.60999999999999,61.879999999999995,High,Profitable,No Discount
ORD-10133,2025-09-16,Patricia Weber,Home Office,France,Europe,Technology,Smart LED Desk Lamp,1,39.87,0,39.87,8.38,9.56,PayPal,2025,9,September,3,39.87,0.2397792826686732,0.2101830950589416,0.0,39.87,31.489999999999995,Low,Profitable,No Discount
ORD-10282,2025-09-16,Patricia Pereira,Corporate,Saudi Arabia,Middle East & Africa,Clothing & Accessories,Cotton Formal Shirt,2,64.38,0,128.76,14.62,49.76,Credit Card,2025,9,September,3,128.76,0.3864554209381796,0.11354457906182044,0.0,128.76,114.13999999999999,Low,Profitable,No Discount
ORD-10290,2025-09-16,Isabella Smith,Corporate,Canada,North America,Clothing & Accessories,Leather Belt Classic,1,42.67,20,34.14,5.71,7.09,PayPal,2025,9,September,3,34.14,0.20767428236672525,0.16725248974809606,8.534,42.67,28.43,Low,Profitable,Medium
ORD-10862,2025-09-16,Isabella Khan,Home Office,Canada,North America,Furniture,Standing Desk Converter,2,330.31,0,660.62,6.51,257.74,Credit Card,2025,9,September,3,660.62,0.39014864823953255,0.009854379219521056,0.0,660.62,654.11,Low,Profitable,No Discount
ORD-11715,2025-09-16,Olga Weber,Consumer,South Korea,Asia Pacific,Clothing & Accessories,Business Casual Blazer,1,105.62,10,95.06,9.73,32.52,PayPal,2025,9,September,3,95.06,0.3420997264885336,0.10235640648011782,10.562000000000001,105.62,85.33,Low,Profitable,Low
ORD-11753,2025-09-16,Christopher Rodriguez,Consumer,Spain,Europe,Technology,Noise Cancelling Earbuds,2,195.6,5,371.64,8.2,148.28,PayPal,2025,9,September,3,371.64,0.3989882682165537,0.022064363362393712,19.560000000000002,391.2,363.44,Low,Profitable,Low
ORD-10047,2025-09-17,Karen Suzuki,Consumer,France,Europe,Furniture,Folding Table Portable,6,64.16,15,327.22,11.04,85.2,Cash on Delivery,2025,9,September,3,327.22,0.2603752826844325,0.03373876902389829,57.74399999999999,384.96,316.18,High,Profitable,Medium
ORD-10235,2025-09-19,Robert Tanaka,Corporate,Spain,Europe,Furniture,Folding Table Portable,2,85.22,5,161.92,9.28,50.38,Credit Card,2025,9,September,3,161.92,0.3111413043478261,0.05731225296442688,8.522,170.44,152.64,Low,Profitable,Low
ORD-10386,2025-09-19,Amir Dubois,Home Office,Canada,North America,Clothing & Accessories,Sports Water Bottle 750ml,1,9.94,20,7.95,6.62,-3.64,Bank Transfer,2025,9,September,3,7.95,-0.4578616352201258,0.8327044025157233,1.988,9.94,1.33,Low,Loss-Making,Medium
ORD-10501,2025-09-19,Clara Hassan,Consumer,Australia,Asia Pacific,Furniture,Bookshelf 5-Tier,1,167.52,0,167.52,10.49,56.52,PayPal,2025,9,September,3,167.52,0.33739255014326647,0.0626193887297039,0.0,167.52,157.03,Low,Profitable,No Discount
ORD-10628,2025-09-19,Joseph Wang,Home Office,Italy,Europe,Furniture,Standing Desk Converter,1,237.11,20,189.69,7.78,39.64,Bank Transfer,2025,9,September,3,189.69,0.20897253413464073,0.04101428646739417,47.422000000000004,237.11,181.91,Low,Profitable,Medium
ORD-11748,2025-09-19,Susan Laurent,Home Office,Colombia,South America,Office Supplies,Tape Dispenser Heavy Duty,6,20.04,10,108.22,13.93,40.18,PayPal,2025,9,September,3,108.22,0.37128072445019406,0.12871927554980594,12.024000000000001,120.24,94.28999999999999,High,Profitable,Low
ORD-10536,2025-09-20,Joseph Weber,Consumer,Spain,Europe,Furniture,Standing Desk Converter,7,311.46,0,2180.22,11.81,860.28,Cash on Delivery,2025,9,September,3,2180.22,0.394584032804029,0.005416884534588253,0.0,2180.22,2168.41,High,Profitable,No Discount
ORD-10653,2025-09-22,Amir Ferrari,Corporate,Argentina,South America,Furniture,Desk Organizer Set,2,42.2,15,71.74,12.37,8.73,Credit Card,2025,9,September,3,71.74,0.12168943406746587,0.1724282129913577,12.66,84.4,59.37,Low,Profitable,Medium
ORD-11721,2025-09-22,Elizabeth Zhang,Corporate,Canada,North America,Clothing & Accessories,Leather Wallet Minimalist,8,15.3,10,110.16,9.77,39.19,Cash on Delivery,2025,9,September,3,110.16,0.3557552650689905,0.08868917937545388,12.240000000000002,122.4,100.39,High,Profitable,Low
ORD-10548,2025-09-23,Chen Chen,Consumer,South Korea,Asia Pacific,Furniture,Folding Table Portable,4,72.47,10,260.89,14.16,72.8,Credit Card,2025,9,September,3,260.89,0.2790448081566944,0.054275748399708695,28.988,289.88,246.73,Medium,Profitable,Low
ORD-10940,2025-09-23,Robert Rodriguez,Consumer,Italy,Europe,Office Supplies,Tape Dispenser Heavy Duty,12,9.02,5,102.83,26.58,27.54,Cash on Delivery,2025,9,September,3,102.83,0.2678206749003209,0.2584848779539045,5.412,108.24,76.25,High,Profitable,Low
ORD-11541,2025-09-23,Sarah Weber,Home Office,United States,North America,Furniture,Mesh Back Task Chair,6,118.21,15,602.87,11.16,166.15,Credit Card,2025,9,September,3,602.87,0.2755983877121104,0.01851145354719923,106.389,709.26,591.71,High,Profitable,Medium
ORD-10313,2025-09-24,Noah Fischer,Consumer,France,Europe,Office Supplies,Desk Calendar 2025,1,15.04,0,15.04,9.15,-0.88,Cash on Delivery,2025,9,September,3,15.04,-0.05851063829787234,0.6083776595744681,0.0,15.04,5.889999999999999,Low,Loss-Making,No Discount
ORD-10319,2025-09-24,Hans Laurent,Consumer,South Africa,Middle East & Africa,Office Supplies,Stapler Full-Size,7,7.09,5,47.15,17.72,7.1,PayPal,2025,9,September,3,47.15,0.15058324496288442,0.37582184517497347,2.4815,49.629999999999995,29.43,High,Profitable,Low
ORD-10269,2025-09-25,Chen Martinez,Consumer,Japan,Asia Pacific,Furniture,Bookshelf 5-Tier,1,103.88,5,98.69,9.92,26.44,Bank Transfer,2025,9,September,3,98.69,0.2679096159691965,0.10051676968284527,5.194,103.88,88.77,Low,Profitable,Low
ORD-10505,2025-09-25,Fatima Weber,Consumer,Italy,Europe,Office Supplies,Stapler Full-Size,4,15.78,10,56.81,13.58,14.83,PayPal,2025,9,September,3,56.81,0.26104559056504134,0.23904242210878365,6.312,63.12,43.230000000000004,Medium,Profitable,Low
ORD-10960,2025-09-25,Olivia Ali,Home Office,Canada,North America,Office Supplies,Highlighters Neon Pack 6,4,10.63,5,40.39,11.15,10.11,Credit Card,2025,9,September,3,40.39,0.2503094825451844,0.2760584303045308,2.1260000000000003,42.52,29.240000000000002,Medium,Profitable,Low
ORD-11040,2025-09-25,Diego Ferrari,Corporate,Germany,Europe,Clothing & Accessories,Business Casual Blazer,1,78.87,25,59.15,8.91,10.8,PayPal,2025,9,September,3,59.15,0.18258664412510567,0.15063398140321219,19.7175,78.87,50.239999999999995,Low,Profitable,High
ORD-10552,2025-09-26,Zara Williams,Consumer,Spain,Europe,Technology,Wireless Bluetooth Headphones,2,153.3,5,291.27,8.25,114.39,Cash on Delivery,2025,9,September,3,291.27,0.39272839633329903,0.02832423524564837,15.330000000000002,306.6,283.02,Low,Profitable,Low
ORD-10689,2025-09-26,Layla Sharma,Corporate,Nigeria,Middle East & Africa,Technology,Wireless Bluetooth Headphones,2,171.18,10,308.12,12.02,107.8,Cash on Delivery,2025,9,September,3,308.12,0.34986368947163443,0.03901077502271842,34.236000000000004,342.36,296.1,Low,Profitable,Low
ORD-10972,2025-09-26,Isabella White,Corporate,Japan,Asia Pacific,Office Supplies,Stapler Full-Size,3,11.89,25,26.75,12.8,-2.1,PayPal,2025,9,September,3,26.75,-0.07850467289719626,0.4785046728971963,8.9175,35.67,13.95,Medium,Loss-Making,High
ORD-10170,2025-09-27,Fatima Li,Corporate,Mexico,North America,Technology,Noise Cancelling Earbuds,10,198.45,10,1786.05,26.78,667.79,Credit Card,2025,9,September,3,1786.05,0.37389210828364267,0.01499398113154727,198.45000000000002,1984.5,1759.27,High,Profitable,Low
ORD-11044,2025-09-27,Ingrid Wang,Corporate,United States,North America,Office Supplies,Premium Notebook Set A5,7,13.33,10,83.98,10.58,31.41,Credit Card,2025,9,September,3,83.98,0.3740176232436294,0.12598237675637056,9.331000000000001,93.31,73.4,High,Profitable,Low
ORD-10850,2025-09-28,Ethan Chen,Consumer,Canada,North America,Office Supplies,Sticky Notes Multicolor 6-Pack,2,4.32,0,8.64,9.4,-4.65,PayPal,2025,9,September,3,8.64,-0.5381944444444444,1.087962962962963,0.0,8.64,-0.7599999999999998,Low,Loss-Making,No Discount
ORD-11071,2025-09-28,Fatima Zhang,Consumer,India,Asia Pacific,Technology,Webcam HD 1080p,2,62.91,10,113.24,11.57,32.47,PayPal,2025,9,September,3,113.24,0.2867361356411162,0.10217237725185448,12.582,125.82,101.66999999999999,Low,Profitable,Low
ORD-10195,2025-09-29,Maria Ahmed,Consumer,France,Europe,Furniture,Desk Organizer Set,4,41.86,10,150.7,11.78,38.46,Bank Transfer,2025,9,September,3,150.7,0.25520902455209027,0.07816854678168547,16.744,167.44,138.92,Medium,Profitable,Low
ORD-10204,2025-09-29,Sophie Martinez,Corporate,Nigeria,Middle East & Africa,Technology,Portable External SSD 1TB,2,116.5,0,233.0,15.18,89.67,Bank Transfer,2025,9,September,3,233.0,0.38484978540772535,0.06515021459227467,0.0,233.0,217.82,Low,Profitable,No Discount
ORD-10542,2025-09-29,Thomas Hassan,Corporate,Saudi Arabia,Middle East & Africa,Furniture,Mesh Back Task Chair,3,190.05,10,513.14,17.04,154.01,Bank Transfer,2025,9,September,3,513.14,0.30013251744163383,0.03320731184472074,57.015000000000015,570.1500000000001,496.09999999999997,Medium,Profitable,Low
ORD-10368,2025-09-30,Yuki Miller,Consumer,Australia,Asia Pacific,Furniture,Folding Table Portable,2,63.03,10,113.45,10.28,27.53,Cash on Delivery,2025,9,September,3,113.45,0.24266196562362274,0.09061260467166152,12.606000000000002,126.06,103.17,Low,Profitable,Low
ORD-11945,2025-09-30,Sakura Rossi,Consumer,Germany,Europe,Clothing & Accessories,Travel Backpack 30L,4,55.18,20,176.58,14.34,51.88,Cash on Delivery,2025,9,September,3,176.58,0.29380450787178614,0.08120965001698946,44.144000000000005,220.72,162.24,Medium,Profitable,Medium
ORD-10179,2025-10-01,Emma Johnson,Corporate,Australia,Asia Pacific,Technology,Noise Cancelling Earbuds,2,190.58,15,323.99,12.64,101.71,Credit Card,2025,10,October,4,323.99,0.3139294422667366,0.03901354980091978,57.174,381.16,311.35,Low,Profitable,Medium
ORD-10299,2025-10-01,Michael Park,Home Office,India,Asia Pacific,Office Supplies,Tape Dispenser Heavy Duty,5,14.09,5,66.93,13.7,21.53,Credit Card,2025,10,October,4,66.93,0.3216793665023158,0.20469146869864033,3.5225000000000004,70.45,53.230000000000004,Medium,Profitable,Low
ORD-11130,2025-10-01,James Santos,Home Office,Australia,Asia Pacific,Technology,Tablet Stand Holder,6,26.66,0,159.96,19.35,52.63,Credit Card,2025,10,October,4,159.96,0.3290197549387347,0.12096774193548387,0.0,159.96,140.61,High,Profitable,No Discount
ORD-11984,2025-10-01,Linda Khan,Consumer,UAE,Middle East & Africa,Technology,Portable External SSD 1TB,2,109.17,5,207.42,13.67,73.66,PayPal,2025,10,October,4,207.42,0.35512486741876387,0.06590492720084852,10.917000000000002,218.34,193.75,Low,Profitable,Low
ORD-11703,2025-10-02,Zara Oliveira,Home Office,France,Europe,Technology,USB-C Hub Multiport Adapter,10,34.31,10,308.79,21.64,98.44,PayPal,2025,10,October,4,308.79,0.3187927070177143,0.07007998963697011,34.31,343.1,287.15000000000003,High,Profitable,Low
ORD-10918,2025-10-03,Richard Ali,Corporate,Mexico,North America,Office Supplies,Paper Clips Box 500pc,4,5.4,5,20.52,10.6,0.2,Credit Card,2025,10,October,4,20.52,0.009746588693957116,0.5165692007797271,1.08,21.6,9.92,Medium,Profitable,Low
ORD-11055,2025-10-03,David Williams,Consumer,United States,North America,Technology,Laptop Stand Adjustable,2,56.99,15,96.88,6.66,27.53,Credit Card,2025,10,October,4,96.88,0.2841659785301404,0.06874483897605285,17.097,113.98,90.22,Low,Profitable,Medium
ORD-11567,2025-10-03,Mary Anderson,Consumer,Mexico,North America,Office Supplies,Desk Calendar 2025,2,18.13,5,34.45,9.51,8.62,Bank Transfer,2025,10,October,4,34.45,0.25021770682148037,0.27605224963715524,1.813,36.26,24.940000000000005,Low,Profitable,Low
ORD-10649,2025-10-04,Wei Zhang,Consumer,Germany,Europe,Technology,Laptop Stand Adjustable,2,67.56,5,128.36,9.15,44.89,PayPal,2025,10,October,4,128.36,0.349719538797133,0.07128388906201308,6.756,135.12,119.21000000000001,Low,Profitable,Low
ORD-10238,2025-10-05,Ava Rossi,Corporate,China,Asia Pacific,Furniture,Bookshelf 5-Tier,1,128.66,5,122.23,9.94,35.09,PayPal,2025,10,October,4,122.23,0.2870817311625624,0.08132209768469278,6.433,128.66,112.29,Low,Profitable,Low
ORD-10719,2025-10-05,Sophie Tanaka,Consumer,Spain,Europe,Furniture,Filing Cabinet 3-Drawer,3,145.39,5,414.36,11.97,140.69,PayPal,2025,10,October,4,414.36,0.33953566946616465,0.0288879235447437,21.8085,436.16999999999996,402.39,Medium,Profitable,Low
ORD-10890,2025-10-05,Olga Garcia,Corporate,Mexico,North America,Furniture,Corner L-Shaped Desk,2,301.44,5,572.74,7.89,203.12,Credit Card,2025,10,October,4,572.74,0.3546460872298076,0.013775884345427244,30.144000000000002,602.88,564.85,Low,Profitable,Low
ORD-11052,2025-10-05,Lucas Hassan,Consumer,United Kingdom,Europe,Furniture,Ergonomic Office Chair,4,333.64,5,1267.83,10.24,456.85,Bank Transfer,2025,10,October,4,1267.83,0.3603401086896509,0.008076792629926726,66.728,1334.56,1257.59,Medium,Profitable,Low
ORD-11200,2025-10-05,Sakura Harris,Corporate,China,Asia Pacific,Technology,Smart LED Desk Lamp,15,57.2,0,858.0,28.7,357.4,Credit Card,2025,10,October,4,858.0,0.41655011655011653,0.03344988344988345,0.0,858.0,829.3,High,Profitable,No Discount
ORD-11081,2025-10-07,Amir Williams,Consumer,Mexico,North America,Technology,Wireless Ergonomic Mouse,9,60.42,0,543.78,12.46,232.24,Credit Card,2025,10,October,4,543.78,0.42708448269520766,0.02291367832579352,0.0,543.78,531.3199999999999,High,Profitable,No Discount
ORD-11832,2025-10-07,Giulia Garcia,Corporate,Argentina,South America,Office Supplies,Premium Notebook Set A5,1,9.26,10,8.33,10.71,-6.55,Credit Card,2025,10,October,4,8.33,-0.7863145258103241,1.2857142857142858,0.926,9.26,-2.380000000000001,Low,Loss-Making,Low
ORD-10836,2025-10-09,Jessica Garcia,Consumer,Germany,Europe,Office Supplies,Sticky Notes Multicolor 6-Pack,7,13.9,0,97.3,12.19,41.33,Credit Card,2025,10,October,4,97.3,0.4247687564234327,0.12528263103802673,0.0,97.3,85.11,High,Profitable,No Discount
ORD-10981,2025-10-09,Sophie Leroy,Consumer,Brazil,South America,Technology,Mechanical Gaming Keyboard,1,81.9,10,73.71,10.93,17.73,Credit Card,2025,10,October,4,73.71,0.24053724053724057,0.14828381495048162,8.190000000000001,81.9,62.779999999999994,Low,Profitable,Low
ORD-11230,2025-10-09,Liam Rodriguez,Consumer,France,Europe,Furniture,Floating Wall Shelves Set,2,50.77,0,101.54,11.84,28.78,Cash on Delivery,2025,10,October,4,101.54,0.28343509946818984,0.11660429387433523,0.0,101.54,89.7,Low,Profitable,No Discount
ORD-11975,2025-10-09,Kenji Moreau,Consumer,Canada,North America,Technology,Laptop Stand Adjustable,6,35.76,5,203.83,16.97,68.85,Bank Transfer,2025,10,October,4,203.83,0.33778148457047535,0.08325565422165529,10.728000000000002,214.56,186.86,High,Profitable,Low
ORD-10214,2025-10-10,Felix Robinson,Corporate,China,Asia Pacific,Furniture,Filing Cabinet 3-Drawer,3,164.93,10,445.31,16.37,132.07,Cash on Delivery,2025,10,October,4,445.31,0.29657991062405964,0.036760908131414076,49.479000000000006,494.79,428.94,Medium,Profitable,Low
ORD-11024,2025-10-10,Zara Wang,Corporate,India,Asia Pacific,Technology,Tablet Stand Holder,1,31.71,20,25.37,9.88,-1.95,Credit Card,2025,10,October,4,25.37,-0.07686243594797004,0.38943634213638156,6.3420000000000005,31.71,15.49,Low,Loss-Making,Medium
ORD-11096,2025-10-10,Felix Smith,Consumer,South Africa,Middle East & Africa,Furniture,Floating Wall Shelves Set,2,70.85,10,127.53,12.8,29.71,Credit Card,2025,10,October,4,127.53,0.23296479259782013,0.10036854073551321,14.17,141.7,114.73,Low,Profitable,Low
ORD-11285,2025-10-10,Ivan Davis,Consumer,United States,North America,Technology,USB-C Hub Multiport Adapter,1,46.96,10,42.26,7.43,9.0,PayPal,2025,10,October,4,42.26,0.21296734500709893,0.1758163748225272,4.696000000000001,46.96,34.83,Low,Profitable,Low
ORD-10068,2025-10-11,Amir Tanaka,Home Office,China,Asia Pacific,Clothing & Accessories,Leather Belt Classic,3,35.09,15,89.48,15.75,21.09,PayPal,2025,10,October,4,89.48,0.23569512740277157,0.1760169870362092,15.790500000000002,105.27000000000001,73.73,Medium,Profitable,Medium
ORD-10099,2025-10-11,Robert Khan,Consumer,Argentina,South America,Technology,Tablet Stand Holder,1,31.02,15,26.37,11.99,-2.68,Credit Card,2025,10,October,4,26.37,-0.10163064087978764,0.4546833522942738,4.653,31.02,14.38,Low,Loss-Making,Medium
ORD-10284,2025-10-12,Michael Smith,Corporate,Canada,North America,Clothing & Accessories,Cotton Formal Shirt,2,57.57,5,109.38,7.11,44.7,PayPal,2025,10,October,4,109.38,0.4086670323642348,0.06500274273176083,5.757000000000001,115.14,102.27,Low,Profitable,Low
ORD-10930,2025-10-12,Maria Weber,Consumer,Nigeria,Middle East & Africa,Technology,Laptop Stand Adjustable,4,66.82,0,267.28,19.9,100.38,Credit Card,2025,10,October,4,267.28,0.37556120921879677,0.07445375636037115,0.0,267.28,247.37999999999997,Medium,Profitable,No Discount
ORD-11283,2025-10-13,Li Wang,Corporate,China,Asia Pacific,Clothing & Accessories,Cotton Formal Shirt,3,31.44,0,94.32,11.64,35.52,Cash on Delivery,2025,10,October,4,94.32,0.3765903307888041,0.12340966921119595,0.0,94.32000000000001,82.67999999999999,Medium,Profitable,No Discount
ORD-11051,2025-10-14,Jennifer Dubois,Consumer,China,Asia Pacific,Technology,Laptop Stand Adjustable,1,32.7,0,32.7,10.93,3.79,Credit Card,2025,10,October,4,32.7,0.11590214067278287,0.33425076452599384,0.0,32.7,21.770000000000003,Low,Profitable,No Discount
ORD-11201,2025-10-14,Elizabeth Garcia,Home Office,South Korea,Asia Pacific,Office Supplies,Whiteboard Markers Set 8,1,21.86,20,17.49,11.22,-3.57,Bank Transfer,2025,10,October,4,17.49,-0.20411663807890223,0.6415094339622642,4.372,21.86,6.269999999999998,Low,Loss-Making,Medium
ORD-11266,2025-10-14,Chen Tanaka,Home Office,Japan,Asia Pacific,Office Supplies,Ballpoint Pen Pack 12,1,13.39,5,12.72,9.93,-3.24,PayPal,2025,10,October,4,12.72,-0.25471698113207547,0.7806603773584905,0.6695000000000001,13.39,2.790000000000001,Low,Loss-Making,Low
ORD-11360,2025-10-14,Thomas Smith,Home Office,Canada,North America,Clothing & Accessories,Travel Backpack 30L,5,31.44,0,157.2,11.49,67.11,Cash on Delivery,2025,10,October,4,157.2,0.4269083969465649,0.07309160305343512,0.0,157.20000000000002,145.70999999999998,Medium,Profitable,No Discount
ORD-11842,2025-10-14,Olivia Anderson,Home Office,Mexico,North America,Office Supplies,Ballpoint Pen Pack 12,4,5.03,5,19.11,12.77,-2.71,Credit Card,2025,10,October,4,19.11,-0.14181057038199896,0.6682365253793825,1.006,20.12,6.34,Medium,Loss-Making,Low
ORD-10097,2025-10-15,Sarah Kim,Consumer,United Kingdom,Europe,Office Supplies,Desk Calendar 2025,3,7.81,0,23.43,11.85,1.04,PayPal,2025,10,October,4,23.43,0.04438753734528383,0.5057618437900128,0.0,23.43,11.58,Medium,Profitable,No Discount
ORD-11482,2025-10-16,James Williams,Corporate,Mexico,North America,Furniture,Floating Wall Shelves Set,6,63.63,10,343.6,17.31,97.22,Cash on Delivery,2025,10,October,4,343.6,0.28294528521536666,0.050378346915017455,38.178000000000004,381.78000000000003,326.29,High,Profitable,Low
ORD-11752,2025-10-16,Ahmed Rodriguez,Home Office,South Africa,Middle East & Africa,Furniture,Bookshelf 5-Tier,4,107.74,10,387.86,18.57,110.71,Credit Card,2025,10,October,4,387.86,0.28543804465528794,0.04787810034548548,43.096000000000004,430.96,369.29,Medium,Profitable,Low
ORD-10502,2025-10-17,Sarah Johnson,Consumer,United States,North America,Office Supplies,Desk Calendar 2025,4,11.36,0,45.44,11.98,13.01,Credit Card,2025,10,October,4,45.44,0.2863116197183099,0.2636443661971831,0.0,45.44,33.459999999999994,Medium,Profitable,No Discount
ORD-11192,2025-10-17,Giulia Oliveira,Corporate,Italy,Europe,Clothing & Accessories,Silk Tie Collection,2,31.6,15,53.72,10.11,12.01,Credit Card,2025,10,October,4,53.72,0.22356664184661207,0.18819806403574088,9.48,63.2,43.61,Low,Profitable,Medium
ORD-11691,2025-10-17,Christopher Davis,Consumer,Australia,Asia Pacific,Technology,Webcam HD 1080p,4,46.59,5,177.04,18.99,55.55,Cash on Delivery,2025,10,October,4,177.04,0.313770899231812,0.10726389516493448,9.318000000000001,186.36,158.04999999999998,Medium,Profitable,Low
ORD-10733,2025-10-18,Mary Martinez,Corporate,United Kingdom,Europe,Technology,Webcam HD 1080p,2,40.18,0,80.36,10.31,25.85,Credit Card,2025,10,October,4,80.36,0.3216774514683923,0.1282976605276257,0.0,80.36,70.05,Low,Profitable,No Discount
ORD-10809,2025-10-18,William Rodriguez,Corporate,United States,North America,Technology,Tablet Stand Holder,1,36.62,20,29.3,6.08,3.08,Bank Transfer,2025,10,October,4,29.3,0.10511945392491467,0.2075085324232082,7.324,36.62,23.22,Low,Profitable,Medium
ORD-10125,2025-10-19,Priya Harris,Home Office,United States,North America,Furniture,Floating Wall Shelves Set,5,38.24,10,172.08,9.65,47.71,PayPal,2025,10,October,4,172.08,0.2772547652254765,0.05607856810785681,19.12,191.20000000000002,162.43,Medium,Profitable,Low
ORD-10743,2025-10-19,Liam Smith,Consumer,Germany,Europe,Clothing & Accessories,Cotton Formal Shirt,4,59.6,0,238.4,14.78,104.42,Cash on Delivery,2025,10,October,4,238.4,0.438003355704698,0.06199664429530201,0.0,238.4,223.62,Medium,Profitable,No Discount
ORD-10175,2025-10-20,Jamal Brown,Corporate,Japan,Asia Pacific,Clothing & Accessories,Wool Blend Scarf,6,40.46,0,242.76,18.34,103.04,Credit Card,2025,10,October,4,242.76,0.4244521337946944,0.07554786620530565,0.0,242.76,224.42,High,Profitable,No Discount
ORD-11232,2025-10-20,Felix Fischer,Corporate,Argentina,South America,Office Supplies,Desk Calendar 2025,1,18.81,20,15.05,11.78,-5.19,Cash on Delivery,2025,10,October,4,15.05,-0.34485049833887044,0.7827242524916943,3.762,18.81,3.2700000000000014,Low,Loss-Making,Medium
ORD-10431,2025-10-21,Pierre Wang,Corporate,Spain,Europe,Office Supplies,Whiteboard Markers Set 8,3,7.81,15,19.92,9.35,0.03,Bank Transfer,2025,10,October,4,19.92,0.001506024096385542,0.4693775100401606,3.5145,23.43,10.570000000000002,Medium,Profitable,Medium
ORD-10729,2025-10-21,Layla Smith,Home Office,Australia,Asia Pacific,Technology,Smart LED Desk Lamp,11,61.28,10,606.67,16.64,219.29,PayPal,2025,10,October,4,606.67,0.36146504689534675,0.027428420722963063,67.408,674.08,590.03,High,Profitable,Low
ORD-11215,2025-10-21,Sophie Martinez,Consumer,United States,North America,Clothing & Accessories,Travel Backpack 30L,11,79.5,0,874.5,14.35,422.9,Credit Card,2025,10,October,4,874.5,0.4835906232132647,0.016409376786735277,0.0,874.5,860.15,High,Profitable,No Discount
ORD-11197,2025-10-22,Robert Park,Consumer,United States,North America,Furniture,Monitor Riser Wood,11,43.24,5,451.86,28.8,137.68,Credit Card,2025,10,October,4,451.86,0.30469614482361795,0.06373655557030938,23.782000000000004,475.64000000000004,423.06,High,Profitable,Low
ORD-10216,2025-10-23,Jennifer Brown,Home Office,France,Europe,Office Supplies,Binder Clips Assorted 48pc,1,12.72,10,11.45,8.73,-3.0,Credit Card,2025,10,October,4,11.45,-0.26200873362445415,0.7624454148471617,1.2720000000000002,12.72,2.719999999999999,Low,Loss-Making,Low
ORD-10731,2025-10-24,Ingrid Jackson,Home Office,China,Asia Pacific,Furniture,Folding Table Portable,8,98.63,5,749.59,25.57,250.6,Credit Card,2025,10,October,4,749.59,0.3343160927973959,0.034111981216398295,39.452,789.04,724.02,High,Profitable,Low
ORD-10251,2025-10-25,Pierre Fischer,Consumer,United Kingdom,Europe,Office Supplies,Tape Dispenser Heavy Duty,4,21.61,10,77.8,9.96,28.94,Bank Transfer,2025,10,October,4,77.8,0.3719794344473008,0.12802056555269925,8.644,86.44,67.84,Medium,Profitable,Low
ORD-11679,2025-10-25,Elizabeth Schmidt,Corporate,Canada,North America,Clothing & Accessories,Business Casual Blazer,2,82.5,15,140.25,8.65,49.1,PayPal,2025,10,October,4,140.25,0.3500891265597148,0.06167557932263815,24.75,165.0,131.6,Low,Profitable,Medium
ORD-10019,2025-10-26,Linda Zhang,Consumer,Canada,North America,Clothing & Accessories,Sports Water Bottle 750ml,10,11.46,0,114.6,13.72,43.58,PayPal,2025,10,October,4,114.6,0.38027923211169284,0.11972076788830717,0.0,114.60000000000001,100.88,High,Profitable,No Discount
ORD-11773,2025-10-26,Christopher White,Corporate,Mexico,North America,Clothing & Accessories,Business Casual Blazer,7,147.88,5,983.4,18.01,447.81,PayPal,2025,10,October,4,983.4,0.45536912751677855,0.018314012609314624,51.757999999999996,1035.1599999999999,965.39,High,Profitable,Low
ORD-11593,2025-10-27,Pierre Weber,Consumer,South Korea,Asia Pacific,Technology,Wireless Bluetooth Headphones,1,249.9,10,224.91,10.6,76.86,PayPal,2025,10,October,4,224.91,0.34173669467787116,0.04712996309634965,24.990000000000002,249.9,214.31,Low,Profitable,Low
ORD-11605,2025-10-27,Hans Rossi,Consumer,France,Europe,Technology,Wireless Bluetooth Headphones,8,47.09,10,339.05,20.61,111.24,Bank Transfer,2025,10,October,4,339.05,0.3280932015926854,0.060787494469842204,37.672000000000004,376.72,318.44,High,Profitable,Low
ORD-11010,2025-10-28,Robert Russo,Corporate,India,Asia Pacific,Office Supplies,Premium Notebook Set A5,3,14.48,20,34.75,15.11,0.09,Credit Card,2025,10,October,4,34.75,0.002589928057553957,0.4348201438848921,8.688,43.44,19.64,Medium,Profitable,Medium
ORD-11334,2025-10-28,Layla Rodriguez,Consumer,China,Asia Pacific,Furniture,Monitor Riser Wood,5,44.91,20,179.64,11.97,32.94,PayPal,2025,10,October,4,179.64,0.18336673346693386,0.06663326653306614,44.91,224.54999999999998,167.67,Medium,Profitable,Medium
ORD-11646,2025-10-28,Zara Suzuki,Consumer,South Africa,Middle East & Africa,Office Supplies,Whiteboard Markers Set 8,3,17.76,15,45.29,15.75,5.56,Cash on Delivery,2025,10,October,4,45.29,0.1227644071538971,0.34775888717156106,7.992,53.28,29.54,Medium,Profitable,Medium
ORD-11500,2025-10-29,Ali Yamamoto,Consumer,Brazil,South America,Clothing & Accessories,Cotton Formal Shirt,1,40.55,15,34.47,11.54,2.66,PayPal,2025,10,October,4,34.47,0.07716855236437482,0.3347838700319118,6.0825,40.55,22.93,Low,Profitable,Medium
ORD-11531,2025-10-30,Wei White,Home Office,France,Europe,Furniture,Ergonomic Office Chair,3,414.09,10,1118.04,13.11,359.57,PayPal,2025,10,October,4,1118.04,0.3216074559049766,0.011725877428356768,124.227,1242.27,1104.93,Medium,Profitable,Low
ORD-11972,2025-10-30,Emma Miller,Consumer,Spain,Europe,Clothing & Accessories,Travel Backpack 30L,4,90.28,15,306.95,11.43,114.96,Credit Card,2025,10,October,4,306.95,0.37452353803551064,0.03723733507085845,54.168,361.12,295.52,Medium,Profitable,Medium
ORD-10566,2025-10-31,Giulia Harris,Home Office,Italy,Europe,Technology,Wireless Bluetooth Headphones,2,217.52,10,391.54,8.5,143.77,Bank Transfer,2025,10,October,4,391.54,0.3671910915870665,0.021709148490575675,43.504000000000005,435.04,383.04,Low,Profitable,Low
ORD-11915,2025-10-31,Jamal Rossi,Consumer,United States,North America,Clothing & Accessories,Polarized Sunglasses,4,70.89,0,283.56,8.25,133.53,Cash on Delivery,2025,10,October,4,283.56,0.4709056284384257,0.02909437156157427,0.0,283.56,275.31,Medium,Profitable,No Discount
ORD-11125,2025-11-01,Sophie Schmidt,Home Office,Colombia,South America,Furniture,Mesh Back Task Chair,2,178.05,0,356.1,11.65,130.79,PayPal,2025,11,November,4,356.1,0.3672844706543105,0.032715529345689415,0.0,356.1,344.45000000000005,Low,Profitable,No Discount
ORD-11490,2025-11-01,Wei Jackson,Home Office,United Kingdom,Europe,Furniture,Standing Desk Converter,10,320.82,20,2566.56,27.0,614.64,Bank Transfer,2025,11,November,4,2566.56,0.2394800822891341,0.010519917710865906,641.64,3208.2,2539.56,High,Profitable,Medium
ORD-11608,2025-11-01,Isabella Sato,Consumer,Argentina,South America,Clothing & Accessories,Travel Backpack 30L,6,92.98,0,557.88,18.67,260.27,PayPal,2025,11,November,4,557.88,0.46653402165340213,0.03346597834659784,0.0,557.88,539.21,High,Profitable,No Discount
ORD-11119,2025-11-02,Diego Suzuki,Corporate,Mexico,North America,Technology,USB-C Hub Multiport Adapter,2,61.98,15,105.37,7.76,29.43,Bank Transfer,2025,11,November,4,105.37,0.27930150896839706,0.07364525007117775,18.593999999999998,123.96,97.61,Low,Profitable,Medium
ORD-11743,2025-11-02,Xiao Jackson,Consumer,Mexico,North America,Office Supplies,Premium Notebook Set A5,2,24.23,0,48.46,7.91,18.74,Cash on Delivery,2025,11,November,4,48.46,0.38671068922822943,0.16322740404457284,0.0,48.46,40.55,Low,Profitable,No Discount
ORD-10858,2025-11-03,Hans Sato,Corporate,Spain,Europe,Technology,Wireless Bluetooth Headphones,5,248.6,25,932.25,17.13,231.47,Bank Transfer,2025,11,November,4,932.25,0.24829176722982033,0.018374899436846337,310.75,1243.0,915.12,Medium,Profitable,High
ORD-11256,2025-11-03,Ivan Sato,Consumer,Spain,Europe,Furniture,Corner L-Shaped Desk,2,297.84,15,506.33,8.55,140.37,Bank Transfer,2025,11,November,4,506.33,0.27723026484703656,0.016886220449114215,89.35199999999999,595.68,497.78,Low,Profitable,Medium
ORD-11940,2025-11-03,Hanna Hassan,Home Office,France,Europe,Technology,Portable External SSD 1TB,6,110.54,10,596.92,21.12,211.02,PayPal,2025,11,November,4,596.92,0.3535147088387054,0.03538162567848288,66.324,663.24,575.8,High,Profitable,Low
ORD-11987,2025-11-04,Hanna Ferrari,Consumer,Italy,Europe,Technology,Tablet Stand Holder,1,48.57,15,41.28,8.92,5.65,PayPal,2025,11,November,4,41.28,0.13687015503875968,0.21608527131782945,7.2855,48.57,32.36,Low,Profitable,Medium
ORD-11474,2025-11-05,Fatima Smith,Home Office,Australia,Asia Pacific,Office Supplies,Ballpoint Pen Pack 12,7,12.96,0,90.72,22.05,27.85,PayPal,2025,11,November,4,90.72,0.30698853615520283,0.24305555555555558,0.0,90.72,68.67,High,Profitable,No Discount
ORD-10971,2025-11-06,Priya Costa,Corporate,Canada,North America,Furniture,Monitor Riser Wood,1,79.07,0,79.07,7.11,24.52,Credit Card,2025,11,November,4,79.07,0.3101049702794992,0.08992032376375365,0.0,79.07,71.96,Low,Profitable,No Discount
ORD-11413,2025-11-06,Mary Rossi,Consumer,South Africa,Middle East & Africa,Technology,Webcam HD 1080p,2,41.12,0,82.24,15.15,21.86,Credit Card,2025,11,November,4,82.24,0.26580739299610895,0.18421692607003892,0.0,82.24,67.08999999999999,Low,Profitable,No Discount
ORD-11492,2025-11-06,Hans Wang,Corporate,Mexico,North America,Office Supplies,Sticky Notes Multicolor 6-Pack,1,7.84,15,6.66,6.96,-3.83,Credit Card,2025,11,November,4,6.66,-0.575075075075075,1.045045045045045,1.176,7.84,-0.2999999999999998,Low,Loss-Making,Medium
ORD-11741,2025-11-07,William Ali,Home Office,China,Asia Pacific,Furniture,Folding Table Portable,4,102.08,0,408.32,18.68,144.65,Credit Card,2025,11,November,4,408.32,0.3542564655172414,0.04574843260188088,0.0,408.32,389.64,Medium,Profitable,No Discount
ORD-10139,2025-11-08,Olivia Leroy,Home Office,China,Asia Pacific,Furniture,Ergonomic Office Chair,1,165.86,5,157.57,10.45,47.6,PayPal,2025,11,November,4,157.57,0.3020879609062639,0.0663197309132449,8.293000000000001,165.86,147.12,Low,Profitable,Low
ORD-11028,2025-11-08,Ayumi Singh,Consumer,India,Asia Pacific,Clothing & Accessories,Business Casual Blazer,6,129.18,0,775.08,12.89,374.65,Credit Card,2025,11,November,4,775.08,0.4833694586365278,0.016630541363472157,0.0,775.08,762.19,High,Profitable,No Discount
ORD-11543,2025-11-08,James Rossi,Consumer,France,Europe,Furniture,Monitor Riser Wood,5,72.91,5,346.32,18.06,109.53,Credit Card,2025,11,November,4,346.32,0.3162681912681913,0.05214830214830215,18.2275,364.54999999999995,328.26,Medium,Profitable,Low
ORD-11674,2025-11-08,Mary Fischer,Consumer,Saudi Arabia,Middle East & Africa,Clothing & Accessories,Cotton Formal Shirt,3,53.65,5,152.9,13.46,58.97,Credit Card,2025,11,November,4,152.9,0.3856769130150425,0.0880313930673643,8.0475,160.95,139.44,Medium,Profitable,Low
ORD-11926,2025-11-08,Susan Yamamoto,Home Office,United Kingdom,Europe,Furniture,Mesh Back Task Chair,1,272.64,10,245.38,9.12,72.68,Credit Card,2025,11,November,4,245.38,0.2961936588148994,0.03716684326350966,27.264,272.64,236.26,Low,Profitable,Low
ORD-10839,2025-11-09,Olga Robinson,Corporate,China,Asia Pacific,Technology,Wireless Bluetooth Headphones,2,166.68,15,283.36,11.52,88.49,PayPal,2025,11,November,4,283.36,0.3122882552230378,0.040654997176736304,50.004,333.36,271.84000000000003,Low,Profitable,Medium
ORD-11556,2025-11-09,Susan Jackson,Corporate,United Kingdom,Europe,Furniture,Standing Desk Converter,3,263.77,5,751.74,8.65,268.3,Bank Transfer,2025,11,November,4,751.74,0.3569053130071567,0.011506637933328012,39.5655,791.31,743.09,Medium,Profitable,Low
ORD-11145,2025-11-10,Marco Sato,Consumer,Germany,Europe,Furniture,Floating Wall Shelves Set,4,78.41,0,313.64,10.24,115.22,Credit Card,2025,11,November,4,313.64,0.3673638566509374,0.03264889682438465,0.0,313.64,303.4,Medium,Profitable,No Discount
ORD-11348,2025-11-11,Liam Sharma,Consumer,Colombia,South America,Office Supplies,Highlighters Neon Pack 6,5,6.76,15,28.73,18.0,-4.48,Credit Card,2025,11,November,4,28.73,-0.1559345631743822,0.6265227984684998,5.069999999999999,33.8,10.73,Medium,Loss-Making,Medium
ORD-11970,2025-11-11,Sophie Zhang,Consumer,Mexico,North America,Office Supplies,Paper Clips Box 500pc,2,7.54,0,15.08,6.17,2.12,Credit Card,2025,11,November,4,15.08,0.14058355437665784,0.40915119363395225,0.0,15.08,8.91,Low,Profitable,No Discount
ORD-10831,2025-11-12,Karen Romano,Consumer,India,Asia Pacific,Office Supplies,Tape Dispenser Heavy Duty,4,21.32,20,68.22,14.03,15.81,PayPal,2025,11,November,4,68.22,0.23175021987686897,0.20565816476106713,17.056,85.28,54.19,Medium,Profitable,Medium
ORD-10565,2025-11-13,Thomas Laurent,Home Office,United States,North America,Office Supplies,Tape Dispenser Heavy Duty,4,13.79,0,55.16,14.12,16.22,PayPal,2025,11,November,4,55.16,0.29405366207396666,0.25598259608411894,0.0,55.16,41.04,Medium,Profitable,No Discount
ORD-10678,2025-11-13,Raj Patel,Corporate,Canada,North America,Office Supplies,Binder Clips Assorted 48pc,2,14.04,15,23.87,7.52,3.71,Cash on Delivery,2025,11,November,4,23.87,0.15542521994134897,0.3150397989107666,4.212,28.08,16.35,Low,Profitable,Medium
ORD-10758,2025-11-14,Jessica Thomas,Corporate,Spain,Europe,Office Supplies,Sticky Notes Multicolor 6-Pack,1,13.54,5,12.86,8.16,-1.39,Credit Card,2025,11,November,4,12.86,-0.10808709175738725,0.6345256609642302,0.677,13.54,4.699999999999999,Low,Loss-Making,Low
ORD-11787,2025-11-15,Omar Nilsson,Corporate,Canada,North America,Technology,Smart LED Desk Lamp,3,73.82,5,210.39,11.99,76.6,Cash on Delivery,2025,11,November,4,210.39,0.3640857455202243,0.05698940063691241,11.073,221.45999999999998,198.39999999999998,Medium,Profitable,Low
ORD-10086,2025-11-17,Joseph Zhang,Consumer,France,Europe,Office Supplies,Highlighters Neon Pack 6,9,9.04,0,81.36,25.6,19.15,Cash on Delivery,2025,11,November,4,81.36,0.23537364798426744,0.3146509341199607,0.0,81.35999999999999,55.76,High,Profitable,No Discount
ORD-10682,2025-11-17,Clara Fischer,Corporate,Mexico,North America,Office Supplies,Desk Calendar 2025,3,8.0,5,22.8,12.01,-0.01,PayPal,2025,11,November,4,22.8,-0.0004385964912280702,0.5267543859649123,1.2000000000000002,24.0,10.790000000000001,Medium,Loss-Making,Low
ORD-11102,2025-11-17,William Sato,Corporate,Italy,Europe,Technology,Wireless Ergonomic Mouse,7,41.83,5,278.17,10.79,106.33,PayPal,2025,11,November,4,278.17,0.3822482654491857,0.03878922960779379,14.640500000000001,292.81,267.38,High,Profitable,Low
ORD-11407,2025-11-17,Emma Thompson,Corporate,Mexico,North America,Office Supplies,Premium Notebook Set A5,3,17.07,30,35.85,12.2,0.61,PayPal,2025,11,November,4,35.85,0.01701534170153417,0.34030683403068335,15.363,51.21,23.650000000000002,Medium,Profitable,High
ORD-10303,2025-11-18,Diego Williams,Consumer,India,Asia Pacific,Technology,Laptop Stand Adjustable,9,34.21,5,292.5,13.63,109.53,Credit Card,2025,11,November,4,292.5,0.37446153846153846,0.0465982905982906,15.3945,307.89,278.87,High,Profitable,Low
ORD-10773,2025-11-18,Susan Ali,Consumer,South Korea,Asia Pacific,Clothing & Accessories,Canvas Messenger Bag,4,71.05,15,241.57,11.85,87.62,Credit Card,2025,11,November,4,241.57,0.36271060148197215,0.04905410440038084,42.629999999999995,284.2,229.72,Medium,Profitable,Medium
ORD-10902,2025-11-18,Olga Davis,Corporate,India,Asia Pacific,Furniture,Filing Cabinet 3-Drawer,1,198.02,10,178.22,9.93,49.48,Cash on Delivery,2025,11,November,4,178.22,0.27763438446863425,0.05571765233980473,19.802000000000003,198.02,168.29,Low,Profitable,Low
ORD-11222,2025-11-18,Fatima Fischer,Corporate,Mexico,North America,Furniture,Mesh Back Task Chair,2,280.54,30,392.76,6.47,49.64,Cash on Delivery,2025,11,November,4,392.76,0.1263876158468276,0.01647316427334759,168.324,561.08,386.28999999999996,Low,Profitable,High
ORD-10062,2025-11-19,Liam Martin,Consumer,Argentina,South America,Clothing & Accessories,Business Casual Blazer,3,112.34,5,320.17,12.63,139.03,Credit Card,2025,11,November,4,320.17,0.4342380610300777,0.03944779335977762,16.851,337.02,307.54,Medium,Profitable,Low
ORD-11274,2025-11-19,Kenji Hassan,Corporate,India,Asia Pacific,Furniture,Filing Cabinet 3-Drawer,2,188.36,0,376.72,13.35,137.34,Bank Transfer,2025,11,November,4,376.72,0.36456784880016985,0.035437460182629006,0.0,376.72,363.37,Low,Profitable,No Discount
ORD-11131,2025-11-20,Xiao Ferrari,Home Office,Mexico,North America,Technology,Tablet Stand Holder,2,23.95,5,45.5,7.35,11.8,Credit Card,2025,11,November,4,45.5,0.25934065934065936,0.16153846153846152,2.395,47.9,38.15,Low,Profitable,Low
ORD-11367,2025-11-20,Jamal Park,Consumer,UAE,Middle East & Africa,Clothing & Accessories,Leather Wallet Minimalist,2,25.11,5,47.71,12.85,9.75,Bank Transfer,2025,11,November,4,47.71,0.20435967302452315,0.2693355690630895,2.511,50.22,34.86,Low,Profitable,Low
ORD-11896,2025-11-20,Noah Thomas,Corporate,India,Asia Pacific,Office Supplies,Highlighters Neon Pack 6,2,7.1,10,12.78,10.79,-4.4,PayPal,2025,11,November,4,12.78,-0.34428794992175277,0.8442879499217527,1.42,14.2,1.9900000000000002,Low,Loss-Making,Low
ORD-10749,2025-11-21,Jessica Hassan,Home Office,Argentina,South America,Office Supplies,Tape Dispenser Heavy Duty,7,12.82,5,85.25,25.24,19.63,Bank Transfer,2025,11,November,4,85.25,0.23026392961876832,0.2960703812316715,4.487000000000001,89.74000000000001,60.010000000000005,High,Profitable,Low
ORD-10414,2025-11-23,Layla Park,Consumer,Japan,Asia Pacific,Office Supplies,Desk Calendar 2025,1,8.87,5,8.43,11.23,-6.79,Credit Card,2025,11,November,4,8.43,-0.8054567022538554,1.33214709371293,0.4435,8.87,-2.8000000000000007,Low,Loss-Making,Low
ORD-10921,2025-11-24,Christopher Romano,Consumer,Spain,Europe,Furniture,Folding Table Portable,11,121.0,10,1197.9,25.42,373.88,PayPal,2025,11,November,4,1197.9,0.3121128641789799,0.021220469154353452,133.1,1331.0,1172.48,High,Profitable,Low
ORD-11805,2025-11-24,Joseph Martin,Corporate,South Korea,Asia Pacific,Furniture,Desk Organizer Set,1,24.61,15,20.92,10.08,-3.93,PayPal,2025,11,November,4,20.92,-0.1878585086042065,0.4818355640535372,3.6914999999999996,24.61,10.840000000000002,Low,Loss-Making,Medium
ORD-10013,2025-11-25,Layla Yamamoto,Home Office,Australia,Asia Pacific,Furniture,Filing Cabinet 3-Drawer,2,118.2,10,212.76,10.92,60.0,Credit Card,2025,11,November,4,212.76,0.2820078962210942,0.05132543711223914,23.64,236.4,201.84,Low,Profitable,Low
ORD-10333,2025-11-26,Clara Hassan,Corporate,Germany,Europe,Technology,Laptop Stand Adjustable,3,75.55,15,192.65,11.85,56.14,PayPal,2025,11,November,4,192.65,0.29140929146119904,0.061510511289903966,33.997499999999995,226.64999999999998,180.8,Medium,Profitable,Medium
ORD-11183,2025-11-26,Sarah Nilsson,Corporate,Japan,Asia Pacific,Technology,Wireless Ergonomic Mouse,4,23.57,10,84.85,16.9,16.1,Credit Card,2025,11,November,4,84.85,0.18974661166764883,0.1991750147318798,9.428,94.28,67.94999999999999,Medium,Profitable,Low
ORD-11710,2025-11-26,Felix Singh,Consumer,Japan,Asia Pacific,Clothing & Accessories,Business Casual Blazer,1,45.56,0,45.56,11.16,11.62,Credit Card,2025,11,November,4,45.56,0.25504828797190515,0.24495171202809482,0.0,45.56,34.400000000000006,Low,Profitable,No Discount
ORD-10130,2025-11-27,Thomas Suzuki,Corporate,UAE,Middle East & Africa,Technology,USB-C Hub Multiport Adapter,8,27.29,5,207.4,30.16,57.16,PayPal,2025,11,November,4,207.4,0.275602700096432,0.14541947926711668,10.916,218.32,177.24,High,Profitable,Low
ORD-10593,2025-11-27,Emma Suzuki,Home Office,United Kingdom,Europe,Furniture,Desk Organizer Set,1,38.28,10,34.45,7.59,3.89,Cash on Delivery,2025,11,November,4,34.45,0.11291727140783744,0.22031930333817124,3.8280000000000003,38.28,26.860000000000003,Low,Profitable,Low
ORD-10060,2025-11-28,Raj Rossi,Consumer,Australia,Asia Pacific,Office Supplies,Paper Clips Box 500pc,3,4.27,10,11.53,13.45,-7.68,Credit Card,2025,11,November,4,11.53,-0.6660884648742411,1.1665221162185604,1.281,12.809999999999999,-1.92,Medium,Loss-Making,Low
ORD-10190,2025-11-28,Olga Miller,Consumer,Mexico,North America,Office Supplies,Stapler Full-Size,2,9.87,5,18.75,8.72,1.15,PayPal,2025,11,November,4,18.75,0.06133333333333333,0.4650666666666667,0.987,19.74,10.03,Low,Profitable,Low
ORD-11163,2025-11-28,Jessica Pereira,Consumer,Argentina,South America,Office Supplies,Highlighters Neon Pack 6,6,10.63,0,63.78,17.67,17.41,Credit Card,2025,11,November,4,63.78,0.2729695829413609,0.2770460959548448,0.0,63.78,46.11,High,Profitable,No Discount
ORD-10933,2025-11-29,Raj White,Home Office,France,Europe,Office Supplies,Whiteboard Markers Set 8,2,13.2,5,25.08,9.67,3.53,Bank Transfer,2025,11,November,4,25.08,0.14074960127591707,0.38556618819776717,1.32,26.4,15.409999999999998,Low,Profitable,Low
ORD-11172,2025-11-29,Kenji Wang,Consumer,China,Asia Pacific,Technology,Tablet Stand Holder,13,31.37,10,367.03,38.63,104.1,Cash on Delivery,2025,11,November,4,367.03,0.2836280413045255,0.10525025202299541,40.781000000000006,407.81,328.4,High,Profitable,Low
ORD-10957,2025-11-30,Omar Ali,Corporate,Spain,Europe,Furniture,Monitor Riser Wood,1,66.79,10,60.11,8.82,11.22,PayPal,2025,11,November,4,60.11,0.18665779404425223,0.14673099317917151,6.679000000000001,66.79,51.29,Low,Profitable,Low
ORD-11123,2025-12-01,Emma Laurent,Consumer,South Korea,Asia Pacific,Office Supplies,Stapler Full-Size,1,17.12,15,14.55,10.37,-3.52,Credit Card,2025,12,December,4,14.55,-0.24192439862542955,0.7127147766323023,2.568,17.12,4.1800000000000015,Low,Loss-Making,Medium
ORD-11889,2025-12-01,Mary Yamamoto,Consumer,China,Asia Pacific,Furniture,Ergonomic Office Chair,12,189.49,15,1932.8,34.81,533.66,Credit Card,2025,12,December,4,1932.8,0.276107201986755,0.01801014072847682,341.082,2273.88,1897.99,High,Profitable,Medium
ORD-10472,2025-12-02,Joseph Chen,Consumer,United States,North America,Clothing & Accessories,Business Casual Blazer,10,72.25,5,686.38,12.64,312.49,Credit Card,2025,12,December,4,686.38,0.4552725895276669,0.018415454995774936,36.125,722.5,673.74,High,Profitable,Low
ORD-11151,2025-12-02,James Khan,Home Office,United States,North America,Office Supplies,Ballpoint Pen Pack 12,3,12.71,10,34.32,9.81,7.35,Bank Transfer,2025,12,December,4,34.32,0.21416083916083914,0.28583916083916083,3.8130000000000006,38.13,24.509999999999998,Medium,Profitable,Low
ORD-11843,2025-12-02,Xiao Romano,Corporate,India,Asia Pacific,Furniture,Desk Organizer Set,4,34.17,10,123.01,18.86,22.14,PayPal,2025,12,December,4,123.01,0.17998536704332982,0.15332086822209576,13.668000000000001,136.68,104.15,Medium,Profitable,Low
ORD-11927,2025-12-02,Pierre Suzuki,Corporate,Colombia,South America,Office Supplies,Desk Calendar 2025,2,12.44,10,22.39,11.74,-0.55,PayPal,2025,12,December,4,22.39,-0.02456453774006253,0.5243412237606074,2.488,24.88,10.65,Low,Loss-Making,Low
ORD-11648,2025-12-03,Lucas Clark,Home Office,South Africa,Middle East & Africa,Furniture,Floating Wall Shelves Set,1,41.13,5,39.07,13.01,1.38,PayPal,2025,12,December,4,39.07,0.03532121832608139,0.3329920655234195,2.0565,41.13,26.060000000000002,Low,Profitable,Low
ORD-10518,2025-12-04,Sarah Harris,Consumer,Japan,Asia Pacific,Office Supplies,Stapler Full-Size,8,19.35,0,154.8,27.15,57.99,Credit Card,2025,12,December,4,154.8,0.3746124031007752,0.17538759689922478,0.0,154.8,127.65,High,Profitable,No Discount
ORD-11251,2025-12-04,Joseph Fischer,Corporate,United States,North America,Clothing & Accessories,Wool Blend Scarf,2,41.19,0,82.38,9.35,31.84,Credit Card,2025,12,December,4,82.38,0.3865015780529255,0.11349842194707453,0.0,82.38,73.03,Low,Profitable,No Discount
ORD-10327,2025-12-06,Oscar Martin,Consumer,Japan,Asia Pacific,Technology,Wireless Bluetooth Headphones,1,121.88,15,103.6,10.32,26.25,Credit Card,2025,12,December,4,103.6,0.2533783783783784,0.09961389961389962,18.282,121.88,93.28,Low,Profitable,Medium
ORD-10572,2025-12-06,Oscar Davis,Consumer,Japan,Asia Pacific,Technology,Webcam HD 1080p,2,48.3,0,96.6,10.11,33.36,Credit Card,2025,12,December,4,96.6,0.3453416149068323,0.1046583850931677,0.0,96.6,86.49,Low,Profitable,No Discount
ORD-10864,2025-12-06,Olga Robinson,Corporate,South Africa,Middle East & Africa,Furniture,Desk Organizer Set,1,40.37,5,38.35,12.87,1.26,Bank Transfer,2025,12,December,4,38.35,0.03285528031290743,0.33559322033898303,2.0185,40.37,25.480000000000004,Low,Profitable,Low
ORD-11604,2025-12-06,Mary Jackson,Consumer,Mexico,North America,Office Supplies,Desk Calendar 2025,1,9.95,10,8.96,5.73,-1.25,PayPal,2025,12,December,4,8.96,-0.13950892857142855,0.6395089285714286,0.995,9.95,3.2300000000000004,Low,Loss-Making,Low
ORD-11933,2025-12-06,Maria Martin,Consumer,China,Asia Pacific,Clothing & Accessories,Sports Water Bottle 750ml,3,26.38,10,71.23,16.45,15.21,PayPal,2025,12,December,4,71.23,0.21353362347325566,0.23094201881229817,7.914000000000001,79.14,54.78,Medium,Profitable,Low
ORD-10276,2025-12-07,Susan Weber,Consumer,Canada,North America,Clothing & Accessories,Wool Blend Scarf,2,46.65,0,93.3,7.99,38.66,Credit Card,2025,12,December,4,93.3,0.4143622722400857,0.08563772775991425,0.0,93.3,85.31,Low,Profitable,No Discount
ORD-10353,2025-12-07,Lucas Sato,Consumer,United Kingdom,Europe,Clothing & Accessories,Leather Belt Classic,3,28.76,0,86.28,14.03,29.11,Cash on Delivery,2025,12,December,4,86.28,0.33738989337042186,0.16261010662957812,0.0,86.28,72.25,Medium,Profitable,No Discount
ORD-11374,2025-12-07,Robert Martinez,Consumer,Canada,North America,Technology,Wireless Bluetooth Headphones,4,128.26,20,410.43,9.52,118.74,Cash on Delivery,2025,12,December,4,410.43,0.28930633725604854,0.023195185537119606,102.608,513.04,400.91,Medium,Profitable,Medium
ORD-11779,2025-12-07,Richard Martinez,Home Office,South Korea,Asia Pacific,Office Supplies,Ballpoint Pen Pack 12,1,11.64,15,9.89,10.8,-6.15,PayPal,2025,12,December,4,9.89,-0.621840242669363,1.0920121334681496,1.746,11.64,-0.9100000000000001,Low,Loss-Making,Medium
ORD-10352,2025-12-08,Chen Patel,Corporate,Nigeria,Middle East & Africa,Office Supplies,Tape Dispenser Heavy Duty,2,13.26,10,23.87,15.22,-3.28,PayPal,2025,12,December,4,23.87,-0.13741097612065353,0.637620444072057,2.652,26.52,8.65,Low,Loss-Making,Low
ORD-11596,2025-12-08,Richard Romano,Corporate,Nigeria,Middle East & Africa,Furniture,Desk Organizer Set,4,56.46,0,225.84,20.67,69.67,Credit Card,2025,12,December,4,225.84,0.30849273822174994,0.0915249734325186,0.0,225.84,205.17000000000002,Medium,Profitable,No Discount
ORD-10173,2025-12-09,Olga Nilsson,Home Office,United States,North America,Technology,Mechanical Gaming Keyboard,2,130.57,5,248.08,9.18,95.27,Credit Card,2025,12,December,4,248.08,0.3840293453724605,0.03700419219606578,13.057,261.14,238.9,Low,Profitable,Low
ORD-10272,2025-12-09,Jennifer Clark,Home Office,Spain,Europe,Furniture,Bookshelf 5-Tier,7,107.98,5,718.07,13.14,251.41,Cash on Delivery,2025,12,December,4,718.07,0.3501190691715292,0.018299051624493433,37.793,755.86,704.9300000000001,High,Profitable,Low
ORD-10888,2025-12-09,Ahmed Dubois,Consumer,Spain,Europe,Technology,Tablet Stand Holder,1,45.07,5,42.82,9.42,8.61,Cash on Delivery,2025,12,December,4,42.82,0.20107426436244744,0.21999065857076133,2.2535000000000003,45.07,33.4,Low,Profitable,Low
ORD-11404,2025-12-10,Karen Garcia,Corporate,South Africa,Middle East & Africa,Technology,Portable External SSD 1TB,1,87.05,25,65.29,12.28,5.13,Credit Card,2025,12,December,4,65.29,0.07857252259151477,0.1880839332210139,21.7625,87.05,53.010000000000005,Low,Profitable,High
ORD-11693,2025-12-10,Carlos Rodriguez,Corporate,Brazil,South America,Furniture,Bookshelf 5-Tier,3,194.57,0,583.71,13.8,219.68,Credit Card,2025,12,December,4,583.71,0.3763512703225917,0.02364187695944904,0.0,583.71,569.9100000000001,Medium,Profitable,No Discount
ORD-10922,2025-12-11,Mia Tanaka,Home Office,Germany,Europe,Furniture,Corner L-Shaped Desk,1,416.05,20,332.84,8.18,75.03,Credit Card,2025,12,December,4,332.84,0.22542362696791254,0.02457637303208749,83.21000000000001,416.05,324.65999999999997,Low,Profitable,Medium
ORD-10963,2025-12-11,Ava Laurent,Corporate,Mexico,North America,Technology,Noise Cancelling Earbuds,1,98.02,25,73.52,6.56,13.05,Credit Card,2025,12,December,4,73.52,0.17750272034820458,0.08922742110990206,24.505,98.02,66.96,Low,Profitable,High
ORD-10155,2025-12-12,Li Kim,Consumer,Japan,Asia Pacific,Furniture,Desk Organizer Set,3,18.51,0,55.53,13.79,8.42,PayPal,2025,12,December,4,55.53,0.15162974968485504,0.24833423374752384,0.0,55.53,41.74,Medium,Profitable,No Discount
ORD-11255,2025-12-14,Amina Smith,Consumer,Mexico,North America,Office Supplies,Whiteboard Markers Set 8,7,12.44,20,69.66,16.3,14.17,Cash on Delivery,2025,12,December,4,69.66,0.20341659488946312,0.23399368360608672,17.416,87.08,53.36,High,Profitable,Medium
ORD-10096,2025-12-15,Olga Davis,Consumer,Australia,Asia Pacific,Office Supplies,Premium Notebook Set A5,12,11.75,0,141.0,19.91,57.64,Cash on Delivery,2025,12,December,4,141.0,0.40879432624113476,0.14120567375886525,0.0,141.0,121.09,High,Profitable,No Discount
ORD-10760,2025-12-15,Marco Taylor,Consumer,South Africa,Middle East & Africa,Furniture,Filing Cabinet 3-Drawer,3,242.14,15,617.46,15.04,166.57,Bank Transfer,2025,12,December,4,617.46,0.2697664626048651,0.024357853140284387,108.963,726.42,602.4200000000001,Medium,Profitable,Medium
ORD-11898,2025-12-15,Xiao Johansson,Home Office,Mexico,North America,Office Supplies,Sticky Notes Multicolor 6-Pack,1,9.32,0,9.32,6.23,-1.1,Cash on Delivery,2025,12,December,4,9.32,-0.11802575107296139,0.6684549356223176,0.0,9.32,3.09,Low,Loss-Making,No Discount
ORD-10723,2025-12-16,Hanna Martinez,Corporate,Germany,Europe,Office Supplies,Paper Clips Box 500pc,4,6.29,10,22.64,14.16,-2.84,Credit Card,2025,12,December,4,22.64,-0.1254416961130742,0.6254416961130742,2.516,25.16,8.48,Medium,Loss-Making,Low
ORD-10943,2025-12-16,Noah Jones,Consumer,Australia,Asia Pacific,Office Supplies,Binder Clips Assorted 48pc,2,14.78,0,29.56,12.49,3.77,Credit Card,2025,12,December,4,29.56,0.12753721244925575,0.4225304465493911,0.0,29.56,17.07,Low,Profitable,No Discount
ORD-11342,2025-12-16,Nadia Nilsson,Corporate,South Korea,Asia Pacific,Furniture,Bookshelf 5-Tier,5,183.87,10,827.42,14.56,261.25,Cash on Delivery,2025,12,December,4,827.42,0.315740494549322,0.01759686737086365,91.935,919.35,812.86,Medium,Profitable,Low
ORD-10142,2025-12-17,Ingrid Li,Consumer,Spain,Europe,Technology,Tablet Stand Holder,1,52.93,0,52.93,8.13,15.69,Credit Card,2025,12,December,4,52.93,0.2964292461741923,0.15359909314188552,0.0,52.93,44.8,Low,Profitable,No Discount
ORD-10186,2025-12-17,Sophie Khan,Consumer,Nigeria,Middle East & Africa,Technology,Noise Cancelling Earbuds,5,68.79,0,343.95,20.77,134.01,Cash on Delivery,2025,12,December,4,343.95,0.3896205843872656,0.060386684111062655,0.0,343.95000000000005,323.18,Medium,Profitable,No Discount
ORD-11009,2025-12-18,Kenji Johnson,Home Office,United States,North America,Technology,USB-C Hub Multiport Adapter,10,26.45,0,264.5,23.7,95.32,PayPal,2025,12,December,4,264.5,0.3603780718336484,0.08960302457466919,0.0,264.5,240.8,High,Profitable,No Discount
ORD-11254,2025-12-19,Barbara Williams,Corporate,Canada,North America,Clothing & Accessories,Cotton Formal Shirt,3,54.8,10,147.96,10.13,55.63,Bank Transfer,2025,12,December,4,147.96,0.37597999459313325,0.06846444985131117,16.439999999999998,164.39999999999998,137.83,Medium,Profitable,Low
ORD-11692,2025-12-19,Ingrid Suzuki,Consumer,Italy,Europe,Furniture,Folding Table Portable,2,46.63,5,88.6,11.27,21.37,Cash on Delivery,2025,12,December,4,88.6,0.24119638826185105,0.12720090293453726,4.663,93.26,77.33,Low,Profitable,Low
ORD-10268,2025-12-21,Elizabeth Fischer,Home Office,Italy,Europe,Technology,Wireless Bluetooth Headphones,1,223.52,20,178.82,8.19,47.69,Cash on Delivery,2025,12,December,4,178.82,0.26669276367296724,0.045800246057487976,44.70400000000001,223.52,170.63,Low,Profitable,Medium
ORD-11168,2025-12-21,Pierre Robinson,Consumer,Mexico,North America,Clothing & Accessories,Leather Wallet Minimalist,1,63.87,20,51.1,6.15,13.02,PayPal,2025,12,December,4,51.1,0.2547945205479452,0.1203522504892368,12.774000000000001,63.87,44.95,Low,Profitable,Medium
ORD-10378,2025-12-22,Ingrid Zhang,Corporate,Japan,Asia Pacific,Technology,Noise Cancelling Earbuds,2,130.39,15,221.66,10.61,67.62,PayPal,2025,12,December,4,221.66,0.30506180637011643,0.047866101236127404,39.117,260.78,211.05,Low,Profitable,Medium
ORD-11034,2025-12-22,Ali Jackson,Consumer,Saudi Arabia,Middle East & Africa,Technology,Portable External SSD 1TB,1,85.33,0,85.33,12.49,25.91,Cash on Delivery,2025,12,December,4,85.33,0.3036446736200633,0.14637290519160906,0.0,85.33,72.84,Low,Profitable,No Discount
ORD-10077,2025-12-23,Carlos Thomas,Consumer,France,Europe,Furniture,Monitor Riser Wood,2,70.68,15,120.16,9.93,25.41,Bank Transfer,2025,12,December,4,120.16,0.21146804260985352,0.0826398135818908,21.204,141.36,110.22999999999999,Low,Profitable,Medium
ORD-10938,2025-12-23,Kenji Harris,Consumer,France,Europe,Clothing & Accessories,Business Casual Blazer,5,55.45,15,235.66,16.49,80.55,Bank Transfer,2025,12,December,4,235.66,0.341805991682933,0.06997369091063396,41.5875,277.25,219.17,Medium,Profitable,Medium
ORD-11286,2025-12-23,Robert Sato,Consumer,Canada,North America,Office Supplies,Ballpoint Pen Pack 12,2,9.45,15,16.06,9.31,-1.76,PayPal,2025,12,December,4,16.06,-0.10958904109589042,0.5797011207970113,2.8349999999999995,18.9,6.749999999999998,Low,Loss-Making,Medium
ORD-11409,2025-12-24,Chen Taylor,Home Office,India,Asia Pacific,Technology,Mechanical Gaming Keyboard,1,83.9,15,71.31,11.12,14.04,Credit Card,2025,12,December,4,71.31,0.19688683214135463,0.1559388585051185,12.585,83.9,60.190000000000005,Low,Profitable,Medium
ORD-11612,2025-12-24,Xiao Davis,Consumer,Nigeria,Middle East & Africa,Clothing & Accessories,Silk Tie Collection,4,30.28,0,121.12,16.89,43.67,Credit Card,2025,12,December,4,121.12,0.36055151915455746,0.13944848084544254,0.0,121.12,104.23,Medium,Profitable,No Discount
ORD-10577,2025-12-25,Yuki Kim,Consumer,UAE,Middle East & Africa,Technology,Wireless Bluetooth Headphones,1,101.37,15,86.16,13.18,17.23,PayPal,2025,12,December,4,86.16,0.19997678737233057,0.1529712163416899,15.2055,101.37,72.97999999999999,Low,Profitable,Medium
ORD-11570,2025-12-25,Isabella Thomas,Home Office,South Korea,Asia Pacific,Clothing & Accessories,Travel Backpack 30L,5,88.14,10,396.63,15.38,160.9,PayPal,2025,12,December,4,396.63,0.40566775080049416,0.03877669364395028,44.07,440.7,381.25,Medium,Profitable,Low
ORD-10592,2025-12-27,Priya Thomas,Home Office,Mexico,North America,Office Supplies,Tape Dispenser Heavy Duty,1,23.01,5,21.86,6.85,4.66,PayPal,2025,12,December,4,21.86,0.2131747483989021,0.31335773101555353,1.1505,23.01,15.01,Low,Profitable,Low
ORD-10419,2025-12-28,Ayumi Russo,Consumer,Germany,Europe,Technology,Wireless Ergonomic Mouse,1,48.39,15,41.13,8.9,5.62,Credit Card,2025,12,December,4,41.13,0.13663992219790908,0.21638706540238267,7.2585,48.39,32.230000000000004,Low,Profitable,Medium
ORD-10766,2025-12-28,Xiao Robinson,Consumer,Brazil,South America,Clothing & Accessories,Business Casual Blazer,1,77.11,5,73.25,12.16,22.54,PayPal,2025,12,December,4,73.25,0.3077133105802048,0.16600682593856655,3.8555,77.11,61.09,Low,Profitable,Low
ORD-10372,2025-12-29,Maria Leroy,Consumer,Germany,Europe,Clothing & Accessories,Leather Wallet Minimalist,7,61.68,10,388.58,24.46,148.24,Bank Transfer,2025,12,December,4,388.58,0.3814915847444542,0.06294714087189254,43.176,431.76,364.12,High,Profitable,Low
ORD-10675,2025-12-29,Sophie Clark,Consumer,Argentina,South America,Furniture,Folding Table Portable,2,84.14,20,134.62,14.99,18.66,PayPal,2025,12,December,4,134.62,0.13861239043232804,0.11135046798395483,33.656,168.28,119.63000000000001,Low,Profitable,Medium
ORD-10188,2025-12-30,Elizabeth Müller,Home Office,Italy,Europe,Furniture,Mesh Back Task Chair,5,204.17,5,969.81,18.46,338.84,PayPal,2025,12,December,4,969.81,0.34938802445839906,0.019034656272878196,51.0425,1020.8499999999999,951.3499999999999,Medium,Profitable,Low
ORD-11353,2025-12-30,Hanna Leroy,Consumer,Australia,Asia Pacific,Office Supplies,Stapler Full-Size,1,15.08,10,13.57,11.07,-4.29,PayPal,2025,12,December,4,13.57,-0.316138540899042,0.8157700810611643,1.508,15.08,2.5,Low,Loss-Making,Low
ORD-11814,2025-12-30,Jennifer Oliveira,Consumer,India,Asia Pacific,Furniture,Filing Cabinet 3-Drawer,1,177.9,10,160.11,10.23,43.14,PayPal,2025,12,December,4,160.11,0.26943976016488663,0.0638935731684467,17.790000000000003,177.9,149.88000000000002,Low,Profitable,Low
ORD-10823,2025-12-31,Linda Nilsson,Consumer,France,Europe,Furniture,Folding Table Portable,5,104.73,0,523.65,19.1,190.36,PayPal,2025,12,December,4,523.65,0.36352525541869574,0.036474744581304314,0.0,523.65,504.54999999999995,Medium,Profitable,No Discount
ORD-10896,2025-12-31,Ayumi Dubois,Consumer,France,Europe,Clothing & Accessories,Cotton Formal Shirt,11,59.27,5,619.37,20.94,272.44,PayPal,2025,12,December,4,619.37,0.4398663157724785,0.033808547394933566,32.5985,651.97,598.43,High,Profitable,Low
ORD-11148,2025-12-31,Barbara Jones,Consumer,Spain,Europe,Technology,Webcam HD 1080p,6,31.79,15,162.13,15.19,42.03,Bank Transfer,2025,12,December,4,162.13,0.25923641522235247,0.09369024856596558,28.611,190.74,146.94,High,Profitable,Medium
ORD-11519,2025-12-31,Maria Suzuki,Home Office,Spain,Europe,Clothing & Accessories,Sports Water Bottle 750ml,5,9.5,5,45.12,14.25,7.12,Credit Card,2025,12,December,4,45.12,0.15780141843971632,0.3158244680851064,2.375,47.5,30.869999999999997,Medium,Profitable,Low
ORD-11701,2025-12-31,Susan Russo,Home Office,South Korea,Asia Pacific,Clothing & Accessories,Sports Water Bottle 750ml,11,28.27,0,310.97,36.23,119.26,Credit Card,2025,12,December,4,310.97,0.38350966331157343,0.11650641540984659,0.0,310.96999999999997,274.74,High,Profitable,No Discount
